TIME,TEMP,HUM,SOIL,PUMP,FAN,LED
2026-05-25 11:20:29.908795,23.0,70.0,100,0,0,0
2026-05-25 11:20:30.737822,23.0,70.0,100,0,0,0
2026-05-25 11:20:32.567486,23.0,70.0,100,0,0,0
2026-05-25 11:20:33.229884,23.0,70.0,100,0,0,0
2026-05-25 11:20:34.352006,23.0,70.0,100,0,0,0
2026-05-25 11:20:35.216783,23.0,70.0,100,0,0,0
2026-05-25 11:20:36.271150,23.0,70.0,100,0,0,0
2026-05-25 11:20:37.193678,23.0,70.0,100,0,0,0
2026-05-25 11:20:38.214275,23.0,70.0,100,0,0,0
2026-05-25 11:20:39.260771,23.0,70.0,100,0,0,0
2026-05-25 11:20:40.311482,23.0,70.0,100,0,0,0
2026-05-25 11:20:41.234186,23.0,70.0,100,0,0,0
2026-05-25 11:20:42.253790,23.0,70.0,100,0,0,0
2026-05-25 11:20:43.285761,23.0,70.0,100,0,0,0
2026-05-25 11:20:44.290379,23.0,70.0,100,0,0,0
2026-05-25 11:20:45.342639,23.0,70.0,100,0,0,0
2026-05-25 11:20:46.283101,23.0,70.0,100,0,0,0
2026-05-25 11:20:47.293179,23.0,70.0,100,0,0,0
2026-05-25 11:20:48.297990,23.0,70.0,100,0,0,0
2026-05-25 11:20:49.320454,23.0,70.0,100,0,0,0
2026-05-25 11:20:50.325020,23.0,70.0,100,0,0,0
2026-05-25 11:20:51.314340,23.0,70.0,100,0,0,0
2026-05-25 11:20:52.341351,23.0,70.0,100,0,0,0
2026-05-25 11:20:53.360217,23.0,70.0,100,0,0,0
2026-05-25 11:20:54.358224,23.0,70.0,100,0,0,0
2026-05-25 11:20:55.411684,23.0,70.0,100,0,0,0
2026-05-25 11:20:56.426621,23.0,70.0,100,0,0,0
2026-05-25 11:20:57.425859,23.0,70.0,100,0,0,0
2026-05-25 11:20:58.434944,23.0,70.0,100,0,0,0
2026-05-25 11:20:59.480691,23.0,70.0,100,0,0,0
2026-05-25 11:21:00.490254,23.0,70.0,100,0,0,0
2026-05-25 11:21:01.496433,23.0,70.0,100,0,0,0
2026-05-25 11:21:02.562384,23.0,70.0,100,0,0,0
2026-05-25 11:21:03.535617,23.0,70.0,100,0,0,0
2026-05-25 11:21:04.738073,23.0,70.0,100,0,0,0
2026-05-25 11:21:06.754184,23.0,70.0,100,0,0,0
2026-05-25 11:21:06.808219,23.0,70.0,100,0,0,0
2026-05-25 11:21:07.825977,23.0,70.0,100,0,0,0
2026-05-25 11:21:09.120479,23.0,70.0,100,0,0,0
2026-05-25 11:21:09.975839,23.0,70.0,100,0,0,0
2026-05-25 11:21:17.719938,23.0,70.0,100,0,0,0
2026-05-25 11:21:17.810087,23.0,70.0,100,0,0,0
2026-05-25 11:21:17.999699,23.0,70.0,100,0,0,0
2026-05-25 11:21:23.971413,23.0,70.0,100,0,0,0
2026-05-25 11:21:25.325684,23.0,70.0,100,0,0,0
2026-05-25 11:21:26.559864,23.0,70.0,100,0,0,0
2026-05-25 11:21:27.056904,23.0,70.0,100,0,0,0
2026-05-25 11:21:32.405041,23.0,70.0,100,0,0,0
2026-05-25 11:21:33.250158,23.0,70.0,100,0,0,0
2026-05-25 11:21:34.280358,23.0,70.0,100,0,0,0
2026-05-25 11:21:35.300359,23.0,70.0,100,0,0,0
2026-05-25 11:21:36.277379,23.0,70.0,100,0,0,0
2026-05-25 11:21:37.300157,23.0,70.0,100,0,0,0
2026-05-25 11:21:38.382041,23.0,70.0,100,0,0,0
2026-05-25 11:21:39.341616,23.0,70.0,100,0,0,0
2026-05-25 11:21:40.348262,23.0,70.0,100,0,0,0
2026-05-25 11:21:41.353339,23.0,70.0,100,0,0,0
2026-05-25 11:21:42.341749,23.0,70.0,100,0,0,0
2026-05-25 11:21:43.405506,23.0,70.0,100,0,0,0
2026-05-25 11:21:44.397781,24.0,70.0,100,0,0,0
2026-05-25 11:21:45.427323,23.0,70.0,100,0,0,0
2026-05-25 11:21:46.410101,23.0,70.0,100,0,0,0
2026-05-25 11:21:47.458604,23.0,70.0,100,0,0,0
2026-05-25 11:21:48.460324,23.0,70.0,100,0,0,0
2026-05-25 11:21:49.460689,24.0,71.0,100,0,0,0
2026-05-25 11:21:50.470622,24.0,70.0,100,0,0,0
2026-05-25 11:21:51.476532,23.0,70.0,100,0,0,0
2026-05-25 11:21:52.488607,23.0,70.0,100,0,0,0
2026-05-25 11:21:53.543601,23.0,70.0,100,0,0,0
2026-05-25 11:21:54.522906,23.0,70.0,100,0,0,0
2026-05-25 11:21:55.542750,23.0,70.0,100,0,0,0
2026-05-25 11:21:56.554581,23.0,70.0,100,0,0,0
2026-05-25 11:21:57.573596,23.0,70.0,100,0,0,0
2026-05-25 11:21:58.564898,23.0,70.0,100,0,0,0
2026-05-25 11:21:59.594542,23.0,70.0,100,0,0,0
2026-05-25 11:22:00.595510,23.0,70.0,100,0,0,0
2026-05-25 11:22:01.628264,24.0,70.0,100,0,0,0
2026-05-25 11:22:02.627900,23.0,70.0,100,0,0,0
2026-05-25 11:22:03.653304,24.0,70.0,100,0,0,0
2026-05-25 11:22:04.672284,23.0,70.0,100,0,0,0
2026-05-25 11:22:05.669051,24.0,70.0,100,0,0,0
2026-05-25 11:22:06.671496,23.0,70.0,100,0,0,0
2026-05-25 11:22:07.685145,24.0,70.0,100,0,0,0
2026-05-25 11:22:08.689393,23.0,70.0,100,0,0,0
2026-05-25 11:22:09.713649,24.0,70.0,100,0,0,0
2026-05-25 11:22:10.720658,24.0,70.0,100,0,0,0
2026-05-25 11:22:11.730128,23.0,70.0,100,0,0,0
2026-05-25 11:22:12.757550,23.0,70.0,100,0,0,0
2026-05-25 11:22:13.757380,23.0,70.0,100,0,0,0
2026-05-25 11:22:14.789289,24.0,70.0,100,0,0,0
2026-05-25 11:22:15.803908,23.0,70.0,100,0,0,0
2026-05-25 11:22:16.817444,23.0,70.0,100,0,0,0
2026-05-25 11:22:17.842609,23.0,70.0,100,0,0,0
2026-05-25 11:22:18.864385,23.0,70.0,100,0,0,0
2026-05-25 11:22:19.879797,24.0,70.0,100,0,0,0
2026-05-25 11:22:20.903099,23.0,70.0,100,0,0,0
2026-05-25 11:22:21.924883,24.0,70.0,100,0,0,0
2026-05-25 11:22:22.921653,24.0,70.0,100,0,0,0
2026-05-25 11:22:23.929373,23.0,70.0,100,0,0,0
2026-05-25 11:22:24.955181,24.0,70.0,100,0,0,0
2026-05-25 11:22:28.823886,23.0,70.0,100,0,0,0
2026-05-25 11:22:29.101462,23.0,70.0,100,0,0,0
2026-05-25 11:22:30.130016,24.0,70.0,100,0,0,0
2026-05-25 11:22:31.075938,24.0,70.0,100,0,0,0
2026-05-25 11:22:32.068946,23.0,70.0,100,0,0,0
2026-05-25 11:22:33.079814,23.0,70.0,100,0,0,0
2026-05-25 11:22:34.101471,24.0,70.0,100,0,0,0
2026-05-25 11:22:35.116621,24.0,70.0,100,0,0,0
2026-05-25 11:22:36.170623,23.0,70.0,100,0,0,0
2026-05-25 11:22:37.166246,23.0,70.0,100,0,0,0
2026-05-25 11:22:38.174177,23.0,70.0,100,0,0,0
2026-05-25 11:22:39.190814,24.0,70.0,100,0,0,0
2026-05-25 11:22:40.207371,24.0,70.0,100,0,0,0
2026-05-25 11:22:41.223085,24.0,70.0,100,0,0,0
2026-05-25 11:22:42.236598,23.0,70.0,100,0,0,0
2026-05-25 11:22:43.232961,24.0,70.0,100,0,0,0
2026-05-25 11:22:44.277151,24.0,70.0,100,0,0,0
2026-05-25 11:22:45.270213,24.0,70.0,100,0,0,0
2026-05-25 11:22:46.310106,23.0,70.0,100,0,0,0
2026-05-25 11:22:47.335419,24.0,70.0,100,0,0,0
2026-05-25 11:22:48.360224,24.0,70.0,100,0,0,0
2026-05-25 11:22:49.367924,24.0,70.0,100,0,0,0
2026-05-25 11:22:50.411877,24.0,70.0,100,0,0,0
2026-05-25 11:22:51.400022,23.0,70.0,100,0,0,0
2026-05-25 11:22:52.428103,23.0,70.0,100,0,0,0
2026-05-25 11:22:53.473932,24.0,70.0,100,0,0,0
2026-05-25 11:22:54.477228,23.0,70.0,100,0,0,0
2026-05-25 11:22:55.532070,24.0,70.0,100,0,0,74
2026-05-25 11:22:56.545464,24.0,70.0,100,0,0,89
2026-05-25 11:22:57.579339,24.0,70.0,100,0,0,89
2026-05-25 11:22:58.560456,24.0,70.0,100,0,0,89
2026-05-25 11:22:59.589852,24.0,70.0,100,0,0,89
2026-05-25 11:23:00.599982,24.0,70.0,100,0,0,89
2026-05-25 11:23:01.584878,24.0,70.0,100,0,0,89
2026-05-25 11:23:02.620116,24.0,70.0,100,0,0,89
2026-05-25 11:23:03.651444,24.0,70.0,100,0,0,89
2026-05-25 11:23:04.639448,24.0,70.0,100,0,0,89
2026-05-25 11:23:05.675877,24.0,70.0,100,0,250,89
2026-05-25 11:23:06.677657,24.0,70.0,100,0,423,89
2026-05-25 11:23:07.759224,24.0,70.0,100,0,357,89
2026-05-25 11:23:08.740061,24.0,70.0,100,0,375,89
2026-05-25 11:23:09.756320,24.0,70.0,100,0,393,89
2026-05-25 11:23:10.752316,24.0,70.0,100,0,411,89
2026-05-25 11:23:11.770497,24.0,70.0,100,0,429,89
2026-05-25 11:23:12.798784,24.0,70.0,100,0,447,89
2026-05-25 11:23:13.807302,24.0,70.0,100,0,465,89
2026-05-25 11:23:14.834244,24.0,70.0,100,0,483,89
2026-05-25 11:23:15.832951,24.0,69.0,100,0,501,89
2026-05-25 11:23:16.880282,24.0,70.0,100,0,489,89
2026-05-25 11:23:17.896443,24.0,70.0,100,0,535,89
2026-05-25 11:23:18.943989,23.0,69.0,100,0,553,89
2026-05-25 11:23:19.944166,24.0,69.0,100,0,541,89
2026-05-25 11:23:20.960481,24.0,69.0,100,0,558,89
2026-05-25 11:23:21.972368,23.0,69.0,100,0,574,89
2026-05-25 11:23:22.980653,24.0,69.0,100,0,590,89
2026-05-25 11:23:23.989840,24.0,69.0,100,0,606,89
2026-05-25 11:23:25.013245,23.0,69.0,100,0,622,89
2026-05-25 11:23:26.005085,24.0,70.0,100,0,639,89
2026-05-25 11:23:27.048292,24.0,69.0,100,0,685,89
2026-05-25 11:23:28.043884,24.0,69.0,100,0,673,89
2026-05-25 11:23:29.139978,24.0,69.0,100,0,689,89
2026-05-25 11:23:30.074807,24.0,69.0,99,0,705,89
2026-05-25 11:23:31.100446,24.0,69.0,99,0,721,89
2026-05-25 11:23:32.088224,24.0,69.0,99,0,738,89
2026-05-25 11:23:33.136621,24.0,70.0,100,0,754,89
2026-05-25 11:23:34.161420,24.0,69.0,100,0,800,89
2026-05-25 11:23:35.169969,24.0,69.0,99,0,788,89
2026-05-25 11:23:36.176029,24.0,69.0,99,0,804,89
2026-05-25 11:23:37.209325,24.0,69.0,100,0,820,89
2026-05-25 11:23:38.215209,24.0,69.0,99,0,837,89
2026-05-25 11:23:39.254631,24.0,69.0,99,0,853,89
2026-05-25 11:23:40.297283,24.0,69.0,99,0,869,89
2026-05-25 11:23:41.299170,24.0,69.0,99,0,885,89
2026-05-25 11:23:42.317904,24.0,69.0,99,0,901,89
2026-05-25 11:23:43.356329,24.0,69.0,99,0,918,89
2026-05-25 11:23:44.401206,24.0,69.0,99,0,934,89
2026-05-25 11:23:45.392370,24.0,69.0,99,0,950,89
2026-05-25 11:23:46.408752,24.0,69.0,98,0,966,89
2026-05-25 11:23:47.411055,24.0,69.0,99,0,982,89
2026-05-25 11:23:48.424667,24.0,69.0,98,0,999,89
2026-05-25 11:23:49.447590,24.0,67.0,100,0,1015,89
2026-05-25 11:23:50.452492,24.0,66.0,97,0,971,89
2026-05-25 11:23:51.487063,24.0,66.0,99,0,954,89
2026-05-25 11:23:52.519229,24.0,64.0,99,0,965,89
2026-05-25 11:23:53.547595,24.0,63.0,99,0,916,89
2026-05-25 11:23:54.572265,24.0,62.0,99,0,894,89
2026-05-25 11:23:55.583513,24.0,60.0,98,0,869,89
2026-05-25 11:23:56.577468,24.0,59.0,98,0,0,89
2026-05-25 11:23:57.604968,24.0,57.0,99,0,0,89
2026-05-25 11:23:58.621535,24.0,57.0,97,0,0,89
2026-05-25 11:23:59.649397,24.0,56.0,99,0,0,89
2026-05-25 11:24:00.653155,24.0,55.0,98,0,0,89
2026-05-25 11:24:01.664074,24.0,53.0,100,0,0,89
2026-05-25 11:24:02.668354,24.0,53.0,99,0,0,89
2026-05-25 11:24:03.708599,23.0,52.0,99,0,0,89
2026-05-25 11:24:04.733982,23.0,50.0,98,0,0,89
2026-05-25 11:24:05.741448,23.0,50.0,99,0,0,89
2026-05-25 11:24:06.731346,23.0,49.0,98,0,0,89
2026-05-25 11:24:07.761990,23.0,49.0,99,0,0,89
2026-05-25 11:24:08.796283,23.0,48.0,99,0,0,89
2026-05-25 11:24:09.779536,23.0,48.0,100,0,0,89
2026-05-25 11:24:10.813029,23.0,48.0,99,0,0,89
2026-05-25 11:24:11.847574,23.0,46.0,99,0,0,89
2026-05-25 11:24:12.851277,23.0,46.0,96,0,0,89
2026-05-25 11:24:13.836184,23.0,46.0,99,0,0,89
2026-05-25 11:24:14.830547,23.0,45.0,98,0,0,89
2026-05-25 11:24:15.848411,23.0,45.0,99,0,0,89
2026-05-25 11:24:16.872203,23.0,45.0,99,0,0,89
2026-05-25 11:24:17.903713,23.0,45.0,100,0,0,89
2026-05-25 11:24:18.892890,23.0,45.0,99,0,0,89
2026-05-25 11:24:19.913847,23.0,43.0,96,0,0,89
2026-05-25 11:24:20.916489,23.0,43.0,96,0,0,89
2026-05-25 11:24:21.976021,23.0,43.0,99,0,0,89
2026-05-25 11:24:22.963831,23.0,43.0,99,0,0,89
2026-05-25 11:24:24.005064,23.0,43.0,100,0,0,89
2026-05-25 11:24:25.019552,23.0,43.0,99,0,0,89
2026-05-25 11:24:26.051392,23.0,42.0,100,0,0,89
2026-05-25 11:24:27.053123,23.0,42.0,100,0,0,89
2026-05-25 11:24:28.082859,23.0,42.0,99,0,0,89
2026-05-25 11:24:29.101357,23.0,43.0,100,0,0,89
2026-05-25 11:24:30.142485,23.0,43.0,99,0,0,89
2026-05-25 11:24:31.131872,23.0,42.0,99,0,0,89
2026-05-25 11:24:32.160573,23.0,42.0,100,0,0,89
2026-05-25 11:24:33.163144,23.0,42.0,99,0,0,89
2026-05-25 11:24:34.168283,23.0,42.0,99,0,0,89
2026-05-25 11:24:35.174661,23.0,42.0,99,0,0,89
2026-05-25 11:24:36.182923,23.0,42.0,100,0,0,89
2026-05-25 11:24:37.195384,23.0,42.0,98,0,0,89
2026-05-25 11:24:38.228631,23.0,43.0,100,0,0,89
2026-05-25 11:24:39.216394,23.0,43.0,99,0,0,89
2026-05-25 11:24:40.255994,23.0,43.0,100,0,0,89
2026-05-25 11:24:41.260065,23.0,43.0,99,0,0,89
2026-05-25 11:24:42.294076,23.0,43.0,99,0,0,89
2026-05-25 11:24:43.307715,23.0,43.0,99,0,0,89
2026-05-25 11:24:44.312823,23.0,43.0,100,0,0,89
2026-05-25 11:24:45.370012,23.0,43.0,99,0,0,89
2026-05-25 11:24:46.348211,23.0,43.0,100,0,0,89
2026-05-25 11:24:47.388235,23.0,43.0,100,0,0,89
2026-05-25 11:24:48.402846,23.0,43.0,100,0,0,89
2026-05-25 11:24:49.433576,23.0,43.0,99,0,0,89
2026-05-25 11:24:50.434021,23.0,43.0,99,0,0,89
2026-05-25 11:24:51.446885,23.0,43.0,98,0,0,89
2026-05-25 11:24:52.469688,24.0,43.0,99,0,0,89
2026-05-25 11:24:53.508937,24.0,43.0,99,0,0,89
2026-05-25 11:24:54.493242,23.0,43.0,100,0,0,89
2026-05-25 11:24:55.645624,24.0,43.0,97,0,0,89
2026-05-25 11:24:56.693052,24.0,45.0,99,0,0,89
2026-05-25 11:24:57.748657,24.0,45.0,98,0,0,89
2026-05-25 11:24:58.765163,24.0,45.0,99,0,0,89
2026-05-25 11:24:59.750121,24.0,45.0,99,0,0,89
2026-05-25 11:25:00.781163,24.0,45.0,100,0,0,89
2026-05-25 11:25:01.756626,24.0,45.0,99,0,0,89
2026-05-25 11:25:02.798852,24.0,45.0,99,0,0,89
2026-05-25 11:25:03.804076,24.0,45.0,99,0,0,89
2026-05-25 11:25:04.849520,24.0,45.0,99,0,0,89
2026-05-25 11:25:05.920176,24.0,45.0,99,0,0,89
2026-05-25 11:25:06.926756,24.0,45.0,99,0,0,89
2026-05-25 11:25:07.977778,24.0,45.0,97,0,0,89
2026-05-25 11:25:09.012176,24.0,45.0,100,0,0,89
2026-05-25 11:25:10.101901,24.0,45.0,99,0,0,89
2026-05-25 11:25:11.068683,24.0,45.0,100,0,0,89
2026-05-25 11:25:12.108384,24.0,45.0,99,0,0,89
2026-05-25 11:25:13.121703,24.0,45.0,100,0,0,89
2026-05-25 11:25:14.190968,24.0,45.0,98,0,0,89
2026-05-25 11:25:15.248752,24.0,45.0,99,0,0,89
2026-05-25 11:25:16.280306,24.0,45.0,99,0,0,89
2026-05-25 11:25:17.295265,24.0,45.0,98,0,0,89
2026-05-25 11:25:18.289823,24.0,45.0,99,0,0,89
2026-05-25 11:25:19.315976,24.0,45.0,98,0,0,89
2026-05-25 11:25:20.360122,24.0,45.0,99,0,0,89
2026-05-25 11:25:21.365381,24.0,45.0,100,0,0,89
2026-05-25 11:25:22.909261,24.0,45.0,99,0,0,89
2026-05-25 11:25:23.962675,24.0,46.0,99,0,0,89
2026-05-25 11:25:24.982034,24.0,46.0,96,0,0,89
2026-05-25 11:25:25.995086,24.0,46.0,100,0,0,89
2026-05-25 11:25:27.027205,24.0,46.0,99,0,0,89
2026-05-25 11:25:28.268098,24.0,46.0,99,0,0,89
2026-05-25 11:25:29.226234,24.0,46.0,99,0,0,89
2026-05-25 11:25:30.296861,24.0,46.0,99,0,0,89
2026-05-25 11:25:31.335287,24.0,46.0,99,0,0,89
2026-05-25 11:25:32.377035,24.0,46.0,100,0,0,89
2026-05-25 11:25:33.398225,24.0,46.0,99,0,0,89
2026-05-25 11:25:34.418909,24.0,46.0,99,0,0,89
2026-05-25 11:25:35.430798,24.0,46.0,99,0,0,89
2026-05-25 11:25:36.407501,24.0,46.0,100,0,0,89
2026-05-25 11:25:37.418490,24.0,46.0,99,0,0,89
2026-05-25 11:25:38.490894,24.0,46.0,98,0,0,89
2026-05-25 11:25:39.512782,24.0,46.0,96,0,0,89
2026-05-25 11:25:40.492506,24.0,46.0,100,0,0,89
2026-05-25 11:25:41.508947,24.0,46.0,99,0,0,89
2026-05-25 11:25:42.508863,24.0,46.0,99,0,0,89
2026-05-25 11:25:43.509104,24.0,48.0,98,0,0,89
2026-05-25 11:25:44.585090,24.0,48.0,100,0,0,89
2026-05-25 11:25:45.650522,24.0,48.0,99,0,0,89
2026-05-25 11:25:46.637805,24.0,48.0,100,0,0,89
2026-05-25 11:25:47.801799,24.0,48.0,99,28,0,89
2026-05-25 11:25:48.868046,24.0,48.0,99,14,0,89
2026-05-25 11:25:49.936705,24.0,48.0,99,0,0,89
2026-05-25 11:25:50.940078,24.0,48.0,99,0,0,89
2026-05-25 11:25:51.937329,24.0,48.0,100,0,0,89
2026-05-25 11:25:52.956576,24.0,48.0,100,0,0,89
2026-05-25 11:25:53.976495,24.0,48.0,99,0,0,89
2026-05-25 11:25:55.067259,24.0,48.0,99,0,0,89
2026-05-25 11:25:56.079996,24.0,48.0,98,0,0,89
2026-05-25 11:25:57.192849,24.0,48.0,100,100,0,89
2026-05-25 11:25:58.159842,24.0,48.0,99,100,0,89
2026-05-25 11:25:59.214301,24.0,48.0,99,0,0,89
2026-05-25 11:26:00.256579,24.0,48.0,98,0,0,89
2026-05-25 11:26:01.301422,24.0,48.0,99,0,0,89
2026-05-25 11:26:02.321194,24.0,48.0,99,0,0,89
2026-05-25 11:26:03.317531,24.0,48.0,99,0,0,89
2026-05-25 11:26:04.359676,24.0,48.0,98,0,0,89
2026-05-25 11:26:05.373556,24.0,48.0,100,0,0,89
2026-05-25 11:26:06.404544,24.0,48.0,99,0,0,89
2026-05-25 11:26:07.502429,24.0,48.0,100,0,0,89
2026-05-25 11:26:08.554168,24.0,48.0,99,0,0,89
2026-05-25 11:26:09.559365,24.0,48.0,99,0,0,89
2026-05-25 11:26:10.616993,24.0,48.0,98,0,0,89
2026-05-25 11:26:11.592953,24.0,48.0,99,0,0,89
2026-05-25 11:26:12.622971,24.0,48.0,96,0,0,89
2026-05-25 11:26:13.635348,24.0,48.0,99,0,0,89
2026-05-25 11:26:14.646782,24.0,48.0,99,0,0,89
2026-05-25 11:26:15.687187,24.0,48.0,99,0,0,89
2026-05-25 11:26:16.701038,24.0,48.0,99,0,0,89
2026-05-25 11:26:17.744745,24.0,48.0,99,0,0,89
2026-05-25 11:26:18.805767,24.0,48.0,99,0,0,89
2026-05-25 11:26:19.855203,24.0,48.0,99,0,0,89
2026-05-25 11:26:20.896189,24.0,48.0,98,0,0,89
2026-05-25 11:26:21.926496,24.0,48.0,100,0,0,89
2026-05-25 11:26:22.957696,24.0,48.0,99,0,0,89
2026-05-25 11:26:24.034566,24.0,48.0,100,0,0,89
2026-05-25 11:26:25.100085,24.0,48.0,99,0,0,89
2026-05-25 11:26:26.107833,24.0,48.0,100,0,0,89
2026-05-25 11:26:27.189987,24.0,48.0,99,0,0,89
2026-05-25 11:26:28.189618,24.0,48.0,99,0,0,89
2026-05-25 11:26:29.285822,24.0,48.0,99,0,0,89
2026-05-25 11:26:30.281722,24.0,48.0,99,0,0,89
2026-05-25 11:26:31.388989,24.0,48.0,96,0,0,89
2026-05-25 11:26:32.437426,24.0,48.0,99,0,0,89
2026-05-25 11:26:33.452963,24.0,48.0,99,0,0,89
2026-05-25 11:26:34.463051,24.0,48.0,100,0,0,89
2026-05-25 11:26:35.471914,24.0,48.0,99,0,0,89
2026-05-25 11:26:36.489784,24.0,48.0,99,0,0,89
2026-05-25 11:26:37.473167,24.0,48.0,98,0,0,89
2026-05-25 11:26:38.508946,24.0,48.0,100,0,0,89
2026-05-25 11:26:39.532428,24.0,48.0,99,0,0,89
2026-05-25 11:26:40.511586,24.0,48.0,100,0,0,89
2026-05-25 11:26:41.568836,24.0,48.0,98,0,0,89
2026-05-25 11:26:42.641327,24.0,48.0,100,0,0,89
2026-05-25 11:26:43.678588,24.0,48.0,99,0,0,89
2026-05-25 11:26:44.737492,24.0,48.0,100,0,0,89
2026-05-25 11:26:45.738837,24.0,48.0,99,0,0,89
2026-05-25 11:26:46.850071,24.0,48.0,99,0,0,89
2026-05-25 11:26:48.051824,24.0,48.0,99,0,0,22
2026-05-25 11:26:49.212636,24.0,48.0,99,0,0,74
2026-05-25 11:26:50.176878,24.0,48.0,98,0,0,100
2026-05-25 11:26:51.234618,24.0,48.0,99,0,0,100
2026-05-25 11:26:52.380318,24.0,48.0,96,0,0,100
2026-05-25 11:26:53.437423,24.0,48.0,99,0,0,100
2026-05-25 11:26:54.462807,24.0,49.0,99,0,0,100
2026-05-25 11:26:55.475067,24.0,48.0,100,0,0,100
2026-05-25 11:26:56.530857,24.0,48.0,99,0,0,100
2026-05-25 11:26:57.539964,24.0,48.0,99,0,0,100
2026-05-25 11:26:58.624929,24.0,48.0,99,0,0,100
2026-05-25 11:26:59.755939,24.0,48.0,100,0,0,100
2026-05-25 11:27:00.734339,24.0,48.0,99,0,0,100
2026-05-25 11:27:01.764200,24.0,49.0,99,0,0,100
2026-05-25 11:27:02.792302,24.0,49.0,98,0,0,100
2026-05-25 11:27:03.782536,24.0,49.0,100,0,0,100
2026-05-25 11:27:04.769485,24.0,49.0,99,0,0,100
2026-05-25 11:27:05.794200,24.0,49.0,100,0,0,100
2026-05-25 11:27:06.800333,24.0,49.0,100,0,0,100
2026-05-25 11:27:07.799194,24.0,49.0,100,0,0,100
2026-05-25 11:27:08.794364,24.0,49.0,99,0,0,100
2026-05-25 11:27:09.876324,24.0,49.0,99,0,0,100
2026-05-25 11:27:10.884557,24.0,49.0,100,0,0,100
2026-05-25 11:27:11.891154,24.0,49.0,100,0,0,100
2026-05-25 11:27:12.954019,24.0,49.0,99,0,0,100
2026-05-25 11:27:14.112810,24.0,49.0,99,0,0,100
2026-05-25 11:27:15.162119,24.0,49.0,99,0,0,100
2026-05-25 11:27:16.146548,24.0,49.0,100,0,0,100
2026-05-25 11:27:17.162761,24.0,49.0,99,0,0,100
2026-05-25 11:27:18.204130,24.0,50.0,99,0,0,100
2026-05-25 11:27:19.222964,24.0,50.0,99,0,0,100
2026-05-25 11:27:20.227999,24.0,50.0,99,0,0,100
2026-05-25 11:27:21.296177,24.0,50.0,99,0,0,100
2026-05-25 11:27:22.337676,24.0,50.0,100,0,0,100
2026-05-25 11:27:23.369631,24.0,52.0,99,0,0,100
2026-05-25 11:27:24.504963,24.0,52.0,99,0,0,100
2026-05-25 11:27:25.581563,24.0,52.0,97,0,0,100
2026-05-25 11:27:26.622729,24.0,52.0,100,0,0,100
2026-05-25 11:27:27.618956,24.0,52.0,99,0,0,100
2026-05-25 11:27:28.652532,24.0,53.0,100,0,0,100
2026-05-25 11:27:29.754022,24.0,53.0,99,0,0,100
2026-05-25 11:27:30.746541,24.0,53.0,99,0,0,100
2026-05-25 11:27:31.765846,24.0,53.0,98,0,0,100
2026-05-25 11:27:32.826162,24.0,53.0,100,0,0,100
2026-05-25 11:27:33.812275,24.0,53.0,100,0,0,100
2026-05-25 11:27:34.856466,24.0,55.0,100,0,0,100
2026-05-25 11:27:35.892814,24.0,55.0,99,0,0,100
2026-05-25 11:27:36.891108,24.0,55.0,100,0,0,100
2026-05-25 11:27:37.951023,24.0,55.0,99,0,0,100
2026-05-25 11:27:38.893132,24.0,55.0,100,0,0,100
2026-05-25 11:27:39.997142,24.0,56.0,99,0,0,100
2026-05-25 11:27:41.031310,24.0,56.0,100,0,0,100
2026-05-25 11:27:42.070174,24.0,56.0,99,0,0,100
2026-05-25 11:27:43.071879,24.0,56.0,100,0,0,100
2026-05-25 11:27:44.097463,24.0,56.0,100,0,0,100
2026-05-25 11:27:45.074282,24.0,56.0,100,0,0,100
2026-05-25 11:27:46.171621,24.0,57.0,99,0,0,100
2026-05-25 11:27:47.241380,24.0,57.0,100,0,0,100
2026-05-25 11:27:48.245486,24.0,57.0,100,0,0,100
2026-05-25 11:27:49.232090,24.0,57.0,99,0,0,100
2026-05-25 11:27:50.242730,24.0,57.0,100,0,0,100
2026-05-25 11:27:51.282701,24.0,57.0,100,0,0,100
2026-05-25 11:27:52.319284,24.0,59.0,100,0,0,100
2026-05-25 11:27:53.301041,24.0,59.0,100,0,0,100
2026-05-25 11:27:54.346590,24.0,59.0,100,0,0,100
2026-05-25 11:27:55.414551,24.0,59.0,99,0,0,100
2026-05-25 11:27:56.449137,24.0,59.0,99,0,0,100
2026-05-25 11:27:57.477335,24.0,59.0,99,0,0,100
2026-05-25 11:27:58.758317,24.0,59.0,100,0,0,100
2026-05-25 11:27:59.914484,24.0,59.0,100,0,218,100
2026-05-25 11:28:00.876262,24.0,60.0,100,0,0,100
2026-05-25 11:28:01.909102,24.0,60.0,100,0,0,100
2026-05-25 11:28:03.013496,24.0,60.0,100,0,0,100
2026-05-25 11:28:04.024260,24.0,60.0,99,0,0,100
2026-05-25 11:28:05.133508,24.0,60.0,100,0,0,100
2026-05-25 11:28:06.179653,24.0,60.0,99,0,0,100
2026-05-25 11:28:07.260620,24.0,60.0,99,0,0,100
2026-05-25 11:28:08.360894,24.0,60.0,100,0,0,100
2026-05-25 11:28:09.460897,24.0,60.0,100,0,0,100
2026-05-25 11:28:10.503149,24.0,60.0,100,0,0,100
2026-05-25 11:28:11.546204,24.0,60.0,99,0,0,100
2026-05-25 11:28:12.549251,24.0,62.0,100,0,0,100
2026-05-25 11:28:13.586852,24.0,62.0,99,0,0,100
2026-05-25 11:28:14.598553,24.0,62.0,100,0,0,100
2026-05-25 11:28:15.626438,24.0,62.0,100,0,0,100
2026-05-25 11:28:16.658569,24.0,62.0,99,0,0,100
2026-05-25 11:28:17.690017,24.0,62.0,100,0,0,100
2026-05-25 11:28:18.641551,24.0,62.0,100,0,0,100
2026-05-25 11:28:19.674927,24.0,62.0,100,0,0,100
2026-05-25 11:28:20.716278,24.0,62.0,100,0,0,100
2026-05-25 11:28:21.839669,24.0,62.0,99,0,0,100
2026-05-25 11:28:22.879930,24.0,62.0,99,0,0,100
2026-05-25 11:28:23.948047,24.0,62.0,99,0,0,100
2026-05-25 11:28:24.875913,24.0,62.0,100,0,0,100
2026-05-25 11:28:25.937003,24.0,62.0,99,0,0,100
2026-05-25 11:28:26.977849,24.0,62.0,100,0,0,100
2026-05-25 11:28:28.060987,24.0,63.0,99,0,0,100
2026-05-25 11:28:29.138599,24.0,63.0,100,0,0,100
2026-05-25 11:28:30.151171,24.0,63.0,100,0,0,100
2026-05-25 11:28:31.220197,24.0,63.0,100,0,0,100
2026-05-25 11:28:32.293591,24.0,63.0,99,0,0,100
2026-05-25 11:28:33.330476,24.0,63.0,100,0,0,100
2026-05-25 11:28:34.410094,24.0,63.0,99,0,0,100
2026-05-25 11:28:35.428035,24.0,63.0,100,0,0,100
2026-05-25 11:28:36.485867,24.0,63.0,100,0,0,100
2026-05-25 11:28:37.472790,24.0,63.0,100,0,0,100
2026-05-25 11:28:38.493550,24.0,63.0,100,0,0,100
2026-05-25 11:28:39.564763,24.0,63.0,100,0,0,100
2026-05-25 11:28:40.610816,24.0,63.0,99,0,0,100
2026-05-25 11:28:41.659469,24.0,63.0,100,0,0,100
2026-05-25 11:28:42.690266,24.0,63.0,99,0,0,100
2026-05-25 11:28:43.722113,24.0,63.0,100,0,0,100
2026-05-25 11:28:44.741184,24.0,63.0,99,0,0,100
2026-05-25 11:28:45.777443,24.0,63.0,99,0,0,100
2026-05-25 11:28:46.780227,24.0,63.0,99,0,0,100
2026-05-25 11:28:47.855935,24.0,63.0,100,0,0,100
2026-05-25 11:28:48.908370,24.0,64.0,100,0,0,100
2026-05-25 11:28:49.919391,24.0,64.0,100,0,0,100
2026-05-25 11:28:50.979900,24.0,64.0,99,0,0,100
2026-05-25 11:28:52.018557,24.0,64.0,100,0,0,100
2026-05-25 11:28:53.036017,24.0,64.0,100,0,0,100
2026-05-25 11:28:54.083388,24.0,64.0,100,0,0,100
2026-05-25 11:28:55.218653,24.0,64.0,100,0,0,100
2026-05-25 11:28:56.217685,24.0,64.0,99,0,0,100
2026-05-25 11:28:57.275378,24.0,64.0,99,0,0,100
2026-05-25 11:28:58.321327,24.0,64.0,100,0,0,100
2026-05-25 11:28:59.436902,24.0,64.0,100,0,0,100
2026-05-25 11:29:00.533549,24.0,64.0,99,0,0,100
2026-05-25 11:29:01.596614,24.0,64.0,100,0,0,100
2026-05-25 11:29:02.628128,24.0,64.0,100,0,0,100
2026-05-25 11:29:03.713474,24.0,64.0,99,0,0,100
2026-05-25 11:29:04.741010,24.0,64.0,100,0,0,100
2026-05-25 11:29:05.729160,24.0,64.0,99,0,0,100
2026-05-25 11:29:06.760486,24.0,64.0,100,0,0,100
2026-05-25 11:29:07.815985,24.0,64.0,99,0,0,100
2026-05-25 11:29:08.877024,24.0,64.0,100,0,0,100
2026-05-25 11:29:09.861026,24.0,64.0,100,0,0,100
2026-05-25 11:29:10.918566,24.0,64.0,99,0,0,100
2026-05-25 11:29:11.932118,24.0,64.0,100,0,0,100
2026-05-25 11:29:13.048962,24.0,64.0,100,0,0,100
2026-05-25 11:29:14.118776,24.0,64.0,99,0,0,100
2026-05-25 11:29:15.205498,24.0,64.0,100,0,0,100
2026-05-25 11:29:16.228674,24.0,64.0,100,0,0,100
2026-05-25 11:29:17.253796,24.0,64.0,100,0,0,100
2026-05-25 11:29:18.213869,24.0,64.0,100,0,0,100
2026-05-25 11:29:19.399523,24.0,64.0,100,0,0,88
2026-05-25 11:29:20.328892,24.0,64.0,99,0,0,87
2026-05-25 11:29:21.448967,24.0,64.0,99,0,0,87
2026-05-25 11:29:22.504854,24.0,64.0,99,0,0,87
2026-05-25 11:29:23.558333,24.0,64.0,100,0,0,87
2026-05-25 11:29:24.554725,24.0,64.0,100,0,0,87
2026-05-25 11:29:25.681467,24.0,64.0,100,0,0,87
2026-05-25 11:29:26.698420,24.0,64.0,99,0,0,87
2026-05-25 11:29:27.702383,24.0,66.0,100,0,0,87
2026-05-25 11:29:28.767615,24.0,64.0,100,0,0,87
2026-05-25 11:29:29.737242,24.0,64.0,100,0,0,87
2026-05-25 11:29:30.739005,24.0,66.0,100,0,0,87
2026-05-25 11:29:31.870628,24.0,64.0,99,0,0,87
2026-05-25 11:29:32.803287,24.0,64.0,100,0,0,87
2026-05-25 11:29:33.771024,24.0,64.0,100,0,0,87
2026-05-25 11:29:34.789530,24.0,64.0,100,0,0,87
2026-05-25 11:29:35.842856,24.0,64.0,100,0,0,87
2026-05-25 11:29:36.853943,24.0,66.0,100,0,0,87
2026-05-25 11:29:37.888093,24.0,64.0,100,0,0,87
2026-05-25 11:29:38.907213,24.0,64.0,100,0,0,87
2026-05-25 11:29:39.902619,24.0,64.0,100,0,0,87
2026-05-25 11:29:40.878002,24.0,64.0,99,0,0,87
2026-05-25 11:29:41.933333,24.0,64.0,100,0,0,87
2026-05-25 11:29:42.944691,24.0,64.0,100,0,0,87
2026-05-25 11:29:43.961131,25.0,64.0,100,0,0,87
2026-05-25 11:29:45.013976,25.0,64.0,100,0,0,87
2026-05-25 11:29:45.986739,25.0,64.0,100,0,0,87
2026-05-25 11:29:47.062769,25.0,64.0,100,0,0,87
2026-05-25 11:29:48.148632,25.0,64.0,99,0,0,87
2026-05-25 11:29:49.165304,25.0,64.0,100,0,0,87
2026-05-25 11:29:50.285080,25.0,64.0,100,0,0,87
2026-05-25 11:29:51.318333,25.0,64.0,100,0,0,87
2026-05-25 11:29:52.346786,25.0,64.0,99,0,0,87
2026-05-25 11:29:53.430465,25.0,64.0,100,0,0,87
2026-05-25 11:29:54.488030,25.0,64.0,100,0,0,87
2026-05-25 11:29:55.486084,25.0,64.0,100,0,0,87
2026-05-25 11:29:56.590303,25.0,64.0,100,0,0,87
2026-05-25 11:29:57.672825,25.0,64.0,100,0,0,87
2026-05-25 11:29:58.641362,25.0,66.0,100,0,0,87
2026-05-25 11:29:59.744376,25.0,64.0,100,0,0,87
2026-05-25 11:30:00.773349,25.0,64.0,100,0,0,87
2026-05-25 11:30:01.845578,25.0,64.0,100,0,0,87
2026-05-25 11:30:02.840032,25.0,64.0,99,0,0,87
2026-05-25 11:30:03.873267,25.0,64.0,99,0,0,87
2026-05-25 11:30:04.941077,25.0,64.0,100,0,0,87
2026-05-25 11:30:06.009999,25.0,64.0,100,0,0,87
2026-05-25 11:30:07.004868,25.0,64.0,100,0,0,87
2026-05-25 11:30:08.070837,25.0,64.0,99,0,0,87
2026-05-25 11:30:09.123050,25.0,64.0,100,0,0,87
2026-05-25 11:30:10.253695,25.0,64.0,99,0,0,87
2026-05-25 11:30:11.274079,25.0,64.0,99,0,0,87
2026-05-25 11:30:12.343450,25.0,64.0,99,0,0,87
2026-05-25 11:30:13.376237,25.0,64.0,100,0,0,87
2026-05-25 11:30:14.357688,25.0,64.0,99,0,0,87
2026-05-25 11:30:15.500057,25.0,64.0,99,0,0,87
2026-05-25 11:30:16.523698,25.0,64.0,99,0,0,87
2026-05-25 11:30:17.579480,25.0,64.0,99,0,0,87
2026-05-25 11:30:18.591928,25.0,64.0,99,0,0,87
2026-05-25 11:30:19.625781,25.0,64.0,100,0,0,87
2026-05-25 11:30:20.614840,25.0,64.0,99,0,0,87
2026-05-25 11:30:21.629528,25.0,66.0,99,0,0,87
2026-05-25 11:30:22.686879,25.0,64.0,96,0,0,87
2026-05-25 11:30:23.766893,25.0,66.0,99,0,0,87
2026-05-25 11:30:24.794266,25.0,66.0,96,0,0,87
2026-05-25 11:30:25.801954,25.0,66.0,100,0,0,87
2026-05-25 11:30:26.918348,25.0,66.0,99,0,0,87
2026-05-25 11:30:27.929638,25.0,66.0,99,0,0,87
2026-05-25 11:30:28.965423,25.0,66.0,99,0,0,87
2026-05-25 11:30:29.972354,25.0,66.0,99,0,0,87
2026-05-25 11:30:30.982012,25.0,66.0,99,0,0,87
2026-05-25 11:30:32.088408,25.0,66.0,100,0,0,87
2026-05-25 11:30:33.140386,25.0,66.0,99,0,0,87
2026-05-25 11:30:34.132925,25.0,66.0,100,0,0,87
2026-05-25 11:30:35.242878,25.0,66.0,98,0,0,87
2026-05-25 11:30:36.274627,25.0,66.0,100,0,0,87
2026-05-25 11:30:37.301187,25.0,66.0,99,0,0,87
2026-05-25 11:30:38.296589,25.0,66.0,100,0,0,87
2026-05-25 11:30:39.395978,25.0,66.0,99,0,0,87
2026-05-25 11:30:40.436141,25.0,66.0,99,0,0,87
2026-05-25 11:30:41.496117,25.0,66.0,96,0,0,87
2026-05-25 11:30:42.567971,25.0,66.0,100,0,0,87
2026-05-25 11:30:43.572786,25.0,66.0,99,0,0,87
2026-05-25 11:30:44.636315,25.0,66.0,99,0,0,87
2026-05-25 11:30:45.625596,25.0,66.0,99,0,0,87
2026-05-25 11:30:46.726437,25.0,66.0,99,0,0,87
2026-05-25 11:30:47.756106,25.0,66.0,98,0,0,87
2026-05-25 11:30:48.867955,25.0,66.0,99,0,0,87
2026-05-25 11:30:49.966344,25.0,66.0,99,0,0,87
2026-05-25 11:30:50.983875,25.0,66.0,96,0,0,87
2026-05-25 11:30:52.004482,25.0,66.0,99,0,0,87
2026-05-25 11:30:53.075044,25.0,66.0,99,0,0,87
2026-05-25 11:30:54.082876,25.0,66.0,99,0,0,87
2026-05-25 11:30:55.104059,25.0,66.0,100,0,0,87
2026-05-25 11:30:56.164300,25.0,66.0,96,0,0,87
2026-05-25 11:30:57.182157,25.0,66.0,99,0,0,87
2026-05-25 11:30:58.232687,25.0,66.0,98,0,0,87
2026-05-25 11:30:59.252318,25.0,66.0,100,0,0,87
2026-05-25 11:31:00.243327,25.0,66.0,99,0,0,87
2026-05-25 11:31:01.330391,25.0,66.0,99,0,0,87
2026-05-25 11:31:02.307571,25.0,66.0,99,0,0,87
2026-05-25 11:31:03.334847,25.0,66.0,99,0,0,87
2026-05-25 11:31:04.346452,25.0,66.0,98,0,0,87
2026-05-25 11:31:05.367435,25.0,66.0,100,0,0,87
2026-05-25 11:31:06.424055,25.0,66.0,99,0,0,87
2026-05-25 11:31:07.430026,25.0,66.0,99,0,0,87
2026-05-25 11:31:08.501613,25.0,66.0,99,0,0,87
2026-05-25 11:31:09.573883,25.0,66.0,99,0,0,87
2026-05-25 11:31:10.672208,25.0,66.0,99,0,0,87
2026-05-25 11:31:11.647634,25.0,66.0,99,0,0,87
2026-05-25 11:31:12.706394,25.0,66.0,98,0,0,87
2026-05-25 11:31:13.800991,25.0,66.0,100,0,0,87
2026-05-25 11:31:14.907996,25.0,66.0,96,0,0,87
2026-05-25 11:31:15.952052,25.0,66.0,99,0,0,87
2026-05-25 11:31:17.009094,25.0,66.0,99,0,0,87
2026-05-25 11:31:18.050129,25.0,66.0,99,0,0,87
2026-05-25 11:31:19.060751,25.0,66.0,99,0,0,87
2026-05-25 11:31:20.088277,25.0,66.0,99,0,0,87
2026-05-25 11:31:21.131531,25.0,66.0,100,0,0,87
2026-05-25 11:31:22.166108,25.0,66.0,100,0,0,87
2026-05-25 11:31:23.196828,25.0,66.0,99,0,0,87
2026-05-25 11:31:24.242053,25.0,66.0,99,0,0,87
2026-05-25 11:31:25.283024,25.0,66.0,99,0,0,87
2026-05-25 11:31:26.372359,25.0,66.0,99,0,0,87
2026-05-25 11:31:27.372758,25.0,66.0,98,0,0,87
2026-05-25 11:31:28.495224,25.0,66.0,100,0,0,87
2026-05-25 11:31:29.556402,25.0,66.0,99,0,0,87
2026-05-25 11:31:30.706834,25.0,66.0,99,0,0,87
2026-05-25 11:31:31.817380,25.0,66.0,99,0,0,87
2026-05-25 11:31:32.795223,25.0,66.0,98,0,0,87
2026-05-25 11:31:33.812127,25.0,66.0,99,0,0,87
2026-05-25 11:31:34.835843,25.0,66.0,99,0,0,87
2026-05-25 11:31:35.872690,25.0,66.0,99,0,0,87
2026-05-25 11:31:36.923533,25.0,66.0,99,0,0,87
2026-05-25 11:31:37.928556,25.0,66.0,99,0,0,87
2026-05-25 11:31:38.993731,25.0,66.0,100,0,0,87
2026-05-25 11:31:40.008344,25.0,66.0,98,0,0,87
2026-05-25 11:31:41.028902,25.0,66.0,100,0,0,87
2026-05-25 11:31:42.106286,25.0,66.0,97,0,0,87
2026-05-25 11:31:43.150711,25.0,66.0,98,0,0,87
2026-05-25 11:31:44.139906,25.0,66.0,100,0,0,87
2026-05-25 11:31:45.229320,25.0,66.0,100,0,0,87
2026-05-25 11:31:46.333201,25.0,66.0,98,0,0,87
2026-05-25 11:31:47.405428,25.0,66.0,99,0,0,87
2026-05-25 11:31:48.528268,25.0,66.0,96,0,0,87
2026-05-25 11:31:49.503514,25.0,66.0,100,0,0,87
2026-05-25 11:31:50.572561,25.0,66.0,98,0,0,87
2026-05-25 11:31:51.627680,25.0,66.0,99,0,0,87
2026-05-25 11:31:52.659593,25.0,66.0,99,0,0,87
2026-05-25 11:31:53.687230,25.0,66.0,99,0,0,87
2026-05-25 11:31:54.728673,25.0,66.0,100,0,0,87
2026-05-25 11:31:55.714579,25.0,66.0,99,0,0,87
2026-05-25 11:31:56.756928,25.0,66.0,99,0,0,87
2026-05-25 11:31:57.922307,25.0,66.0,100,0,0,87
2026-05-25 11:31:58.949092,25.0,66.0,99,0,0,87
2026-05-25 11:32:00.027403,25.0,66.0,99,0,0,87
2026-05-25 11:32:01.071143,25.0,66.0,99,0,0,87
2026-05-25 11:32:02.115236,25.0,66.0,100,0,0,87
2026-05-25 11:32:03.116226,25.0,66.0,99,0,0,87
2026-05-25 11:32:04.142922,25.0,66.0,100,0,0,87
2026-05-25 11:32:05.163049,25.0,66.0,98,0,0,87
2026-05-25 11:32:06.185917,25.0,66.0,99,0,0,87
2026-05-25 11:32:07.193461,25.0,66.0,96,0,0,87
2026-05-25 11:32:08.303536,25.0,66.0,100,0,0,87
2026-05-25 11:32:09.388751,25.0,66.0,99,0,0,87
2026-05-25 11:32:10.449559,25.0,66.0,99,0,0,87
2026-05-25 11:32:11.546350,25.0,66.0,99,0,0,87
2026-05-25 11:32:12.725512,25.0,66.0,100,0,0,87
2026-05-25 11:32:13.784894,25.0,66.0,99,0,0,87
2026-05-25 11:32:14.834187,25.0,66.0,98,0,0,87
2026-05-25 11:32:15.851515,25.0,66.0,99,0,0,87
2026-05-25 11:32:16.904954,25.0,66.0,100,0,0,87
2026-05-25 11:32:17.923202,25.0,66.0,99,0,0,87
2026-05-25 11:32:18.952942,25.0,66.0,99,0,0,87
2026-05-25 11:32:19.980050,25.0,66.0,100,0,0,87
2026-05-25 11:32:20.987610,25.0,66.0,100,0,0,87
2026-05-25 11:32:22.090600,25.0,66.0,99,0,0,87
2026-05-25 11:32:23.167991,25.0,66.0,99,0,0,87
2026-05-25 11:32:24.297262,25.0,66.0,99,0,0,87
2026-05-25 11:32:25.335276,25.0,66.0,99,0,0,87
2026-05-25 11:32:26.382370,25.0,66.0,96,0,0,87
2026-05-25 11:32:27.407086,25.0,66.0,99,0,0,87
2026-05-25 11:32:28.486843,25.0,66.0,99,0,0,87
2026-05-25 11:32:29.540515,25.0,66.0,100,0,0,87
2026-05-25 11:32:30.562761,25.0,66.0,98,0,0,87
2026-05-25 11:32:31.611030,25.0,66.0,98,0,0,87
2026-05-25 11:32:32.610954,25.0,66.0,100,0,0,87
2026-05-25 11:32:33.635116,25.0,66.0,99,0,0,87
2026-05-25 11:32:34.656002,25.0,66.0,99,0,0,87
2026-05-25 11:32:35.950836,25.0,66.0,99,0,0,87
2026-05-25 11:32:37.002974,25.0,66.0,99,0,0,87
2026-05-25 11:32:38.073456,25.0,66.0,99,0,0,87
2026-05-25 11:32:39.138067,25.0,66.0,98,0,0,87
2026-05-25 11:32:40.236033,25.0,66.0,99,0,0,87
2026-05-25 11:32:41.286141,25.0,66.0,98,0,0,87
2026-05-25 11:32:42.350956,25.0,66.0,99,0,0,87
2026-05-25 11:32:43.454313,25.0,66.0,99,0,0,87
2026-05-25 11:32:44.502482,25.0,66.0,99,0,0,87
2026-05-25 11:32:45.541909,25.0,66.0,100,0,0,87
2026-05-25 11:32:46.709550,25.0,66.0,99,0,0,87
2026-05-25 11:32:47.773670,25.0,66.0,98,0,0,87
2026-05-25 11:32:48.891834,25.0,66.0,100,0,0,87
2026-05-25 11:32:49.969355,25.0,66.0,99,0,0,87
2026-05-25 11:32:50.997655,25.0,66.0,100,0,0,87
2026-05-25 11:32:52.032069,25.0,66.0,99,0,0,87
2026-05-25 11:32:53.041007,25.0,66.0,100,0,0,87
2026-05-25 11:32:54.084384,25.0,66.0,99,0,0,87
2026-05-25 11:32:55.159960,25.0,66.0,99,0,0,87
2026-05-25 11:32:56.212085,25.0,66.0,96,0,0,87
2026-05-25 11:32:57.248396,25.0,66.0,100,0,0,87
2026-05-25 11:32:58.257746,25.0,66.0,99,0,0,87
2026-05-25 11:32:59.378653,25.0,66.0,99,0,0,87
2026-05-25 11:33:00.399779,25.0,66.0,96,0,0,87
2026-05-25 11:33:01.473357,25.0,66.0,99,0,0,87
2026-05-25 11:33:02.546118,25.0,66.0,99,0,0,87
2026-05-25 11:33:03.549660,25.0,66.0,99,0,0,87
2026-05-25 11:33:04.632067,25.0,66.0,99,0,0,87
2026-05-25 11:33:05.701023,25.0,66.0,99,0,0,87
2026-05-25 11:33:06.741146,25.0,66.0,99,0,0,87
2026-05-25 11:33:07.779251,25.0,66.0,99,0,0,87
2026-05-25 11:33:08.789461,25.0,66.0,98,0,0,87
2026-05-25 11:33:09.840938,25.0,66.0,96,0,0,87
2026-05-25 11:33:10.888226,25.0,66.0,99,0,0,87
2026-05-25 11:33:11.924100,25.0,66.0,98,0,0,87
2026-05-25 11:33:12.977273,25.0,66.0,99,0,0,87
2026-05-25 11:33:14.080688,25.0,66.0,99,0,0,87
2026-05-25 11:33:15.165286,25.0,66.0,99,0,0,87
2026-05-25 11:33:16.179537,25.0,66.0,99,0,0,87
2026-05-25 11:33:17.171712,25.0,66.0,99,0,0,87
2026-05-25 11:33:18.343253,25.0,66.0,98,0,0,87
2026-05-25 11:33:19.472221,25.0,66.0,99,0,0,87
2026-05-25 11:33:20.491104,25.0,66.0,99,0,0,87
2026-05-25 11:33:21.690012,25.0,66.0,99,0,0,87
2026-05-25 11:33:22.723396,25.0,66.0,98,0,0,87
2026-05-25 11:33:23.764288,25.0,66.0,99,0,0,87
2026-05-25 11:33:24.788945,25.0,66.0,100,0,0,87
2026-05-25 11:33:25.957279,25.0,66.0,99,0,0,87
2026-05-25 11:33:26.921412,25.0,66.0,100,0,0,87
2026-05-25 11:33:27.937021,25.0,66.0,96,0,0,87
2026-05-25 11:33:28.982630,25.0,66.0,99,0,0,87
2026-05-25 11:33:30.001247,25.0,66.0,99,0,0,87
2026-05-25 11:33:31.017951,25.0,66.0,98,0,0,87
2026-05-25 11:33:31.999316,25.0,66.0,99,0,0,87
2026-05-25 11:33:33.065016,25.0,66.0,100,0,0,87
2026-05-25 11:33:34.016211,25.0,66.0,96,0,0,87
2026-05-25 11:33:35.066548,25.0,66.0,99,0,0,87
2026-05-25 11:33:36.102055,25.0,66.0,99,0,0,87
2026-05-25 11:33:37.110082,25.0,66.0,99,0,0,87
2026-05-25 11:33:38.129904,25.0,66.0,99,0,0,87
2026-05-25 11:33:39.120654,25.0,66.0,99,0,0,87
2026-05-25 11:33:40.157461,25.0,66.0,98,0,0,87
2026-05-25 11:33:41.176029,25.0,66.0,99,0,0,87
2026-05-25 11:33:42.177730,25.0,66.0,99,0,0,87
2026-05-25 11:33:43.191758,25.0,66.0,100,0,0,87
2026-05-25 11:33:44.218979,25.0,66.0,99,0,0,87
2026-05-25 11:33:45.356097,25.0,66.0,100,0,0,87
2026-05-25 11:33:46.385505,25.0,66.0,96,0,0,87
2026-05-25 11:33:47.392092,25.0,66.0,99,0,0,87
2026-05-25 11:33:48.453530,25.0,66.0,99,0,0,87
2026-05-25 11:33:49.490878,25.0,66.0,99,0,0,87
2026-05-25 11:33:50.529368,25.0,66.0,98,0,0,87
2026-05-25 11:33:51.532132,25.0,66.0,100,0,0,87
2026-05-25 11:33:52.534608,25.0,66.0,99,0,0,87
2026-05-25 11:33:53.556619,25.0,66.0,99,0,0,87
2026-05-25 11:33:54.589154,25.0,66.0,99,0,0,87
2026-05-25 11:33:55.613496,25.0,66.0,99,0,0,87
2026-05-25 11:33:56.608164,25.0,66.0,99,0,0,87
2026-05-25 11:33:57.613401,25.0,66.0,99,0,0,87
2026-05-25 11:33:58.621361,25.0,66.0,99,0,0,87
2026-05-25 11:33:59.657738,25.0,66.0,100,0,0,87
2026-05-25 11:34:00.778700,25.0,66.0,99,0,0,87
2026-05-25 11:34:01.819911,25.0,66.0,98,0,0,87
2026-05-25 11:34:02.860867,25.0,66.0,99,0,0,87
2026-05-25 11:34:03.940039,25.0,66.0,99,0,0,87
2026-05-25 11:34:05.003221,25.0,66.0,99,0,0,87
2026-05-25 11:34:06.045862,25.0,66.0,99,0,0,87
2026-05-25 11:34:07.117822,25.0,66.0,99,0,0,87
2026-05-25 11:34:08.145393,25.0,66.0,100,0,0,87
2026-05-25 11:34:09.325252,25.0,66.0,98,0,0,87
2026-05-25 11:34:10.344209,25.0,66.0,100,0,0,87
2026-05-25 11:34:11.349767,25.0,66.0,99,0,0,87
2026-05-25 11:34:12.385434,25.0,66.0,100,0,0,87
2026-05-25 11:34:13.395561,25.0,66.0,99,0,0,87
2026-05-25 11:34:14.433570,25.0,66.0,100,0,0,87
2026-05-25 11:34:15.466526,25.0,66.0,99,0,0,87
2026-05-25 11:34:16.534806,25.0,66.0,100,0,0,87
2026-05-25 11:34:17.570159,25.0,66.0,99,0,0,87
2026-05-25 11:34:18.579460,25.0,66.0,99,0,0,87
2026-05-25 11:34:19.607711,25.0,66.0,96,0,0,87
2026-05-25 11:34:20.769886,25.0,66.0,100,0,0,87
2026-05-25 11:34:21.793619,25.0,66.0,99,0,0,87
2026-05-25 11:34:22.780073,25.0,66.0,99,0,0,87
2026-05-25 11:34:23.810031,25.0,66.0,100,0,0,87
2026-05-25 11:34:24.827520,25.0,66.0,100,0,0,87
2026-05-25 11:34:25.851867,25.0,66.0,99,0,0,87
2026-05-25 11:34:26.911430,25.0,66.0,100,0,0,87
2026-05-25 11:34:28.048663,25.0,66.0,99,0,0,87
2026-05-25 11:34:29.092130,25.0,66.0,99,0,0,87
2026-05-25 11:34:30.112028,25.0,66.0,100,0,0,87
2026-05-25 11:34:31.173811,25.0,66.0,98,0,0,87
2026-05-25 11:34:32.174278,25.0,66.0,99,0,0,87
2026-05-25 11:34:33.216327,25.0,66.0,99,0,0,87
2026-05-25 11:34:34.274360,25.0,66.0,100,0,0,87
2026-05-25 11:34:35.288826,25.0,66.0,100,0,0,87
2026-05-25 11:34:36.329397,25.0,66.0,100,0,0,87
2026-05-25 11:34:37.430933,25.0,66.0,99,0,0,87
2026-05-25 11:34:38.528171,25.0,66.0,99,0,0,87
2026-05-25 11:34:39.585677,25.0,66.0,99,0,0,87
2026-05-25 11:34:40.642806,25.0,66.0,99,0,0,87
2026-05-25 11:34:41.692144,25.0,66.0,100,0,0,87
2026-05-25 11:34:42.789308,25.0,66.0,96,0,0,87
2026-05-25 11:34:43.856583,25.0,66.0,100,0,0,87
2026-05-25 11:34:44.852092,25.0,66.0,98,0,0,87
2026-05-25 11:34:45.880222,25.0,64.0,99,0,0,87
2026-05-25 11:34:47.021313,25.0,64.0,99,0,0,87
2026-05-25 11:34:48.015446,25.0,64.0,99,0,0,87
2026-05-25 11:34:49.163553,25.0,64.0,99,0,0,87
2026-05-25 11:34:50.260378,25.0,64.0,99,0,0,87
2026-05-25 11:34:51.265105,25.0,64.0,99,0,0,87
2026-05-25 11:34:52.298912,25.0,64.0,100,0,0,87
2026-05-25 11:34:53.371039,25.0,64.0,99,0,0,87
2026-05-25 11:34:54.400253,25.0,64.0,100,0,0,87
2026-05-25 11:34:55.494145,25.0,64.0,99,0,0,87
2026-05-25 11:34:56.557414,25.0,64.0,99,0,0,87
2026-05-25 11:34:57.615933,25.0,64.0,98,0,0,87
2026-05-25 11:34:58.696297,25.0,64.0,100,0,0,87
2026-05-25 11:34:59.701120,25.0,64.0,97,0,0,87
2026-05-25 11:35:00.776238,25.0,64.0,98,0,0,87
2026-05-25 11:35:01.961746,25.0,64.0,97,0,0,87
2026-05-25 11:35:03.050948,25.0,64.0,99,0,0,87
2026-05-25 11:35:04.109901,25.0,64.0,99,0,0,87
2026-05-25 11:35:05.137398,25.0,64.0,99,0,0,87
2026-05-25 11:35:06.149567,25.0,64.0,98,0,0,87
2026-05-25 11:35:07.166551,25.0,64.0,99,0,0,87
2026-05-25 11:35:08.186373,25.0,64.0,99,0,0,87
2026-05-25 11:35:09.271213,25.0,64.0,99,0,0,87
2026-05-25 11:35:10.289840,25.0,64.0,99,0,0,87
2026-05-25 11:35:11.366564,25.0,64.0,99,0,0,87
2026-05-25 11:35:12.388453,25.0,64.0,99,0,0,87
2026-05-25 11:35:13.448320,25.0,64.0,100,0,0,87
2026-05-25 11:35:14.489008,25.0,64.0,99,0,0,87
2026-05-25 11:35:15.670755,25.0,64.0,100,0,0,87
2026-05-25 11:35:16.815370,25.0,64.0,99,0,0,87
2026-05-25 11:35:17.901694,25.0,64.0,99,0,0,87
2026-05-25 11:35:18.923840,25.0,64.0,99,0,0,87
2026-05-25 11:35:19.967183,25.0,64.0,98,0,0,87
2026-05-25 11:35:21.052593,25.0,64.0,99,0,0,87
2026-05-25 11:35:22.173168,25.0,64.0,100,0,0,87
2026-05-25 11:35:23.155697,25.0,64.0,99,0,0,87
2026-05-25 11:35:24.204362,25.0,64.0,99,0,0,87
2026-05-25 11:35:25.188621,25.0,64.0,99,0,0,87
2026-05-25 11:35:26.242850,25.0,64.0,99,0,0,87
2026-05-25 11:35:27.306966,25.0,64.0,99,0,0,87
2026-05-25 11:35:28.325544,25.0,64.0,100,0,0,87
2026-05-25 11:35:29.332668,25.0,64.0,99,0,0,87
2026-05-25 11:35:30.385083,25.0,64.0,100,0,0,87
2026-05-25 11:35:31.400026,25.0,64.0,99,0,0,87
2026-05-25 11:35:32.483406,25.0,64.0,99,0,0,87
2026-05-25 11:35:33.558797,25.0,64.0,99,0,0,87
2026-05-25 11:35:34.610508,25.0,64.0,100,0,0,87
2026-05-25 11:35:35.688322,25.0,64.0,99,0,0,87
2026-05-25 11:35:36.778210,25.0,64.0,99,0,0,87
2026-05-25 11:35:37.766066,25.0,64.0,100,0,0,87
2026-05-25 11:35:38.816174,25.0,64.0,99,0,0,87
2026-05-25 11:35:39.810803,25.0,64.0,99,0,0,87
2026-05-25 11:35:40.844267,25.0,64.0,99,0,0,87
2026-05-25 11:35:41.844738,25.0,64.0,99,0,0,87
2026-05-25 11:35:42.897269,25.0,64.0,98,0,0,87
2026-05-25 11:35:43.972246,25.0,64.0,100,0,0,87
2026-05-25 11:35:45.033835,25.0,64.0,98,0,0,87
2026-05-25 11:35:46.134316,25.0,64.0,99,0,0,87
2026-05-25 11:35:47.192856,25.0,64.0,99,0,0,87
2026-05-25 11:35:48.178666,25.0,64.0,99,0,0,87
2026-05-25 11:35:49.233544,25.0,64.0,99,0,0,87
2026-05-25 11:35:50.275122,25.0,64.0,99,0,0,87
2026-05-25 11:35:51.316917,25.0,64.0,99,0,0,87
2026-05-25 11:35:52.345508,25.0,64.0,99,0,0,87
2026-05-25 11:35:53.337714,25.0,64.0,99,0,0,87
2026-05-25 11:35:54.520355,25.0,64.0,96,0,0,87
2026-05-25 11:35:55.537403,25.0,64.0,100,0,0,87
2026-05-25 11:35:56.574017,25.0,64.0,98,0,0,87
2026-05-25 11:35:57.605106,25.0,64.0,99,0,0,87
2026-05-25 11:35:58.686723,25.0,64.0,98,0,0,87
2026-05-25 11:35:59.701943,25.0,64.0,98,0,0,87
2026-05-25 11:36:00.713907,25.0,64.0,99,0,0,87
2026-05-25 11:36:01.794574,25.0,64.0,100,0,0,87
2026-05-25 11:36:02.855548,25.0,64.0,100,0,0,87
2026-05-25 11:36:03.907219,25.0,64.0,100,0,0,87
2026-05-25 11:36:04.927391,25.0,64.0,99,0,0,87
2026-05-25 11:36:05.947918,25.0,64.0,99,0,0,87
2026-05-25 11:36:07.015484,25.0,64.0,99,0,0,87
2026-05-25 11:36:08.033500,25.0,64.0,100,0,0,87
2026-05-25 11:36:09.057911,25.0,64.0,99,0,0,87
2026-05-25 11:36:10.060854,25.0,64.0,99,0,0,87
2026-05-25 11:36:11.116569,25.0,64.0,98,0,0,87
2026-05-25 11:36:12.155212,25.0,64.0,99,0,0,87
2026-05-25 11:36:13.216288,25.0,64.0,99,0,0,87
2026-05-25 11:36:14.212355,25.0,64.0,99,0,0,87
2026-05-25 11:36:15.230274,25.0,64.0,99,0,0,87
2026-05-25 11:36:16.279597,25.0,64.0,99,0,0,87
2026-05-25 11:36:17.380476,25.0,64.0,99,0,0,87
2026-05-25 11:36:18.433868,25.0,64.0,99,0,0,87
2026-05-25 11:36:19.483491,25.0,64.0,99,0,0,87
2026-05-25 11:36:20.642370,25.0,64.0,99,0,0,87
2026-05-25 11:36:21.671900,25.0,64.0,99,0,0,87
2026-05-25 11:36:22.701361,25.0,64.0,99,0,0,87
2026-05-25 11:36:23.686760,25.0,64.0,100,0,0,87
2026-05-25 11:36:24.726269,25.0,64.0,98,0,0,87
2026-05-25 11:36:25.797744,25.0,64.0,98,0,0,87
2026-05-25 11:36:26.920206,25.0,64.0,99,0,0,87
2026-05-25 11:36:27.960505,25.0,64.0,99,0,0,87
2026-05-25 11:36:28.971235,25.0,64.0,99,0,0,87
2026-05-25 11:36:30.029489,25.0,64.0,96,0,0,87
2026-05-25 11:36:31.016636,25.0,64.0,100,0,0,87
2026-05-25 11:36:32.010655,25.0,64.0,100,0,0,87
2026-05-25 11:36:33.103408,25.0,64.0,100,0,0,87
2026-05-25 11:36:34.154307,25.0,64.0,98,0,0,87
2026-05-25 11:36:35.279473,25.0,64.0,99,0,0,87
2026-05-25 11:36:36.373296,25.0,64.0,99,0,0,87
2026-05-25 11:36:37.395382,25.0,64.0,100,0,0,87
2026-05-25 11:36:38.497334,25.0,64.0,99,0,0,87
2026-05-25 11:36:39.524578,25.0,64.0,98,0,0,87
2026-05-25 11:36:40.548740,25.0,64.0,97,0,0,87
2026-05-25 11:36:41.581343,25.0,64.0,98,0,0,87
2026-05-25 11:36:42.588021,25.0,64.0,99,0,0,87
2026-05-25 11:36:43.603950,25.0,64.0,99,0,0,87
2026-05-25 11:36:44.720257,25.0,64.0,99,0,0,87
2026-05-25 11:36:45.731447,25.0,64.0,100,0,0,87
2026-05-25 11:36:46.808821,25.0,64.0,99,0,0,87
2026-05-25 11:36:47.874738,25.0,64.0,98,0,0,87
2026-05-25 11:36:48.955383,25.0,64.0,99,0,0,87
2026-05-25 11:36:49.965995,25.0,64.0,100,0,0,87
2026-05-25 11:36:50.944998,25.0,64.0,99,0,0,87
2026-05-25 11:36:52.017538,25.0,64.0,98,0,0,87
2026-05-25 11:36:53.111794,25.0,64.0,99,0,0,87
2026-05-25 11:36:54.144581,25.0,64.0,99,0,0,87
2026-05-25 11:36:55.260280,25.0,64.0,99,0,0,87
2026-05-25 11:36:56.437738,25.0,64.0,100,0,0,87
2026-05-25 11:36:57.426110,25.0,64.0,99,0,0,87
2026-05-25 11:36:58.484946,25.0,64.0,99,0,0,87
2026-05-25 11:36:59.541672,25.0,64.0,98,0,0,87
2026-05-25 11:37:00.532857,25.0,64.0,99,0,0,87
2026-05-25 11:37:01.616113,25.0,64.0,98,0,0,87
2026-05-25 11:37:02.761730,25.0,64.0,99,0,0,87
2026-05-25 11:37:03.790970,25.0,64.0,97,0,0,87
2026-05-25 11:37:04.822930,25.0,64.0,100,0,0,87
2026-05-25 11:37:05.858641,25.0,64.0,98,0,0,87
2026-05-25 11:37:06.884426,25.0,64.0,99,0,0,87
2026-05-25 11:37:07.880401,25.0,64.0,99,0,0,87
2026-05-25 11:37:08.956106,25.0,64.0,99,0,0,87
2026-05-25 11:37:10.038059,25.0,64.0,99,0,0,87
2026-05-25 11:37:11.088130,25.0,64.0,99,0,0,87
2026-05-25 11:37:12.088039,25.0,64.0,98,0,0,87
2026-05-25 11:37:13.149736,25.0,64.0,99,0,0,87
2026-05-25 11:37:14.275766,25.0,64.0,99,0,0,87
2026-05-25 11:37:15.339618,25.0,64.0,99,0,0,87
2026-05-25 11:37:16.385943,25.0,64.0,99,0,0,87
2026-05-25 11:37:17.393942,25.0,64.0,99,0,0,87
2026-05-25 11:37:18.443192,25.0,64.0,98,0,0,87
2026-05-25 11:37:19.500336,25.0,64.0,100,0,0,87
2026-05-25 11:37:20.542871,25.0,64.0,99,0,0,87
2026-05-25 11:37:21.658272,25.0,64.0,100,0,0,87
2026-05-25 11:37:22.737095,25.0,64.0,99,0,0,87
2026-05-25 11:37:23.794363,25.0,64.0,99,0,0,87
2026-05-25 11:37:24.782580,25.0,64.0,99,0,0,87
2026-05-25 11:37:25.827260,25.0,64.0,99,0,0,87
2026-05-25 11:37:26.939027,25.0,64.0,98,0,0,87
2026-05-25 11:37:27.987081,25.0,64.0,100,0,0,87
2026-05-25 11:37:28.985665,25.0,64.0,97,0,0,87
2026-05-25 11:37:30.010990,25.0,64.0,100,0,0,87
2026-05-25 11:37:31.037364,25.0,64.0,99,0,0,87
2026-05-25 11:37:32.011538,25.0,64.0,100,0,0,87
2026-05-25 11:37:33.023187,25.0,64.0,99,0,0,87
2026-05-25 11:37:34.090652,25.0,64.0,100,0,0,87
2026-05-25 11:37:35.186563,25.0,64.0,99,0,0,87
2026-05-25 11:37:36.235090,25.0,64.0,100,0,0,87
2026-05-25 11:37:37.299101,25.0,64.0,99,0,0,87
2026-05-25 11:37:38.341089,25.0,64.0,100,0,0,87
2026-05-25 11:37:39.408237,25.0,64.0,98,0,0,87
2026-05-25 11:37:40.470512,25.0,64.0,100,0,0,87
2026-05-25 11:37:41.557488,25.0,64.0,98,0,0,87
2026-05-25 11:37:42.620691,25.0,64.0,99,0,0,87
2026-05-25 11:37:43.748144,25.0,64.0,99,0,0,87
2026-05-25 11:37:44.850458,25.0,64.0,99,0,0,87
2026-05-25 11:37:45.857676,25.0,64.0,99,0,0,87
2026-05-25 11:37:46.953944,25.0,64.0,100,0,0,87
2026-05-25 11:37:47.990509,25.0,64.0,99,0,0,87
2026-05-25 11:37:49.023516,25.0,64.0,100,0,0,87
2026-05-25 11:37:50.000806,25.0,64.0,97,0,0,87
2026-05-25 11:37:50.998658,25.0,64.0,100,0,0,87
2026-05-25 11:37:52.022651,25.0,64.0,99,0,0,87
2026-05-25 11:37:53.008479,25.0,64.0,98,0,0,87
2026-05-25 11:37:54.065038,25.0,64.0,99,0,0,87
2026-05-25 11:37:55.082975,25.0,64.0,99,0,0,87
2026-05-25 11:37:56.138554,25.0,64.0,99,0,0,87
2026-05-25 11:37:57.218453,25.0,64.0,99,0,0,87
2026-05-25 11:37:58.220621,25.0,64.0,99,0,0,87
2026-05-25 11:37:59.255652,25.0,64.0,99,0,0,87
2026-05-25 11:38:00.280573,25.0,64.0,99,0,0,87
2026-05-25 11:38:01.248712,26.0,64.0,99,0,0,87
2026-05-25 11:38:02.330156,26.0,64.0,97,0,0,87
2026-05-25 11:38:03.359295,26.0,64.0,99,0,0,87
2026-05-25 11:38:04.331969,26.0,64.0,99,0,0,87
2026-05-25 11:38:05.373016,26.0,64.0,99,0,0,87
2026-05-25 11:38:06.385426,26.0,64.0,98,0,0,87
2026-05-25 11:38:07.528823,26.0,64.0,99,0,0,87
2026-05-25 11:38:08.558032,26.0,64.0,98,0,0,87
2026-05-25 11:38:09.566245,26.0,64.0,100,0,0,87
2026-05-25 11:38:10.679188,26.0,64.0,99,0,0,87
2026-05-25 11:38:11.693583,26.0,64.0,100,0,0,87
2026-05-25 11:38:12.828288,26.0,64.0,99,0,0,87
2026-05-25 11:38:13.888039,26.0,64.0,98,0,0,87
2026-05-25 11:38:14.953033,26.0,64.0,99,0,0,87
2026-05-25 11:38:16.016168,26.0,64.0,98,0,0,87
2026-05-25 11:38:17.054996,26.0,64.0,99,0,0,87
2026-05-25 11:38:18.098161,26.0,64.0,99,0,0,87
2026-05-25 11:38:19.162506,26.0,64.0,99,0,0,87
2026-05-25 11:38:20.198739,26.0,64.0,99,0,0,87
2026-05-25 11:38:21.188903,26.0,64.0,99,0,0,87
2026-05-25 11:38:22.315413,26.0,64.0,99,0,0,87
2026-05-25 11:38:23.417856,26.0,64.0,99,0,0,87
2026-05-25 11:38:24.425731,26.0,64.0,99,0,0,87
2026-05-25 11:38:25.462720,26.0,64.0,99,0,0,87
2026-05-25 11:38:26.461747,26.0,64.0,98,0,0,87
2026-05-25 11:38:27.496355,26.0,64.0,99,0,0,87
2026-05-25 11:38:28.540450,26.0,64.0,98,0,0,87
2026-05-25 11:38:29.522862,26.0,64.0,100,0,0,87
2026-05-25 11:38:30.589393,26.0,64.0,100,0,0,87
2026-05-25 11:38:31.703187,26.0,64.0,99,0,0,87
2026-05-25 11:38:32.813389,26.0,64.0,99,0,0,87
2026-05-25 11:38:33.908128,26.0,64.0,99,0,0,87
2026-05-25 11:38:34.955668,26.0,64.0,99,0,0,87
2026-05-25 11:38:35.979450,26.0,64.0,96,0,0,87
2026-05-25 11:38:37.041869,26.0,64.0,100,0,0,87
2026-05-25 11:38:38.103338,26.0,64.0,98,0,0,87
2026-05-25 11:38:39.192705,26.0,64.0,99,0,0,87
2026-05-25 11:38:40.200770,26.0,64.0,96,0,0,87
2026-05-25 11:38:41.195391,26.0,64.0,99,0,0,87
2026-05-25 11:38:42.262478,26.0,64.0,96,0,0,87
2026-05-25 11:38:43.322317,26.0,64.0,100,0,0,87
2026-05-25 11:38:44.329125,26.0,64.0,99,0,0,87
2026-05-25 11:38:45.384290,26.0,64.0,100,0,0,87
2026-05-25 11:38:46.393383,26.0,64.0,99,0,0,87
2026-05-25 11:38:47.388802,26.0,64.0,98,0,0,87
2026-05-25 11:38:48.416703,26.0,64.0,99,0,0,87
2026-05-25 11:38:49.462267,26.0,64.0,99,0,0,87
2026-05-25 11:38:50.540957,26.0,64.0,99,0,0,87
2026-05-25 11:38:51.695717,26.0,64.0,100,0,0,87
2026-05-25 11:38:52.784699,26.0,64.0,98,0,0,87
2026-05-25 11:38:53.822489,26.0,64.0,100,0,0,87
2026-05-25 11:38:54.810179,26.0,64.0,99,0,0,87
2026-05-25 11:38:55.867760,26.0,64.0,99,0,0,87
2026-05-25 11:38:56.969203,26.0,64.0,99,0,0,87
2026-05-25 11:38:58.013782,26.0,64.0,99,0,0,87
2026-05-25 11:38:59.076813,26.0,64.0,99,0,0,87
2026-05-25 11:39:00.160180,26.0,64.0,100,0,0,87
2026-05-25 11:39:01.150214,26.0,64.0,99,0,0,87
2026-05-25 11:39:02.214742,26.0,64.0,99,0,0,87
2026-05-25 11:39:03.228296,26.0,64.0,99,0,0,87
2026-05-25 11:39:04.275461,26.0,64.0,100,0,0,87
2026-05-25 11:39:05.273650,26.0,64.0,99,0,0,87
2026-05-25 11:39:06.282146,26.0,64.0,100,0,0,87
2026-05-25 11:39:07.316990,26.0,64.0,99,0,0,87
2026-05-25 11:39:08.438116,26.0,64.0,100,0,0,87
2026-05-25 11:39:09.509031,26.0,64.0,99,0,0,87
2026-05-25 11:39:10.499860,26.0,64.0,99,0,0,87
2026-05-25 11:39:11.501674,26.0,64.0,99,0,0,87
2026-05-25 11:39:12.523399,26.0,64.0,99,0,0,87
2026-05-25 11:39:13.554179,26.0,64.0,98,0,0,87
2026-05-25 11:39:14.605399,26.0,64.0,100,0,0,87
2026-05-25 11:39:15.607010,26.0,64.0,99,0,0,87
2026-05-25 11:39:16.700194,26.0,64.0,99,0,0,87
2026-05-25 11:39:17.734519,26.0,64.0,99,0,0,87
2026-05-25 11:39:18.764351,26.0,64.0,99,0,0,87
2026-05-25 11:39:19.748478,26.0,64.0,99,0,0,87
2026-05-25 11:39:20.808851,26.0,64.0,99,0,0,87
2026-05-25 11:39:21.849514,26.0,64.0,99,0,0,87
2026-05-25 11:39:22.867989,26.0,64.0,100,0,0,87
2026-05-25 11:39:23.966622,26.0,64.0,99,0,0,87
2026-05-25 11:39:25.024113,26.0,64.0,99,0,0,87
2026-05-25 11:39:26.070534,26.0,64.0,99,0,0,87
2026-05-25 11:39:27.159391,26.0,64.0,99,0,0,87
2026-05-25 11:39:28.221841,26.0,64.0,99,0,0,87
2026-05-25 11:39:29.352323,26.0,64.0,98,0,0,87
2026-05-25 11:39:30.402110,26.0,64.0,99,0,0,87
2026-05-25 11:39:31.484489,26.0,64.0,98,0,0,87
2026-05-25 11:39:32.556667,26.0,64.0,99,0,0,87
2026-05-25 11:39:33.596942,26.0,64.0,99,0,0,87
2026-05-25 11:39:34.688979,26.0,64.0,99,0,0,87
2026-05-25 11:39:35.618306,26.0,64.0,99,0,0,87
2026-05-25 11:39:36.622156,26.0,64.0,99,0,0,87
2026-05-25 11:39:37.681675,26.0,64.0,100,0,0,87
2026-05-25 11:39:38.633543,26.0,64.0,98,0,0,87
2026-05-25 11:39:39.738765,26.0,64.0,100,0,0,87
2026-05-25 11:39:40.829383,26.0,64.0,96,0,0,87
2026-05-25 11:39:41.790188,26.0,64.0,99,0,0,87
2026-05-25 11:39:42.929105,26.0,64.0,99,0,0,87
2026-05-25 11:39:44.030947,26.0,64.0,100,0,0,87
2026-05-25 11:39:45.117335,26.0,64.0,99,0,0,87
2026-05-25 11:39:46.128966,26.0,64.0,100,0,0,87
2026-05-25 11:39:47.266363,26.0,64.0,99,0,0,87
2026-05-25 11:39:48.274745,26.0,64.0,100,0,0,87
2026-05-25 11:39:49.331938,26.0,64.0,99,0,0,87
2026-05-25 11:39:50.399622,26.0,64.0,98,0,0,87
2026-05-25 11:39:51.392748,26.0,64.0,97,0,0,87
2026-05-25 11:39:52.374394,26.0,64.0,100,0,0,87
2026-05-25 11:39:53.434099,26.0,64.0,98,0,0,87
2026-05-25 11:39:54.489887,26.0,64.0,98,0,0,87
2026-05-25 11:39:55.507948,26.0,64.0,98,0,0,87
2026-05-25 11:39:56.543691,26.0,64.0,99,0,0,87
2026-05-25 11:39:57.561303,26.0,64.0,96,0,0,87
2026-05-25 11:39:58.583825,26.0,64.0,100,0,0,87
2026-05-25 11:39:59.610252,26.0,64.0,93,0,0,87
2026-05-25 11:40:00.710038,26.0,64.0,100,0,0,87
2026-05-25 11:40:01.718639,26.0,64.0,99,0,0,87
2026-05-25 11:40:02.749926,26.0,64.0,100,0,0,87
2026-05-25 11:40:03.787025,26.0,64.0,98,0,0,87
2026-05-25 11:40:04.848726,26.0,64.0,98,0,0,87
2026-05-25 11:40:05.922778,26.0,64.0,99,0,0,87
2026-05-25 11:40:07.036080,26.0,63.0,99,0,0,87
2026-05-25 11:40:08.081555,26.0,63.0,99,0,0,87
2026-05-25 11:40:09.109063,26.0,64.0,100,0,0,87
2026-05-25 11:40:10.179528,26.0,63.0,96,0,0,87
2026-05-25 11:40:11.220318,26.0,63.0,100,0,0,87
2026-05-25 11:40:12.225323,26.0,63.0,98,0,0,87
2026-05-25 11:40:13.252322,26.0,63.0,99,0,0,87
2026-05-25 11:40:14.275537,26.0,63.0,100,0,0,87
2026-05-25 11:40:15.392557,26.0,63.0,100,0,0,87
2026-05-25 11:40:16.457372,26.0,63.0,99,0,0,87
2026-05-25 11:40:17.445165,26.0,63.0,99,0,0,87
2026-05-25 11:40:18.481319,26.0,63.0,99,0,0,87
2026-05-25 11:40:19.516353,26.0,63.0,100,0,0,87
2026-05-25 11:40:20.562164,26.0,63.0,98,0,0,87
2026-05-25 11:40:21.589602,26.0,63.0,97,0,0,87
2026-05-25 11:40:22.665397,26.0,63.0,99,0,0,87
2026-05-25 11:40:23.697339,26.0,63.0,99,0,0,87
2026-05-25 11:40:24.723702,26.0,63.0,98,0,0,87
2026-05-25 11:40:25.834117,26.0,63.0,99,0,0,87
2026-05-25 11:40:26.916322,26.0,63.0,100,0,0,87
2026-05-25 11:40:27.906620,26.0,63.0,99,0,0,87
2026-05-25 11:40:28.931298,26.0,63.0,99,0,0,87
2026-05-25 11:40:29.897010,26.0,63.0,98,0,0,87
2026-05-25 11:40:30.990898,26.0,63.0,99,0,0,87
2026-05-25 11:40:32.016784,26.0,63.0,100,0,0,87
2026-05-25 11:40:33.043902,26.0,63.0,99,0,0,87
2026-05-25 11:40:34.076611,26.0,63.0,99,0,0,87
2026-05-25 11:40:35.105367,26.0,63.0,99,0,0,87
2026-05-25 11:40:36.182719,26.0,63.0,100,0,0,87
2026-05-25 11:40:37.240197,26.0,63.0,99,0,0,87
2026-05-25 11:40:38.273185,26.0,63.0,100,0,0,87
2026-05-25 11:40:39.255575,26.0,63.0,99,0,0,87
2026-05-25 11:40:40.329323,26.0,63.0,99,0,0,87
2026-05-25 11:40:41.340447,26.0,63.0,98,0,0,87
2026-05-25 11:40:42.394703,26.0,63.0,99,0,0,87
2026-05-25 11:40:43.357761,26.0,63.0,99,0,0,87
2026-05-25 11:40:44.495703,26.0,63.0,98,0,0,87
2026-05-25 11:40:45.559222,26.0,63.0,99,0,0,87
2026-05-25 11:40:46.639254,26.0,63.0,100,0,0,87
2026-05-25 11:40:47.683495,26.0,63.0,98,0,0,87
2026-05-25 11:40:48.730973,26.0,63.0,99,0,0,87
2026-05-25 11:40:49.775110,26.0,63.0,99,0,0,87
2026-05-25 11:40:50.886499,26.0,63.0,99,0,0,87
2026-05-25 11:40:51.886294,26.0,63.0,98,0,0,87
2026-05-25 11:40:52.933665,26.0,63.0,96,0,0,87
2026-05-25 11:40:53.993659,26.0,63.0,98,0,0,87
2026-05-25 11:40:55.040451,26.0,63.0,99,0,0,87
2026-05-25 11:40:56.013516,26.0,63.0,98,0,0,87
2026-05-25 11:40:57.032175,26.0,63.0,99,0,0,87
2026-05-25 11:40:58.057567,26.0,63.0,97,0,0,87
2026-05-25 11:40:59.176195,26.0,63.0,98,0,0,87
2026-05-25 11:41:00.250831,26.0,63.0,98,0,0,87
2026-05-25 11:41:01.334929,26.0,63.0,98,0,0,87
2026-05-25 11:41:02.452993,26.0,63.0,99,0,0,87
2026-05-25 11:41:03.532090,26.0,63.0,99,0,0,87
2026-05-25 11:41:04.631230,26.0,63.0,99,0,0,87
2026-05-25 11:41:05.701994,26.0,63.0,99,0,0,87
2026-05-25 11:41:06.690392,26.0,63.0,96,0,0,87
2026-05-25 11:41:07.762978,26.0,63.0,98,0,0,87
2026-05-25 11:41:08.859016,26.0,63.0,100,0,0,87
2026-05-25 11:41:09.918073,26.0,63.0,100,0,0,87
2026-05-25 11:41:10.986527,26.0,63.0,99,0,0,87
2026-05-25 11:41:12.114488,26.0,63.0,100,0,0,87
2026-05-25 11:41:13.179212,26.0,63.0,98,0,0,87
2026-05-25 11:41:14.164644,26.0,63.0,99,0,0,87
2026-05-25 11:41:15.225147,26.0,63.0,99,0,0,87
2026-05-25 11:41:16.229463,26.0,63.0,99,0,0,87
2026-05-25 11:41:17.246699,26.0,63.0,99,0,0,87
2026-05-25 11:41:18.347427,26.0,63.0,100,0,0,87
2026-05-25 11:41:19.378763,26.0,63.0,99,0,0,87
2026-05-25 11:41:20.413636,26.0,63.0,99,0,0,87
2026-05-25 11:41:21.444661,26.0,63.0,99,0,0,87
2026-05-25 11:41:22.455654,26.0,63.0,98,0,0,87
2026-05-25 11:41:23.451805,26.0,63.0,99,0,0,87
2026-05-25 11:41:24.492670,26.0,63.0,100,0,0,87
2026-05-25 11:41:25.525527,26.0,63.0,98,0,0,87
2026-05-25 11:41:26.564167,26.0,63.0,100,0,0,87
2026-05-25 11:41:27.588615,26.0,63.0,100,0,0,87
2026-05-25 11:41:28.595300,26.0,63.0,100,0,0,87
2026-05-25 11:41:29.634635,26.0,63.0,96,0,0,87
2026-05-25 11:41:30.702502,26.0,63.0,99,0,0,87
2026-05-25 11:41:31.637617,26.0,63.0,99,0,0,87
2026-05-25 11:41:32.714581,26.0,63.0,99,0,0,87
2026-05-25 11:41:33.712903,26.0,63.0,99,0,0,87
2026-05-25 11:41:34.702525,26.0,63.0,99,0,0,87
2026-05-25 11:41:35.776842,26.0,63.0,99,0,0,87
2026-05-25 11:41:36.732556,26.0,63.0,100,0,0,87
2026-05-25 11:41:37.833379,26.0,63.0,99,0,0,87
2026-05-25 11:41:38.883841,26.0,63.0,99,0,0,87
2026-05-25 11:41:39.982700,26.0,63.0,99,0,0,87
2026-05-25 11:41:40.982646,26.0,63.0,100,0,0,87
2026-05-25 11:41:42.108385,26.0,63.0,100,0,0,87
2026-05-25 11:41:43.152661,26.0,63.0,100,0,0,87
2026-05-25 11:41:44.191956,26.0,63.0,99,0,0,87
2026-05-25 11:41:45.185239,26.0,63.0,100,0,0,87
2026-05-25 11:41:46.217043,26.0,63.0,99,0,0,87
2026-05-25 11:41:47.263005,26.0,63.0,100,0,0,87
2026-05-25 11:41:48.294612,26.0,63.0,99,0,0,87
2026-05-25 11:41:49.317541,26.0,63.0,99,0,0,87
2026-05-25 11:41:50.340315,26.0,63.0,98,0,0,87
2026-05-25 11:41:51.384261,26.0,63.0,100,0,0,87
2026-05-25 11:41:52.401674,26.0,63.0,99,0,0,87
2026-05-25 11:41:53.424520,26.0,63.0,100,0,0,87
2026-05-25 11:41:54.423862,26.0,63.0,99,0,0,87
2026-05-25 11:41:55.492551,26.0,63.0,100,0,0,87
2026-05-25 11:41:56.513498,26.0,63.0,98,0,0,87
2026-05-25 11:41:57.542932,26.0,63.0,99,0,0,87
2026-05-25 11:41:58.608591,26.0,63.0,99,0,0,87
2026-05-25 11:41:59.586642,26.0,63.0,99,0,0,87
2026-05-25 11:42:00.601048,26.0,63.0,99,0,0,87
2026-05-25 11:42:01.776030,26.0,63.0,100,0,0,87
2026-05-25 11:42:02.928288,26.0,63.0,99,0,0,87
2026-05-25 11:42:03.952743,26.0,63.0,99,0,0,87
2026-05-25 11:42:05.048980,26.0,63.0,99,0,0,87
2026-05-25 11:42:06.081423,26.0,63.0,99,0,0,87
2026-05-25 11:42:07.163359,26.0,63.0,99,0,0,87
2026-05-25 11:42:08.144116,26.0,63.0,100,0,0,87
2026-05-25 11:42:09.149680,26.0,63.0,96,0,0,87
2026-05-25 11:42:10.226214,26.0,63.0,99,0,0,87
2026-05-25 11:42:11.273131,26.0,63.0,99,0,0,87
2026-05-25 11:42:12.437661,26.0,63.0,99,0,0,87
2026-05-25 11:42:13.479343,26.0,63.0,99,0,0,87
2026-05-25 11:42:14.453552,26.0,63.0,100,0,0,87
2026-05-25 11:42:15.448839,26.0,63.0,99,0,0,87
2026-05-25 11:42:16.538030,26.0,63.0,100,0,0,87
2026-05-25 11:42:17.615438,26.0,63.0,99,0,0,87
2026-05-25 11:42:18.758036,26.0,63.0,99,0,0,87
2026-05-25 11:42:19.853694,26.0,63.0,98,0,0,87
2026-05-25 11:42:20.991686,26.0,63.0,99,0,0,87
2026-05-25 11:42:22.149678,26.0,63.0,98,0,0,87
2026-05-25 11:42:23.252263,26.0,63.0,100,0,0,87
2026-05-25 11:42:24.286465,26.0,63.0,97,0,0,87
2026-05-25 11:42:25.319465,26.0,63.0,100,0,0,87
2026-05-25 11:42:26.333047,26.0,63.0,99,0,0,87
2026-05-25 11:42:27.327980,26.0,63.0,100,0,0,87
2026-05-25 11:42:28.337194,26.0,63.0,99,0,0,87
2026-05-25 11:42:29.481670,26.0,63.0,99,0,0,87
2026-05-25 11:42:30.459862,26.0,63.0,97,0,0,87
2026-05-25 11:42:31.560849,26.0,63.0,99,0,0,87
2026-05-25 11:42:32.671805,26.0,63.0,99,0,0,87
2026-05-25 11:42:33.654360,26.0,63.0,100,0,0,87
2026-05-25 11:42:34.694311,26.0,63.0,99,0,0,87
2026-05-25 11:42:35.701079,26.0,63.0,99,0,0,87
2026-05-25 11:42:36.669033,26.0,63.0,99,0,0,87
2026-05-25 11:42:37.706211,26.0,63.0,100,0,0,87
2026-05-25 11:42:38.718324,26.0,63.0,99,0,0,87
2026-05-25 11:42:39.749054,26.0,63.0,100,0,0,87
2026-05-25 11:42:40.766866,26.0,63.0,99,0,0,87
2026-05-25 11:42:41.829723,26.0,63.0,99,0,0,87
2026-05-25 11:42:42.854251,26.0,63.0,99,0,0,87
2026-05-25 11:42:43.932929,26.0,63.0,99,0,0,87
2026-05-25 11:42:44.940618,26.0,63.0,99,0,0,87
2026-05-25 11:42:45.987782,26.0,63.0,98,0,0,87
2026-05-25 11:42:46.985569,26.0,63.0,99,0,0,87
2026-05-25 11:42:48.061628,26.0,63.0,100,0,0,87
2026-05-25 11:42:49.096077,26.0,63.0,98,0,0,87
2026-05-25 11:42:50.132044,26.0,63.0,99,0,0,87
2026-05-25 11:42:51.177200,26.0,63.0,99,0,0,87
2026-05-25 11:42:52.229194,26.0,63.0,99,0,0,87
2026-05-25 11:42:53.293424,26.0,63.0,99,0,0,87
2026-05-25 11:42:54.349050,26.0,63.0,100,0,0,87
2026-05-25 11:42:55.411884,26.0,63.0,98,0,0,87
2026-05-25 11:42:56.463528,26.0,63.0,99,0,0,87
2026-05-25 11:42:57.555269,26.0,61.0,98,0,0,87
2026-05-25 11:42:58.600284,26.0,63.0,100,0,0,87
2026-05-25 11:42:59.624792,26.0,63.0,99,0,0,87
2026-05-25 11:43:00.665635,26.0,63.0,99,0,0,87
2026-05-25 11:43:01.754347,26.0,63.0,98,0,0,87
2026-05-25 11:43:02.777901,26.0,63.0,100,0,0,87
2026-05-25 11:43:03.816796,26.0,63.0,99,0,0,87
2026-05-25 11:43:04.811562,26.0,63.0,99,0,0,87
2026-05-25 11:43:05.821068,26.0,63.0,99,0,0,87
2026-05-25 11:43:06.819297,26.0,63.0,99,0,0,87
2026-05-25 11:43:07.955041,26.0,63.0,99,0,0,87
2026-05-25 11:43:08.976591,26.0,61.0,100,0,0,87
2026-05-25 11:43:09.976167,26.0,63.0,99,0,0,87
2026-05-25 11:43:10.964922,26.0,63.0,99,0,0,87
2026-05-25 11:43:11.985808,26.0,63.0,99,0,0,87
2026-05-25 11:43:13.031670,26.0,63.0,100,0,0,87
2026-05-25 11:43:14.066414,26.0,63.0,98,0,0,87
2026-05-25 11:43:15.084666,26.0,63.0,100,0,0,87
2026-05-25 11:43:16.136584,26.0,63.0,99,0,0,87
2026-05-25 11:43:17.179361,26.0,63.0,99,0,0,87
2026-05-25 11:43:18.157563,26.0,63.0,96,0,0,87
2026-05-25 11:43:19.240533,26.0,63.0,100,0,0,87
2026-05-25 11:43:20.238612,26.0,63.0,98,0,0,87
2026-05-25 11:43:21.267714,26.0,61.0,99,0,0,87
2026-05-25 11:43:22.330557,26.0,63.0,99,0,0,87
2026-05-25 11:43:23.376606,26.0,63.0,100,0,0,87
2026-05-25 11:43:24.413452,26.0,63.0,97,0,0,87
2026-05-25 11:43:25.488139,26.0,63.0,100,0,0,87
2026-05-25 11:43:26.481717,26.0,63.0,99,0,0,87
2026-05-25 11:43:27.495169,26.0,63.0,99,0,0,87
2026-05-25 11:43:28.529406,26.0,63.0,98,0,0,87
2026-05-25 11:43:29.535156,26.0,63.0,99,0,0,87
2026-05-25 11:43:30.574580,26.0,63.0,100,0,0,87
2026-05-25 11:43:31.617743,26.0,63.0,99,0,0,87
2026-05-25 11:43:32.615256,26.0,63.0,99,0,0,87
2026-05-25 11:43:33.650796,26.0,63.0,99,0,0,87
2026-05-25 11:43:34.653411,26.0,63.0,99,0,0,87
2026-05-25 11:43:35.661390,26.0,63.0,99,0,0,87
2026-05-25 11:43:36.685847,26.0,63.0,99,0,0,87
2026-05-25 11:43:37.748452,26.0,63.0,100,0,0,87
2026-05-25 11:43:38.818137,26.0,63.0,99,0,0,87
2026-05-25 11:43:39.800180,26.0,63.0,99,0,0,87
2026-05-25 11:43:40.886069,26.0,63.0,99,0,0,87
2026-05-25 11:43:42.009674,26.0,63.0,99,0,0,87
2026-05-25 11:43:43.147017,26.0,63.0,99,0,0,87
2026-05-25 11:43:44.184452,26.0,63.0,99,0,0,87
2026-05-25 11:43:45.221557,26.0,63.0,99,0,0,87
2026-05-25 11:43:46.245267,26.0,63.0,100,0,0,87
2026-05-25 11:43:47.274957,26.0,63.0,96,0,0,87
2026-05-25 11:43:48.316808,26.0,63.0,100,0,0,87
2026-05-25 11:43:49.368687,26.0,63.0,99,0,0,87
2026-05-25 11:43:50.462333,26.0,63.0,99,0,0,87
2026-05-25 11:43:51.534828,26.0,63.0,99,0,0,87
2026-05-25 11:43:52.592144,26.0,63.0,100,0,0,87
2026-05-25 11:43:53.706775,26.0,63.0,98,0,0,87
2026-05-25 11:43:54.714929,26.0,63.0,99,0,0,87
2026-05-25 11:43:55.749019,26.0,63.0,100,0,0,87
2026-05-25 11:43:56.788704,26.0,63.0,99,0,0,87
2026-05-25 11:43:57.946937,26.0,63.0,99,0,0,87
2026-05-25 11:43:58.959816,26.0,63.0,99,0,0,87
2026-05-25 11:43:59.961382,26.0,63.0,96,0,0,87
2026-05-25 11:44:00.982204,26.0,63.0,98,0,0,87
2026-05-25 11:44:01.991265,26.0,63.0,98,0,0,87
2026-05-25 11:44:03.091238,26.0,63.0,100,0,0,87
2026-05-25 11:44:04.107395,26.0,63.0,99,0,0,87
2026-05-25 11:44:05.194486,26.0,63.0,100,0,0,87
2026-05-25 11:44:06.348042,26.0,63.0,99,0,0,87
2026-05-25 11:44:07.428450,26.0,63.0,99,0,0,87
2026-05-25 11:44:08.474991,26.0,63.0,98,0,0,87
2026-05-25 11:44:09.488260,26.0,63.0,100,0,0,87
2026-05-25 11:44:10.490503,26.0,63.0,96,0,0,87
2026-05-25 11:44:11.532096,26.0,63.0,100,0,0,87
2026-05-25 11:44:12.533738,26.0,63.0,99,0,0,87
2026-05-25 11:44:13.690612,26.0,63.0,100,0,0,87
2026-05-25 11:44:14.690386,26.0,63.0,99,0,0,87
2026-05-25 11:44:15.760154,26.0,63.0,100,0,0,87
2026-05-25 11:44:16.786227,26.0,63.0,99,0,0,87
2026-05-25 11:44:17.753758,26.0,63.0,100,0,0,87
2026-05-25 11:44:18.797337,26.0,63.0,99,0,0,87
2026-05-25 11:44:19.845323,26.0,63.0,99,0,0,87
2026-05-25 11:44:20.892393,26.0,63.0,99,0,0,87
2026-05-25 11:44:21.924547,26.0,63.0,99,0,0,87
2026-05-25 11:44:22.918254,26.0,63.0,99,0,0,87
2026-05-25 11:44:23.929070,26.0,63.0,98,0,0,87
2026-05-25 11:44:25.028761,26.0,63.0,99,0,0,87
2026-05-25 11:44:26.031032,26.0,63.0,100,0,0,87
2026-05-25 11:44:27.069155,26.0,63.0,99,0,0,87
2026-05-25 11:44:28.069853,26.0,63.0,100,0,0,87
2026-05-25 11:44:29.073043,26.0,63.0,99,0,0,87
2026-05-25 11:44:30.129993,26.0,63.0,100,0,0,87
2026-05-25 11:44:31.217468,26.0,63.0,99,0,0,87
2026-05-25 11:44:32.274941,26.0,63.0,100,0,0,87
2026-05-25 11:44:33.289315,26.0,63.0,99,0,0,87
2026-05-25 11:44:34.346136,26.0,63.0,99,0,0,87
2026-05-25 11:44:35.363145,26.0,63.0,99,0,0,87
2026-05-25 11:44:36.464780,26.0,63.0,100,0,0,87
2026-05-25 11:44:37.495456,26.0,63.0,96,0,0,87
2026-05-25 11:44:38.494277,26.0,63.0,99,0,0,87
2026-05-25 11:44:39.560201,26.0,63.0,97,0,0,87
2026-05-25 11:44:40.558700,26.0,63.0,99,0,0,87
2026-05-25 11:44:41.559075,26.0,63.0,100,0,0,87
2026-05-25 11:44:42.590689,26.0,63.0,100,0,0,87
2026-05-25 11:44:43.605716,26.0,63.0,98,0,0,87
2026-05-25 11:44:44.617410,26.0,63.0,99,0,0,87
2026-05-25 11:44:45.611259,26.0,63.0,98,0,0,87
2026-05-25 11:44:46.683990,26.0,63.0,100,0,0,87
2026-05-25 11:44:47.702947,26.0,63.0,99,0,0,87
2026-05-25 11:44:48.776034,26.0,63.0,100,0,0,87
2026-05-25 11:44:49.776359,26.0,63.0,99,0,0,87
2026-05-25 11:44:50.801332,26.0,63.0,99,0,0,87
2026-05-25 11:44:51.857216,26.0,63.0,99,0,0,87
2026-05-25 11:44:52.871608,26.0,63.0,99,0,0,87
2026-05-25 11:44:53.888804,26.0,63.0,99,0,0,87
2026-05-25 11:44:54.916894,26.0,61.0,99,0,0,87
2026-05-25 11:44:55.951213,26.0,63.0,99,0,0,87
2026-05-25 11:44:57.096174,26.0,61.0,99,0,0,87
2026-05-25 11:44:58.122055,26.0,61.0,99,0,0,87
2026-05-25 11:44:59.142489,26.0,63.0,99,0,0,87
2026-05-25 11:45:00.263521,26.0,61.0,99,0,0,87
2026-05-25 11:45:01.319996,26.0,61.0,99,0,0,87
2026-05-25 11:45:02.373923,26.0,61.0,99,0,0,87
2026-05-25 11:45:03.376888,26.0,61.0,99,0,0,87
2026-05-25 11:45:04.364403,26.0,61.0,99,0,0,87
2026-05-25 11:45:05.348336,26.0,61.0,100,0,0,87
2026-05-25 11:45:06.521326,26.0,61.0,99,0,0,87
2026-05-25 11:45:07.577326,26.0,61.0,99,0,0,87
2026-05-25 11:45:08.641775,26.0,61.0,99,0,0,87
2026-05-25 11:45:09.734799,26.0,61.0,100,0,0,87
2026-05-25 11:45:10.761542,26.0,61.0,98,0,0,87
2026-05-25 11:45:11.868920,26.0,61.0,99,0,0,87
2026-05-25 11:45:12.880670,26.0,61.0,96,0,0,87
2026-05-25 11:45:13.917232,26.0,61.0,100,0,0,87
2026-05-25 11:45:14.877336,26.0,61.0,97,0,0,87
2026-05-25 11:45:15.900244,26.0,61.0,99,0,0,87
2026-05-25 11:45:17.005000,26.0,61.0,100,0,0,87
2026-05-25 11:45:18.039414,26.0,61.0,100,0,0,87
2026-05-25 11:45:19.016993,26.0,61.0,99,0,0,87
2026-05-25 11:45:20.060677,26.0,61.0,100,0,0,87
2026-05-25 11:45:21.103512,26.0,61.0,97,0,0,87
2026-05-25 11:45:23.114879,26.0,61.0,98,0,0,87
2026-05-25 11:45:24.135043,26.0,61.0,100,0,0,87
2026-05-25 11:45:25.187678,26.0,61.0,98,0,0,87
2026-05-25 11:45:26.190156,26.0,61.0,100,0,0,87
2026-05-25 11:45:27.215514,26.0,61.0,99,0,0,87
2026-05-25 11:45:28.238099,26.0,61.0,99,0,0,87
2026-05-25 11:45:29.312370,26.0,61.0,99,0,0,87
2026-05-25 11:45:30.374954,26.0,61.0,100,0,0,87
2026-05-25 11:45:31.391500,26.0,61.0,98,0,0,87
2026-05-25 11:45:32.457365,26.0,61.0,100,0,0,87
2026-05-25 11:45:33.418686,26.0,61.0,99,0,0,87
2026-05-25 11:45:34.461369,26.0,61.0,100,0,0,87
2026-05-25 11:45:35.469222,26.0,61.0,99,0,0,87
2026-05-25 11:45:36.511495,26.0,61.0,99,0,0,87
2026-05-25 11:45:37.614875,26.0,61.0,99,0,0,87
2026-05-25 11:45:38.601479,26.0,61.0,99,0,0,87
2026-05-25 11:45:39.653176,26.0,61.0,99,0,0,87
2026-05-25 11:45:40.783934,26.0,61.0,99,0,0,87
2026-05-25 11:45:41.796282,26.0,61.0,99,0,0,87
2026-05-25 11:45:42.804665,26.0,61.0,100,0,0,87
2026-05-25 11:45:43.811173,26.0,61.0,99,0,0,87
2026-05-25 11:45:44.794376,26.0,61.0,99,0,0,87
2026-05-25 11:45:45.833375,26.0,61.0,99,0,0,87
2026-05-25 11:45:46.844456,26.0,61.0,98,0,0,87
2026-05-25 11:45:47.886088,26.0,61.0,99,0,0,87
2026-05-25 11:45:48.872238,26.0,61.0,100,0,0,87
2026-05-25 11:45:49.954705,26.0,61.0,99,0,0,87
2026-05-25 11:45:50.975435,26.0,61.0,99,0,0,87
2026-05-25 11:45:51.966453,26.0,61.0,100,0,0,87
2026-05-25 11:45:53.029389,26.0,61.0,100,0,0,87
2026-05-25 11:45:54.078902,26.0,61.0,99,0,0,87
2026-05-25 11:45:55.123230,26.0,61.0,99,0,0,87
2026-05-25 11:45:56.221791,26.0,61.0,99,0,0,87
2026-05-25 11:45:57.344427,26.0,61.0,100,0,0,87
2026-05-25 11:45:58.387583,26.0,61.0,99,0,0,87
2026-05-25 11:45:59.451114,26.0,61.0,98,0,0,87
2026-05-25 11:46:00.423914,26.0,61.0,100,0,0,87
2026-05-25 11:46:01.482331,26.0,61.0,99,0,0,87
2026-05-25 11:46:02.550614,26.0,61.0,98,0,0,87
2026-05-25 11:46:03.550702,26.0,61.0,100,0,0,87
2026-05-25 11:46:04.626314,26.0,61.0,96,0,0,87
2026-05-25 11:46:05.648083,26.0,61.0,98,0,0,87
2026-05-25 11:46:06.677439,26.0,61.0,99,0,0,87
2026-05-25 11:46:07.737150,26.0,61.0,97,0,0,87
2026-05-25 11:46:08.756571,26.0,61.0,99,0,0,87
2026-05-25 11:46:09.813152,26.0,61.0,98,0,0,87
2026-05-25 11:46:10.808496,26.0,61.0,99,0,0,87
2026-05-25 11:46:11.813665,26.0,61.0,100,0,0,87
2026-05-25 11:46:12.807029,26.0,61.0,99,0,0,87
2026-05-25 11:46:13.865906,26.0,63.0,99,0,0,87
2026-05-25 11:46:14.901752,26.0,61.0,98,0,0,87
2026-05-25 11:46:15.965591,26.0,61.0,99,0,0,87
2026-05-25 11:46:17.091822,26.0,61.0,99,0,0,87
2026-05-25 11:46:18.105954,26.0,61.0,99,0,0,87
2026-05-25 11:46:19.174045,26.0,61.0,99,0,0,87
2026-05-25 11:46:20.141786,26.0,61.0,100,0,0,87
2026-05-25 11:46:21.317111,26.0,61.0,100,0,0,87
2026-05-25 11:46:22.447917,26.0,61.0,100,0,0,87
2026-05-25 11:46:23.482315,26.0,61.0,99,0,0,87
2026-05-25 11:46:24.512575,26.0,61.0,98,0,0,87
2026-05-25 11:46:25.538471,26.0,61.0,99,0,0,87
2026-05-25 11:46:26.588681,26.0,61.0,100,0,0,87
2026-05-25 11:46:27.607034,26.0,61.0,99,0,0,87
2026-05-25 11:46:28.768270,26.0,61.0,100,0,0,87
2026-05-25 11:46:29.861415,26.0,61.0,96,0,0,87
2026-05-25 11:46:30.914222,26.0,61.0,99,0,0,87
2026-05-25 11:46:31.897130,26.0,61.0,100,0,0,87
2026-05-25 11:46:32.994600,26.0,61.0,99,0,0,87
2026-05-25 11:46:34.045987,26.0,61.0,97,0,0,87
2026-05-25 11:46:35.085483,26.0,61.0,100,0,0,87
2026-05-25 11:46:36.134657,26.0,61.0,100,0,0,87
2026-05-25 11:46:37.265045,26.0,61.0,97,0,0,87
2026-05-25 11:46:38.290853,26.0,61.0,100,0,0,87
2026-05-25 11:46:39.360048,26.0,61.0,100,0,0,87
2026-05-25 11:46:40.396606,26.0,61.0,99,0,0,87
2026-05-25 11:46:41.396422,26.0,61.0,99,0,0,87
2026-05-25 11:46:42.454477,26.0,61.0,98,0,0,87
2026-05-25 11:46:43.522810,26.0,61.0,100,0,0,87
2026-05-25 11:46:44.509097,26.0,61.0,99,0,0,87
2026-05-25 11:46:45.552725,26.0,61.0,99,0,0,87
2026-05-25 11:46:46.614031,26.0,61.0,100,0,0,87
2026-05-25 11:46:47.677450,26.0,61.0,98,0,0,87
2026-05-25 11:46:48.674034,26.0,61.0,99,0,0,87
2026-05-25 11:46:49.797092,26.0,61.0,99,0,0,87
2026-05-25 11:46:50.823030,26.0,61.0,99,0,0,87
2026-05-25 11:46:51.869274,26.0,61.0,100,0,0,87
2026-05-25 11:46:52.897018,26.0,61.0,99,0,0,87
2026-05-25 11:46:53.993541,26.0,61.0,98,0,0,87
2026-05-25 11:46:54.997555,26.0,61.0,99,0,0,87
2026-05-25 11:46:56.030301,26.0,61.0,99,0,0,87
2026-05-25 11:46:57.041620,26.0,61.0,98,0,0,87
2026-05-25 11:46:58.172652,26.0,61.0,99,0,0,87
2026-05-25 11:46:59.388896,26.0,61.0,99,0,0,87
2026-05-25 11:47:00.466650,26.0,61.0,99,0,0,87
2026-05-25 11:47:01.501293,26.0,61.0,99,0,0,87
2026-05-25 11:47:02.554936,26.0,61.0,99,0,0,87
2026-05-25 11:47:03.591711,26.0,61.0,99,0,0,87
2026-05-25 11:47:04.609356,26.0,61.0,100,0,0,87
2026-05-25 11:47:05.644977,26.0,61.0,99,0,0,87
2026-05-25 11:47:06.651593,26.0,61.0,98,0,0,87
2026-05-25 11:47:07.665000,26.0,61.0,98,0,0,87
2026-05-25 11:47:08.672281,26.0,61.0,100,0,0,87
2026-05-25 11:47:09.742501,26.0,61.0,99,0,0,87
2026-05-25 11:47:10.845356,26.0,61.0,100,0,0,87
2026-05-25 11:47:11.910908,26.0,61.0,99,0,0,87
2026-05-25 11:47:12.947486,26.0,61.0,96,0,0,87
2026-05-25 11:47:14.007827,26.0,61.0,99,0,0,87
2026-05-25 11:47:14.995118,26.0,61.0,100,0,0,87
2026-05-25 11:47:16.006000,26.0,61.0,99,0,0,87
2026-05-25 11:47:17.028739,26.0,61.0,96,0,0,87
2026-05-25 11:47:18.084744,26.0,61.0,99,0,0,87
2026-05-25 11:47:19.114848,26.0,61.0,100,0,0,87
2026-05-25 11:47:20.157504,26.0,61.0,99,0,0,87
2026-05-25 11:47:21.197472,26.0,61.0,100,0,0,87
2026-05-25 11:47:22.292644,26.0,61.0,99,0,0,87
2026-05-25 11:47:23.332537,26.0,61.0,99,0,0,87
2026-05-25 11:47:24.355220,26.0,61.0,99,0,0,87
2026-05-25 11:47:25.375110,26.0,61.0,98,0,0,87
2026-05-25 11:47:26.544182,26.0,61.0,96,0,0,87
2026-05-25 11:47:27.541616,26.0,61.0,99,0,0,87
2026-05-25 11:47:28.649519,26.0,61.0,99,0,0,87
2026-05-25 11:47:29.710807,26.0,61.0,99,0,0,87
2026-05-25 11:47:30.736510,26.0,61.0,98,0,0,87
2026-05-25 11:47:31.767684,26.0,61.0,100,0,0,87
2026-05-25 11:47:32.832275,26.0,61.0,99,0,0,87
2026-05-25 11:47:33.862761,26.0,61.0,99,0,0,87
2026-05-25 11:47:34.890101,26.0,61.0,98,0,0,87
2026-05-25 11:47:36.014537,26.0,61.0,100,0,0,87
2026-05-25 11:47:37.032137,26.0,61.0,99,0,0,87
2026-05-25 11:47:38.075330,26.0,61.0,98,0,0,87
2026-05-25 11:47:39.109177,26.0,61.0,99,0,0,87
2026-05-25 11:47:40.083403,26.0,61.0,99,0,0,87
2026-05-25 11:47:41.095670,26.0,61.0,98,0,0,87
2026-05-25 11:47:42.128009,26.0,61.0,99,0,0,87
2026-05-25 11:47:43.248373,26.0,61.0,100,0,0,87
2026-05-25 11:47:44.297780,26.0,61.0,100,0,0,87
2026-05-25 11:47:45.309488,26.0,61.0,97,0,0,87
2026-05-25 11:47:46.356154,26.0,61.0,100,0,0,87
2026-05-25 11:47:47.381814,26.0,61.0,99,0,0,87
2026-05-25 11:47:48.408845,26.0,61.0,99,0,0,87
2026-05-25 11:47:49.505770,26.0,61.0,98,0,0,87
2026-05-25 11:47:50.517380,26.0,61.0,99,0,0,87
2026-05-25 11:47:51.552814,26.0,61.0,99,0,0,87
2026-05-25 11:47:52.651084,26.0,61.0,100,0,0,87
2026-05-25 11:47:53.780446,26.0,61.0,99,0,0,87
2026-05-25 11:47:54.845693,26.0,61.0,99,0,0,87
2026-05-25 11:47:55.880074,26.0,61.0,99,0,0,87
2026-05-25 11:47:56.900866,26.0,61.0,100,0,0,87
2026-05-25 11:47:57.896136,26.0,61.0,99,0,0,87
2026-05-25 11:47:58.951303,26.0,61.0,100,0,0,87
2026-05-25 11:48:00.039323,26.0,61.0,96,0,0,87
2026-05-25 11:48:01.152914,26.0,61.0,99,0,0,87
2026-05-25 11:48:02.193177,26.0,61.0,99,0,0,87
2026-05-25 11:48:03.162493,26.0,61.0,100,0,0,87
2026-05-25 11:48:04.221431,26.0,61.0,98,0,0,87
2026-05-25 11:48:05.216308,26.0,61.0,98,0,0,87
2026-05-25 11:48:06.236995,26.0,61.0,99,0,0,87
2026-05-25 11:48:07.289357,26.0,61.0,99,0,0,87
2026-05-25 11:48:08.350583,26.0,61.0,99,0,0,87
2026-05-25 11:48:09.331434,26.0,61.0,99,0,0,87
2026-05-25 11:48:10.362488,26.0,61.0,99,0,0,87
2026-05-25 11:48:11.396489,26.0,61.0,100,0,0,87
2026-05-25 11:48:12.447915,26.0,61.0,99,0,0,87
2026-05-25 11:48:13.453656,26.0,61.0,98,0,0,87
2026-05-25 11:48:14.459671,26.0,61.0,99,0,0,87
2026-05-25 11:48:15.481102,26.0,61.0,99,0,0,87
2026-05-25 11:48:16.489254,26.0,61.0,97,0,0,87
2026-05-25 11:48:17.592924,26.0,61.0,100,0,0,87
2026-05-25 11:48:18.660218,26.0,61.0,99,0,0,87
2026-05-25 11:48:19.636686,26.0,61.0,100,0,0,87
2026-05-25 11:48:20.656378,26.0,61.0,96,0,0,87
2026-05-25 11:48:21.649409,26.0,61.0,100,0,0,87
2026-05-25 11:48:22.709644,26.0,61.0,100,0,0,87
2026-05-25 11:48:23.741974,26.0,61.0,100,0,0,87
2026-05-25 11:48:24.756637,26.0,61.0,99,0,0,87
2026-05-25 11:48:25.777033,26.0,61.0,100,0,0,87
2026-05-25 11:48:26.912460,26.0,61.0,99,0,0,87
2026-05-25 11:48:27.984889,26.0,61.0,99,0,0,87
2026-05-25 11:48:29.007259,26.0,61.0,99,0,0,87
2026-05-25 11:48:30.051446,26.0,61.0,99,0,0,87
2026-05-25 11:48:31.082531,26.0,61.0,99,0,0,87
2026-05-25 11:48:32.096151,26.0,61.0,98,0,0,87
2026-05-25 11:48:33.194262,26.0,61.0,99,0,0,87
2026-05-25 11:48:34.311178,26.0,61.0,100,0,0,87
2026-05-25 11:48:35.325314,26.0,61.0,99,0,0,87
2026-05-25 11:48:36.393538,26.0,61.0,100,0,0,87
2026-05-25 11:48:37.502008,26.0,61.0,99,0,0,87
2026-05-25 11:48:38.659141,26.0,61.0,100,0,0,87
2026-05-25 11:48:39.719520,26.0,61.0,99,0,0,87
2026-05-25 11:48:40.729308,26.0,61.0,100,0,0,87
2026-05-25 11:48:41.825357,26.0,61.0,100,0,0,87
2026-05-25 11:48:42.907970,26.0,61.0,99,0,0,87
2026-05-25 11:48:44.049217,26.0,61.0,98,0,0,87
2026-05-25 11:48:45.086491,26.0,61.0,99,0,0,87
2026-05-25 11:48:46.088270,26.0,61.0,99,0,0,87
2026-05-25 11:48:47.101673,26.0,61.0,99,0,0,87
2026-05-25 11:48:48.128500,26.0,61.0,99,0,0,87
2026-05-25 11:48:49.161839,26.0,61.0,98,0,0,87
2026-05-25 11:48:50.176400,26.0,63.0,99,0,0,87
2026-05-25 11:48:51.201772,26.0,61.0,100,0,0,87
2026-05-25 11:48:52.217200,26.0,63.0,99,0,0,87
2026-05-25 11:48:53.272869,26.0,63.0,98,0,0,87
2026-05-25 11:48:54.301731,26.0,63.0,99,0,0,87
2026-05-25 11:48:55.364462,26.0,63.0,97,0,0,87
2026-05-25 11:48:56.493431,26.0,63.0,99,0,0,87
2026-05-25 11:48:57.529901,26.0,63.0,100,0,0,87
2026-05-25 11:48:58.570815,26.0,63.0,99,0,0,87
2026-05-25 11:48:59.627872,26.0,63.0,100,0,0,87
2026-05-25 11:49:00.692197,26.0,63.0,99,0,0,87
2026-05-25 11:49:01.763276,26.0,63.0,100,0,0,87
2026-05-25 11:49:02.903827,26.0,63.0,99,0,0,87
2026-05-25 11:49:03.901736,26.0,63.0,100,0,0,87
2026-05-25 11:49:04.919205,26.0,63.0,96,0,0,87
2026-05-25 11:49:06.017432,26.0,63.0,99,0,0,87
2026-05-25 11:49:07.072864,26.0,63.0,99,0,0,87
2026-05-25 11:49:08.050666,26.0,63.0,98,0,0,87
2026-05-25 11:49:09.104353,26.0,63.0,99,0,0,87
2026-05-25 11:49:10.143873,26.0,63.0,100,0,0,87
2026-05-25 11:49:11.216997,26.0,63.0,100,0,0,87
2026-05-25 11:49:12.284159,26.0,63.0,99,0,0,87
2026-05-25 11:49:13.388012,26.0,63.0,99,0,0,87
2026-05-25 11:49:14.390199,26.0,61.0,100,0,0,87
2026-05-25 11:49:15.500012,26.0,63.0,98,0,0,87
2026-05-25 11:49:16.508732,26.0,63.0,98,0,0,87
2026-05-25 11:49:17.609990,26.0,63.0,99,0,0,87
2026-05-25 11:49:18.663043,26.0,63.0,99,0,0,87
2026-05-25 11:49:19.732626,26.0,63.0,97,0,0,87
2026-05-25 11:49:20.743517,26.0,63.0,99,0,0,87
2026-05-25 11:49:21.736363,26.0,63.0,99,0,0,87
2026-05-25 11:49:22.838871,26.0,63.0,99,0,0,87
2026-05-25 11:49:23.868260,26.0,63.0,99,0,0,87
2026-05-25 11:49:24.887351,26.0,63.0,99,0,0,87
2026-05-25 11:49:25.939101,26.0,63.0,99,0,0,87
2026-05-25 11:49:26.960736,26.0,61.0,99,0,0,87
2026-05-25 11:49:27.996998,26.0,63.0,98,0,0,87
2026-05-25 11:49:29.075055,26.0,63.0,96,0,0,87
2026-05-25 11:49:30.119783,26.0,63.0,99,0,0,87
2026-05-25 11:49:31.156080,26.0,63.0,99,0,0,87
2026-05-25 11:49:32.222216,26.0,63.0,99,0,0,87
2026-05-25 11:49:33.260052,26.0,61.0,99,0,0,87
2026-05-25 11:49:34.351845,26.0,63.0,99,0,0,87
2026-05-25 11:49:35.398493,26.0,63.0,98,0,0,87
2026-05-25 11:49:36.463636,26.0,63.0,99,0,0,87
2026-05-25 11:49:37.515427,26.0,63.0,99,0,0,87
2026-05-25 11:49:38.507282,26.0,63.0,100,0,0,87
2026-05-25 11:49:39.513792,26.0,63.0,100,0,0,87
2026-05-25 11:49:40.584515,26.0,63.0,97,0,0,87
2026-05-25 11:49:41.608483,26.0,63.0,99,0,0,87
2026-05-25 11:49:42.624826,26.0,63.0,99,0,0,87
2026-05-25 11:49:43.620916,26.0,63.0,100,0,0,87
2026-05-25 11:49:44.640052,26.0,63.0,99,0,0,87
2026-05-25 11:49:45.668242,26.0,63.0,99,0,0,87
2026-05-25 11:49:46.765495,26.0,63.0,98,0,0,87
2026-05-25 11:49:47.789157,26.0,61.0,99,0,0,87
2026-05-25 11:49:48.844710,26.0,61.0,99,0,0,87
2026-05-25 11:49:49.888258,26.0,61.0,100,0,0,87
2026-05-25 11:49:50.953643,26.0,61.0,100,0,0,87
2026-05-25 11:49:51.986758,26.0,61.0,99,0,0,87
2026-05-25 11:49:53.028225,26.0,61.0,99,0,0,87
2026-05-25 11:49:54.057835,26.0,61.0,99,0,0,87
2026-05-25 11:49:55.067136,26.0,61.0,99,0,0,87
2026-05-25 11:49:56.095774,26.0,61.0,100,0,0,87
2026-05-25 11:49:57.148844,26.0,61.0,99,0,0,87
2026-05-25 11:49:58.155916,26.0,61.0,99,0,0,87
2026-05-25 11:49:59.181249,26.0,61.0,99,0,0,87
2026-05-25 11:50:00.176262,26.0,61.0,99,0,0,87
2026-05-25 11:50:01.278157,26.0,61.0,99,0,0,87
2026-05-25 11:50:02.358149,26.0,63.0,100,0,0,87
2026-05-25 11:50:03.428108,26.0,61.0,96,0,0,87
2026-05-25 11:50:04.542278,26.0,61.0,100,0,0,87
2026-05-25 11:50:05.585082,26.0,61.0,99,0,0,87
2026-05-25 11:50:06.688969,26.0,61.0,100,0,0,87
2026-05-25 11:50:07.708834,26.0,61.0,99,0,0,87
2026-05-25 11:50:08.792648,26.0,61.0,96,0,0,87
2026-05-25 11:50:09.842391,26.0,61.0,98,0,0,87
2026-05-25 11:50:10.895416,26.0,61.0,100,0,0,87
2026-05-25 11:50:11.932349,26.0,61.0,99,0,0,87
2026-05-25 11:50:12.947287,26.0,61.0,99,0,0,87
2026-05-25 11:50:14.033855,26.0,61.0,99,0,0,87
2026-05-25 11:50:15.047651,26.0,61.0,99,0,0,87
2026-05-25 11:50:16.077764,26.0,61.0,99,0,0,87
2026-05-25 11:50:17.118711,26.0,61.0,99,0,0,87
2026-05-25 11:50:18.192821,26.0,61.0,99,0,0,87
2026-05-25 11:50:19.148020,26.0,61.0,100,0,0,87
2026-05-25 11:50:20.284248,26.0,61.0,99,0,0,87
2026-05-25 11:50:21.365699,26.0,61.0,99,0,0,87
2026-05-25 11:50:22.447028,26.0,61.0,99,0,0,87
2026-05-25 11:50:23.507679,26.0,61.0,100,0,0,87
2026-05-25 11:50:24.517678,26.0,61.0,99,0,0,87
2026-05-25 11:50:25.519617,26.0,61.0,100,0,0,87
2026-05-25 11:50:26.584731,26.0,61.0,96,0,0,87
2026-05-25 11:50:27.645244,26.0,61.0,100,0,0,87
2026-05-25 11:50:28.667475,26.0,61.0,99,0,0,87
2026-05-25 11:50:29.696091,26.0,61.0,99,0,0,87
2026-05-25 11:50:30.760426,26.0,61.0,96,0,0,87
2026-05-25 11:50:31.813067,26.0,61.0,99,0,0,87
2026-05-25 11:50:32.847422,26.0,61.0,96,0,0,87
2026-05-25 11:50:33.912004,26.0,61.0,99,0,0,87
2026-05-25 11:50:34.895065,26.0,61.0,98,0,0,87
2026-05-25 11:50:36.005772,26.0,61.0,98,0,0,87
2026-05-25 11:50:37.059387,26.0,61.0,99,0,0,87
2026-05-25 11:50:38.107100,26.0,61.0,99,0,0,87
2026-05-25 11:50:39.218055,26.0,61.0,99,0,0,87
2026-05-25 11:50:40.232905,26.0,61.0,100,0,0,87
2026-05-25 11:50:41.281266,26.0,61.0,99,0,0,87
2026-05-25 11:50:42.282965,26.0,61.0,99,0,0,87
2026-05-25 11:50:43.295389,26.0,61.0,99,0,0,87
2026-05-25 11:50:44.309605,26.0,61.0,99,0,0,87
2026-05-25 11:50:45.501873,26.0,61.0,99,0,0,87
2026-05-25 11:50:46.509455,26.0,61.0,100,0,0,87
2026-05-25 11:50:47.731957,26.0,61.0,99,0,0,87
2026-05-25 11:50:48.752729,26.0,61.0,99,0,0,87
2026-05-25 11:50:49.894245,26.0,61.0,96,0,0,87
2026-05-25 11:50:50.945385,26.0,61.0,99,0,0,87
2026-05-25 11:50:51.990453,26.0,61.0,99,0,0,87
2026-05-25 11:50:53.152123,26.0,61.0,100,0,0,87
2026-05-25 11:50:54.234243,26.0,61.0,96,0,0,87
2026-05-25 11:50:55.393819,26.0,61.0,99,0,0,87
2026-05-25 11:50:56.441565,26.0,61.0,98,0,0,87
2026-05-25 11:50:57.588144,26.0,61.0,99,0,0,87
2026-05-25 11:50:58.657081,26.0,61.0,99,0,0,87
2026-05-25 11:50:59.671910,26.0,61.0,100,0,0,87
2026-05-25 11:51:00.792580,26.0,61.0,99,0,0,87
2026-05-25 11:51:01.838679,26.0,61.0,99,0,0,87
2026-05-25 11:51:02.864038,26.0,61.0,99,0,0,87
2026-05-25 11:51:03.861942,26.0,61.0,98,0,0,87
2026-05-25 11:51:04.874216,26.0,61.0,99,0,0,87
2026-05-25 11:51:05.921871,26.0,61.0,99,0,0,87
2026-05-25 11:51:07.030314,26.0,63.0,99,0,0,87
2026-05-25 11:51:08.025733,26.0,61.0,98,0,0,87
2026-05-25 11:51:09.045332,26.0,61.0,99,0,0,87
2026-05-25 11:51:10.054088,26.0,61.0,100,0,0,87
2026-05-25 11:51:11.098764,26.0,61.0,98,0,0,87
2026-05-25 11:51:12.191025,26.0,61.0,99,0,0,87
2026-05-25 11:51:13.229094,26.0,61.0,99,0,0,87
2026-05-25 11:51:14.272369,26.0,61.0,100,0,0,87
2026-05-25 11:51:15.298399,26.0,61.0,99,0,0,87
2026-05-25 11:51:16.361334,26.0,61.0,99,0,0,87
2026-05-25 11:51:17.436659,26.0,61.0,99,0,0,87
2026-05-25 11:51:18.475401,26.0,61.0,99,0,0,87
2026-05-25 11:51:19.560912,26.0,61.0,99,0,0,87
2026-05-25 11:51:20.582932,26.0,61.0,99,0,0,87
2026-05-25 11:51:21.603010,26.0,61.0,99,0,0,87
2026-05-25 11:51:22.595946,26.0,61.0,98,0,0,87
2026-05-25 11:51:23.627562,26.0,61.0,100,0,0,87
2026-05-25 11:51:24.653819,26.0,61.0,100,0,0,87
2026-05-25 11:51:25.711134,26.0,61.0,99,0,0,87
2026-05-25 11:51:26.838257,26.0,61.0,100,0,0,87
2026-05-25 11:51:27.858236,26.0,61.0,99,0,0,87
2026-05-25 11:51:28.897310,26.0,61.0,100,0,0,87
2026-05-25 11:51:29.948478,26.0,61.0,100,0,0,87
2026-05-25 11:51:30.942469,26.0,61.0,99,0,0,87
2026-05-25 11:51:31.982289,26.0,61.0,98,0,0,87
2026-05-25 11:51:33.016910,26.0,61.0,100,0,0,87
2026-05-25 11:51:34.035347,26.0,61.0,99,0,0,87
2026-05-25 11:51:35.037419,26.0,61.0,99,0,0,87
2026-05-25 11:51:36.065318,26.0,61.0,100,0,0,87
2026-05-25 11:51:37.122534,26.0,61.0,99,0,0,87
2026-05-25 11:51:38.145349,26.0,61.0,98,0,0,87
2026-05-25 11:51:39.193908,26.0,61.0,99,0,0,87
2026-05-25 11:51:40.228594,26.0,61.0,99,0,0,87
2026-05-25 11:51:41.334483,26.0,61.0,99,0,0,87
2026-05-25 11:51:42.352089,26.0,61.0,98,0,0,87
2026-05-25 11:51:43.389884,26.0,61.0,98,0,0,87
2026-05-25 11:51:44.439450,26.0,61.0,98,0,0,87
2026-05-25 11:51:45.470024,26.0,61.0,100,0,0,87
2026-05-25 11:51:46.538509,26.0,61.0,99,0,0,87
2026-05-25 11:51:47.582554,26.0,61.0,99,0,0,87
2026-05-25 11:51:48.588859,26.0,61.0,100,0,0,87
2026-05-25 11:51:49.600074,26.0,61.0,100,0,0,87
2026-05-25 11:51:50.624775,26.0,61.0,99,0,0,87
2026-05-25 11:51:51.657513,26.0,61.0,100,0,0,87
2026-05-25 11:51:52.681470,26.0,61.0,98,0,0,87
2026-05-25 11:51:53.694311,26.0,61.0,99,0,0,87
2026-05-25 11:51:54.713669,26.0,61.0,99,0,0,87
2026-05-25 11:51:55.740140,26.0,61.0,100,0,0,87
2026-05-25 11:51:56.763425,26.0,61.0,99,0,0,87
2026-05-25 11:51:57.742222,26.0,61.0,100,0,0,87
2026-05-25 11:51:58.783266,26.0,61.0,99,0,0,87
2026-05-25 11:51:59.858274,26.0,61.0,99,0,0,87
2026-05-25 11:52:00.938083,26.0,61.0,99,0,0,87
2026-05-25 11:52:01.942702,26.0,61.0,99,0,0,87
2026-05-25 11:52:03.048194,26.0,61.0,99,0,0,87
2026-05-25 11:52:04.085507,26.0,61.0,99,0,0,87
2026-05-25 11:52:05.119196,26.0,61.0,99,0,0,87
2026-05-25 11:52:06.200386,26.0,61.0,99,0,0,87
2026-05-25 11:52:07.207648,26.0,61.0,99,0,0,87
2026-05-25 11:52:08.288198,26.0,61.0,99,0,0,87
2026-05-25 11:52:09.327697,26.0,61.0,99,0,0,87
2026-05-25 11:52:10.370250,26.0,61.0,100,0,0,87
2026-05-25 11:52:11.389131,26.0,61.0,99,0,0,87
2026-05-25 11:52:12.407657,26.0,61.0,100,0,0,87
2026-05-25 11:52:13.508732,26.0,61.0,99,0,0,87
2026-05-25 11:52:14.570936,26.0,61.0,99,0,0,87
2026-05-25 11:52:15.755944,26.0,61.0,99,0,0,87
2026-05-25 11:52:16.768271,26.0,61.0,99,0,0,87
2026-05-25 11:52:17.808133,26.0,61.0,96,0,0,87
2026-05-25 11:52:18.870016,26.0,61.0,100,0,0,87
2026-05-25 11:52:19.908971,26.0,61.0,99,0,0,87
2026-05-25 11:52:20.981982,26.0,61.0,99,0,0,87
2026-05-25 11:52:22.039892,26.0,61.0,99,0,0,87
2026-05-25 11:52:23.089736,26.0,61.0,100,0,0,87
2026-05-25 11:52:24.091629,26.0,61.0,100,0,0,87
2026-05-25 11:52:25.145335,26.0,61.0,100,0,0,87
2026-05-25 11:52:26.221209,26.0,61.0,99,0,0,87
2026-05-25 11:52:27.257875,26.0,61.0,99,0,0,87
2026-05-25 11:52:28.288151,26.0,61.0,96,0,0,87
2026-05-25 11:52:29.322868,26.0,61.0,100,0,0,87
2026-05-25 11:52:30.391562,26.0,61.0,100,0,0,87
2026-05-25 11:52:31.442774,26.0,61.0,99,0,0,87
2026-05-25 11:52:32.495442,26.0,61.0,99,0,0,87
2026-05-25 11:52:33.537232,26.0,61.0,100,0,0,87
2026-05-25 11:52:34.545678,26.0,61.0,99,0,0,87
2026-05-25 11:52:35.581941,26.0,61.0,100,0,0,87
2026-05-25 11:52:36.615222,26.0,61.0,99,0,0,87
2026-05-25 11:52:37.629093,26.0,61.0,100,0,0,87
2026-05-25 11:52:38.672863,26.0,61.0,99,0,0,87
2026-05-25 11:52:39.730355,26.0,61.0,98,0,0,87
2026-05-25 11:52:40.780448,26.0,61.0,96,0,0,87
2026-05-25 11:52:41.875674,26.0,61.0,99,0,0,87
2026-05-25 11:52:42.906617,26.0,61.0,99,0,0,87
2026-05-25 11:52:43.944754,26.0,61.0,99,0,0,87
2026-05-25 11:52:45.032816,26.0,61.0,98,0,0,87
2026-05-25 11:52:46.180928,26.0,61.0,100,0,0,87
2026-05-25 11:52:47.287464,26.0,61.0,98,0,0,87
2026-05-25 11:52:48.429726,26.0,61.0,100,0,0,87
2026-05-25 11:52:49.467304,26.0,61.0,99,0,0,87
2026-05-25 11:52:50.568581,26.0,61.0,100,0,0,87
2026-05-25 11:52:51.626936,26.0,61.0,99,0,0,87
2026-05-25 11:52:52.678938,26.0,61.0,98,0,0,87
2026-05-25 11:52:53.787132,26.0,61.0,99,0,0,87
2026-05-25 11:52:54.803477,26.0,61.0,99,0,0,87
2026-05-25 11:52:55.944327,26.0,61.0,99,0,0,87
2026-05-25 11:52:57.018680,26.0,61.0,99,0,0,87
2026-05-25 11:52:58.105997,26.0,61.0,99,0,0,87
2026-05-25 11:52:59.175401,26.0,61.0,100,0,0,87
2026-05-25 11:53:00.244316,26.0,61.0,98,0,0,87
2026-05-25 11:53:01.307706,26.0,61.0,100,0,0,87
2026-05-25 11:53:02.345776,26.0,61.0,99,0,0,87
2026-05-25 11:53:03.333323,26.0,61.0,100,0,0,87
2026-05-25 11:53:04.367522,26.0,61.0,99,0,0,87
2026-05-25 11:53:05.394842,26.0,61.0,100,0,0,87
2026-05-25 11:53:06.425210,26.0,61.0,99,0,0,87
2026-05-25 11:53:07.474963,26.0,61.0,96,0,0,87
2026-05-25 11:53:08.479022,26.0,61.0,99,0,0,87
2026-05-25 11:53:09.577729,26.0,61.0,98,0,0,87
2026-05-25 11:53:10.586777,26.0,61.0,96,0,0,87
2026-05-25 11:53:11.604795,26.0,61.0,100,0,0,87
2026-05-25 11:53:12.692658,26.0,61.0,99,0,0,87
2026-05-25 11:53:13.685396,26.0,61.0,99,0,0,87
2026-05-25 11:53:14.723990,26.0,61.0,100,0,0,87
2026-05-25 11:53:15.758208,26.0,61.0,98,0,0,87
2026-05-25 11:53:16.781105,26.0,61.0,99,0,0,87
2026-05-25 11:53:17.857368,26.0,61.0,99,0,0,87
2026-05-25 11:53:18.894800,26.0,61.0,99,0,0,87
2026-05-25 11:53:19.924672,26.0,61.0,100,0,0,87
2026-05-25 11:53:20.985678,26.0,61.0,99,0,0,87
2026-05-25 11:53:22.055235,26.0,61.0,98,0,0,87
2026-05-25 11:53:23.131975,26.0,61.0,96,0,0,87
2026-05-25 11:53:24.201006,26.0,61.0,99,0,0,87
2026-05-25 11:53:25.220327,26.0,61.0,99,0,0,87
2026-05-25 11:53:26.324445,26.0,61.0,100,0,0,87
2026-05-25 11:53:27.388840,26.0,61.0,99,0,0,87
2026-05-25 11:53:28.373984,26.0,61.0,99,0,0,87
2026-05-25 11:53:29.389221,26.0,61.0,99,0,0,87
2026-05-25 11:53:30.443714,26.0,61.0,98,0,0,87
2026-05-25 11:53:31.481723,26.0,61.0,99,0,0,87
2026-05-25 11:53:32.491310,26.0,61.0,99,0,0,87
2026-05-25 11:53:33.549800,26.0,61.0,99,0,0,87
2026-05-25 11:53:34.581577,26.0,61.0,99,0,0,87
2026-05-25 11:53:35.683209,26.0,61.0,99,0,0,87
2026-05-25 11:53:36.709403,26.0,61.0,99,0,0,87
2026-05-25 11:53:37.753602,26.0,61.0,100,0,0,87
2026-05-25 11:53:38.815901,26.0,61.0,100,0,0,87
2026-05-25 11:53:39.866838,26.0,61.0,100,0,0,87
2026-05-25 11:53:40.903493,26.0,61.0,100,0,0,87
2026-05-25 11:53:41.928998,26.0,61.0,99,0,0,87
2026-05-25 11:53:42.945455,26.0,61.0,100,0,0,87
2026-05-25 11:53:43.952515,26.0,61.0,99,0,0,87
2026-05-25 11:53:44.979169,26.0,61.0,100,0,0,87
2026-05-25 11:53:45.974871,26.0,61.0,98,0,0,87
2026-05-25 11:53:47.068132,26.0,61.0,99,0,0,87
2026-05-25 11:53:48.178480,26.0,61.0,99,0,0,87
2026-05-25 11:53:49.254535,26.0,61.0,99,0,0,87
2026-05-25 11:53:50.381864,26.0,61.0,99,0,0,87
2026-05-25 11:53:51.404097,26.0,61.0,99,0,0,87
2026-05-25 11:53:52.430420,26.0,61.0,99,0,0,87
2026-05-25 11:53:53.454801,26.0,61.0,99,0,0,87
2026-05-25 11:53:54.530790,26.0,61.0,99,0,0,87
2026-05-25 11:53:55.576961,26.0,61.0,100,0,0,87
2026-05-25 11:53:56.621953,26.0,61.0,99,0,0,87
2026-05-25 11:53:57.574716,26.0,61.0,96,0,0,87
2026-05-25 11:53:58.769147,26.0,61.0,99,0,0,87
2026-05-25 11:53:59.871234,26.0,61.0,99,0,0,87
2026-05-25 11:54:00.902110,26.0,61.0,99,0,0,87
2026-05-25 11:54:02.046991,26.0,61.0,100,0,0,87
2026-05-25 11:54:03.115715,26.0,61.0,99,0,0,87
2026-05-25 11:54:04.182852,26.0,61.0,100,0,0,87
2026-05-25 11:54:05.203867,26.0,61.0,99,0,0,87
2026-05-25 11:54:06.276045,26.0,61.0,99,0,0,87
2026-05-25 11:54:07.297863,26.0,61.0,98,0,0,87
2026-05-25 11:54:08.362871,26.0,61.0,99,0,0,87
2026-05-25 11:54:09.345488,26.0,61.0,99,0,0,87
2026-05-25 11:54:10.445386,26.0,61.0,100,0,0,87
2026-05-25 11:54:11.470858,26.0,61.0,99,0,0,87
2026-05-25 11:54:12.520747,26.0,61.0,100,0,0,87
2026-05-25 11:54:13.622166,26.0,61.0,99,0,0,87
2026-05-25 11:54:14.736735,26.0,61.0,100,0,0,87
2026-05-25 11:54:15.924516,26.0,61.0,99,0,0,87
2026-05-25 11:54:16.938096,26.0,61.0,99,0,0,87
2026-05-25 11:54:17.979329,26.0,61.0,99,0,0,87
2026-05-25 11:54:18.941275,26.0,61.0,99,0,0,87
2026-05-25 11:54:19.982720,26.0,61.0,99,0,0,87
2026-05-25 11:54:21.059861,26.0,61.0,100,0,0,87
2026-05-25 11:54:22.141128,26.0,63.0,99,0,0,87
2026-05-25 11:54:23.188621,26.0,61.0,100,0,0,87
2026-05-25 11:54:24.189172,26.0,61.0,99,0,0,87
2026-05-25 11:54:25.232597,26.0,61.0,100,0,0,87
2026-05-25 11:54:26.288035,26.0,61.0,99,0,0,87
2026-05-25 11:54:27.380658,26.0,61.0,99,0,0,87
2026-05-25 11:54:28.424398,26.0,61.0,98,0,0,87
2026-05-25 11:54:29.438857,26.0,61.0,100,0,0,87
2026-05-25 11:54:30.498587,26.0,61.0,99,0,0,87
2026-05-25 11:54:31.588476,26.0,61.0,100,0,0,87
2026-05-25 11:54:32.676433,26.0,61.0,97,0,0,87
2026-05-25 11:54:33.748939,26.0,61.0,99,0,0,87
2026-05-25 11:54:34.735974,26.0,61.0,98,0,0,87
2026-05-25 11:54:35.772293,26.0,61.0,99,0,0,87
2026-05-25 11:54:36.822291,26.0,61.0,96,0,0,87
2026-05-25 11:54:37.891872,26.0,61.0,99,0,0,87
2026-05-25 11:54:38.962589,26.0,61.0,99,0,0,87
2026-05-25 11:54:40.009271,26.0,61.0,99,0,0,87
2026-05-25 11:54:41.003862,26.0,61.0,99,0,0,87
2026-05-25 11:54:42.070564,26.0,61.0,96,0,0,87
2026-05-25 11:54:43.088923,26.0,61.0,96,0,0,87
2026-05-25 11:54:44.113611,26.0,61.0,99,0,0,87
2026-05-25 11:54:45.169528,26.0,61.0,99,0,0,87
2026-05-25 11:54:46.146777,26.0,61.0,98,0,0,87
2026-05-25 11:54:47.201916,26.0,61.0,99,0,0,87
2026-05-25 11:54:48.255832,26.0,61.0,100,0,0,87
2026-05-25 11:54:49.252725,26.0,61.0,99,0,0,87
2026-05-25 11:54:50.341000,26.0,61.0,99,0,0,87
2026-05-25 11:54:51.440811,26.0,61.0,99,0,0,87
2026-05-25 11:54:52.383955,26.0,61.0,99,0,0,87
2026-05-25 11:54:53.417576,26.0,61.0,98,0,0,87
2026-05-25 11:54:54.552987,26.0,61.0,100,0,0,87
2026-05-25 11:54:55.553236,26.0,61.0,99,0,0,87
2026-05-25 11:54:56.573230,26.0,61.0,100,0,0,87
2026-05-25 11:54:57.602018,26.0,61.0,99,0,0,87
2026-05-25 11:54:58.574959,26.0,61.0,100,0,0,87
2026-05-25 11:54:59.618730,26.0,61.0,99,0,0,87
2026-05-25 11:55:00.591272,26.0,61.0,99,0,0,87
2026-05-25 11:55:01.642307,26.0,61.0,99,0,0,87
2026-05-25 11:55:02.630504,26.0,61.0,99,0,0,87
2026-05-25 11:55:03.688379,26.0,61.0,99,0,0,87
2026-05-25 11:55:04.735218,26.0,61.0,100,0,0,87
2026-05-25 11:55:05.707270,26.0,61.0,99,0,0,87
2026-05-25 11:55:06.758755,26.0,61.0,98,0,0,87
2026-05-25 11:55:07.780777,26.0,61.0,99,0,0,87
2026-05-25 11:55:08.801782,26.0,61.0,99,0,0,87
2026-05-25 11:55:09.813729,26.0,61.0,97,0,0,87
2026-05-25 11:55:10.840416,26.0,61.0,99,0,0,87
2026-05-25 11:55:11.904710,26.0,61.0,99,0,0,87
2026-05-25 11:55:12.926630,26.0,61.0,100,0,0,87
2026-05-25 11:55:13.985407,26.0,61.0,99,0,0,87
2026-05-25 11:55:14.988237,26.0,61.0,100,0,0,87
2026-05-25 11:55:15.989545,26.0,61.0,99,0,0,87
2026-05-25 11:55:16.993846,26.0,61.0,100,0,0,87
2026-05-25 11:55:18.024956,26.0,61.0,99,0,0,87
2026-05-25 11:55:19.040761,26.0,61.0,99,0,0,87
2026-05-25 11:55:20.096320,26.0,61.0,99,0,0,87
2026-05-25 11:55:21.134381,26.0,61.0,99,0,0,87
2026-05-25 11:55:22.294822,26.0,61.0,99,0,0,87
2026-05-25 11:55:23.334013,26.0,61.0,99,0,0,87
2026-05-25 11:55:24.347879,26.0,61.0,99,0,0,87
2026-05-25 11:55:25.384403,26.0,61.0,99,0,0,87
2026-05-25 11:55:26.358862,26.0,61.0,99,0,0,87
2026-05-25 11:55:27.405056,26.0,61.0,99,0,0,87
2026-05-25 11:55:28.426406,26.0,61.0,100,0,0,87
2026-05-25 11:55:29.523425,26.0,61.0,100,0,0,87
2026-05-25 11:55:30.551982,26.0,61.0,99,0,0,87
2026-05-25 11:55:31.593301,26.0,61.0,100,0,0,87
2026-05-25 11:55:32.734686,26.0,61.0,99,0,0,87
2026-05-25 11:55:33.751447,26.0,61.0,100,0,0,87
2026-05-25 11:55:34.789936,26.0,61.0,98,0,0,87
2026-05-25 11:55:35.772126,26.0,61.0,100,0,0,87
2026-05-25 11:55:36.796431,26.0,61.0,98,0,0,87
2026-05-25 11:55:37.834710,26.0,61.0,99,0,0,87
2026-05-25 11:55:38.888731,26.0,61.0,98,0,0,87
2026-05-25 11:55:39.920727,26.0,61.0,99,0,0,87
2026-05-25 11:55:40.927057,26.0,61.0,99,0,0,87
2026-05-25 11:55:42.007300,26.0,61.0,100,0,0,87
2026-05-25 11:55:43.057706,26.0,61.0,96,0,0,87
2026-05-25 11:55:44.102037,26.0,61.0,99,0,0,87
2026-05-25 11:55:45.163168,26.0,61.0,99,0,0,87
2026-05-25 11:55:46.140709,26.0,61.0,99,0,0,87
2026-05-25 11:55:47.170006,26.0,61.0,99,0,0,87
2026-05-25 11:55:48.162363,26.0,61.0,99,0,0,87
2026-05-25 11:55:49.211764,26.0,61.0,99,0,0,87
2026-05-25 11:55:50.289886,26.0,61.0,100,0,0,87
2026-05-25 11:55:51.330250,26.0,61.0,99,0,0,87
2026-05-25 11:55:52.467199,26.0,61.0,100,0,0,87
2026-05-25 11:55:53.571853,26.0,61.0,96,0,0,87
2026-05-25 11:55:54.567962,26.0,61.0,100,0,0,87
2026-05-25 11:55:55.613135,26.0,61.0,99,0,0,87
2026-05-25 11:55:56.652372,26.0,61.0,100,0,0,87
2026-05-25 11:55:57.667155,26.0,61.0,99,0,0,87
2026-05-25 11:55:58.692183,26.0,61.0,99,0,0,87
2026-05-25 11:55:59.748495,26.0,61.0,99,0,0,87
2026-05-25 11:56:00.790611,26.0,61.0,99,0,0,87
2026-05-25 11:56:01.853842,26.0,61.0,99,0,0,87
2026-05-25 11:56:02.923386,26.0,61.0,99,0,0,87
2026-05-25 11:56:03.976015,26.0,61.0,99,0,0,87
2026-05-25 11:56:04.996448,26.0,61.0,98,0,0,87
2026-05-25 11:56:06.025725,26.0,61.0,99,0,0,87
2026-05-25 11:56:07.104748,27.0,61.0,99,0,0,87
2026-05-25 11:56:08.150309,26.0,61.0,99,0,0,87
2026-05-25 11:56:09.187366,26.0,61.0,100,0,0,87
2026-05-25 11:56:10.245200,26.0,61.0,93,0,0,87
2026-05-25 11:56:11.298271,27.0,61.0,98,0,0,87
2026-05-25 11:56:12.362969,26.0,61.0,99,0,0,87
2026-05-25 11:56:13.391002,26.0,61.0,100,0,0,87
2026-05-25 11:56:14.399626,27.0,61.0,98,0,0,87
2026-05-25 11:56:15.413600,27.0,61.0,98,0,0,87
2026-05-25 11:56:16.477175,26.0,61.0,99,0,0,87
2026-05-25 11:56:17.487118,27.0,61.0,99,0,0,87
2026-05-25 11:56:18.556243,26.0,61.0,99,0,0,87
2026-05-25 11:56:19.553294,27.0,61.0,100,0,0,87
2026-05-25 11:56:20.551349,27.0,61.0,100,0,0,87
2026-05-25 11:56:21.587914,27.0,61.0,99,0,0,87
2026-05-25 11:56:22.728691,27.0,61.0,99,0,0,87
2026-05-25 11:56:23.739420,27.0,61.0,96,0,0,87
2026-05-25 11:56:24.789170,27.0,61.0,99,0,0,87
2026-05-25 11:56:25.780087,27.0,61.0,100,0,0,87
2026-05-25 11:56:26.801999,27.0,61.0,99,0,0,87
2026-05-25 11:56:27.832020,27.0,61.0,100,0,0,87
2026-05-25 11:56:28.833168,27.0,61.0,99,0,0,87
2026-05-25 11:56:29.885380,27.0,61.0,99,0,0,87
2026-05-25 11:56:30.937979,27.0,61.0,100,0,0,87
2026-05-25 11:56:31.991877,27.0,61.0,100,0,0,87
2026-05-25 11:56:33.006395,27.0,61.0,99,0,0,87
2026-05-25 11:56:34.057272,27.0,61.0,98,0,0,87
2026-05-25 11:56:35.186805,27.0,61.0,99,0,0,87
2026-05-25 11:56:36.227772,27.0,61.0,100,0,0,87
2026-05-25 11:56:37.274199,27.0,61.0,99,0,0,87
2026-05-25 11:56:38.377850,27.0,61.0,100,0,0,87
2026-05-25 11:56:39.417759,27.0,61.0,96,0,0,87
2026-05-25 11:56:40.488710,27.0,61.0,100,0,0,87
2026-05-25 11:56:41.536701,27.0,61.0,98,0,0,87
2026-05-25 11:56:42.592453,27.0,61.0,99,0,0,87
2026-05-25 11:56:43.737817,27.0,61.0,98,0,0,87
2026-05-25 11:56:44.767601,27.0,61.0,100,0,0,87
2026-05-25 11:56:45.885032,27.0,61.0,99,0,0,87
2026-05-25 11:56:46.918995,27.0,61.0,100,0,0,87
2026-05-25 11:56:47.913568,27.0,61.0,99,0,0,87
2026-05-25 11:56:48.965123,27.0,61.0,99,0,0,87
2026-05-25 11:56:49.972508,27.0,61.0,99,0,0,87
2026-05-25 11:56:50.990222,27.0,61.0,100,0,0,87
2026-05-25 11:56:51.991256,27.0,61.0,96,0,0,87
2026-05-25 11:56:53.085366,27.0,61.0,100,0,0,87
2026-05-25 11:56:54.118396,27.0,61.0,96,0,0,87
2026-05-25 11:56:55.148044,27.0,61.0,99,0,0,87
2026-05-25 11:56:56.198082,27.0,61.0,97,0,0,87
2026-05-25 11:56:57.239398,27.0,61.0,100,0,0,87
2026-05-25 11:56:58.334141,27.0,61.0,99,0,0,87
2026-05-25 11:56:59.345810,27.0,61.0,100,0,0,87
2026-05-25 11:57:00.491006,27.0,61.0,98,0,0,87
2026-05-25 11:57:01.575494,27.0,61.0,100,0,0,87
2026-05-25 11:57:02.620263,27.0,61.0,99,0,0,87
2026-05-25 11:57:03.639909,27.0,61.0,98,0,0,87
2026-05-25 11:57:04.639654,27.0,61.0,97,0,0,87
2026-05-25 11:57:05.753703,27.0,61.0,100,0,0,87
2026-05-25 11:57:06.824988,27.0,61.0,98,0,0,87
2026-05-25 11:57:07.919600,27.0,61.0,99,0,0,87
2026-05-25 11:57:08.960014,27.0,61.0,99,0,0,87
2026-05-25 11:57:09.944982,27.0,61.0,100,0,0,87
2026-05-25 11:57:10.965560,27.0,61.0,99,0,0,87
2026-05-25 11:57:12.096824,27.0,61.0,100,0,0,87
2026-05-25 11:57:13.185298,27.0,61.0,99,0,0,87
2026-05-25 11:57:14.180275,27.0,61.0,100,0,0,87
2026-05-25 11:57:15.202415,27.0,61.0,98,0,0,87
2026-05-25 11:57:16.297147,27.0,61.0,99,0,0,87
2026-05-25 11:57:17.352611,27.0,61.0,98,0,0,87
2026-05-25 11:57:18.325990,27.0,61.0,100,0,0,87
2026-05-25 11:57:19.426961,27.0,61.0,99,0,0,87
2026-05-25 11:57:20.500872,27.0,61.0,99,0,0,87
2026-05-25 11:57:21.575106,27.0,61.0,99,0,0,87
2026-05-25 11:57:22.628060,27.0,61.0,100,0,0,87
2026-05-25 11:57:23.696928,27.0,61.0,98,0,0,87
2026-05-25 11:57:24.757377,27.0,61.0,99,0,0,87
2026-05-25 11:57:25.798821,27.0,61.0,99,0,0,87
2026-05-25 11:57:26.868024,27.0,61.0,100,0,0,87
2026-05-25 11:57:27.952939,27.0,61.0,98,0,0,87
2026-05-25 11:57:28.979985,27.0,61.0,100,0,0,87
2026-05-25 11:57:30.074321,27.0,61.0,99,0,0,87
2026-05-25 11:57:31.130432,27.0,61.0,100,0,0,87
2026-05-25 11:57:32.132707,27.0,61.0,99,0,0,87
2026-05-25 11:57:33.266936,27.0,61.0,100,0,0,87
2026-05-25 11:57:34.281490,27.0,61.0,99,0,0,87
2026-05-25 11:57:35.313417,27.0,61.0,98,0,0,87
2026-05-25 11:57:36.409848,27.0,61.0,99,0,0,87
2026-05-25 11:57:37.414234,27.0,61.0,99,0,0,87
2026-05-25 11:57:38.440384,27.0,61.0,96,0,0,87
2026-05-25 11:57:39.390170,27.0,61.0,100,0,0,87
2026-05-25 11:57:40.434116,27.0,61.0,99,0,0,87
2026-05-25 11:57:41.501223,27.0,61.0,99,0,0,87
2026-05-25 11:57:42.536089,27.0,61.0,99,0,0,87
2026-05-25 11:57:43.559698,27.0,61.0,96,0,0,87
2026-05-25 11:57:44.645909,27.0,61.0,97,0,0,87
2026-05-25 11:57:45.704456,27.0,61.0,99,0,0,87
2026-05-25 11:57:46.696566,27.0,61.0,99,0,0,87
2026-05-25 11:57:47.735146,27.0,61.0,99,0,0,87
2026-05-25 11:57:48.824366,27.0,61.0,98,0,0,87
2026-05-25 11:57:49.902883,27.0,61.0,98,0,0,87
2026-05-25 11:57:50.875066,27.0,61.0,99,0,0,87
2026-05-25 11:57:51.918824,27.0,61.0,99,0,0,87
2026-05-25 11:57:52.959093,27.0,61.0,98,0,0,87
2026-05-25 11:57:54.010227,27.0,61.0,99,0,0,87
2026-05-25 11:57:54.973282,27.0,61.0,97,0,0,87
2026-05-25 11:57:56.109343,27.0,61.0,100,0,0,87
2026-05-25 11:57:57.147245,27.0,61.0,99,0,0,87
2026-05-25 11:57:58.152492,27.0,61.0,99,0,0,87
2026-05-25 11:57:59.229308,27.0,61.0,99,0,0,87
2026-05-25 11:58:00.250604,27.0,61.0,100,0,0,87
2026-05-25 11:58:01.298912,27.0,61.0,98,0,0,87
2026-05-25 11:58:02.359676,27.0,61.0,100,0,0,87
2026-05-25 11:58:03.387987,27.0,61.0,99,0,0,87
2026-05-25 11:58:04.477501,27.0,61.0,100,0,0,87
2026-05-25 11:58:05.543652,27.0,61.0,98,0,0,87
2026-05-25 11:58:06.652491,27.0,61.0,100,0,0,87
2026-05-25 11:58:07.721366,27.0,61.0,100,0,0,87
2026-05-25 11:58:08.784269,27.0,61.0,100,0,0,87
2026-05-25 11:58:09.883935,27.0,61.0,98,0,0,87
2026-05-25 11:58:10.874139,27.0,61.0,99,0,0,87
2026-05-25 11:58:11.888863,27.0,61.0,99,0,0,87
2026-05-25 11:58:12.992318,27.0,61.0,100,0,0,87
2026-05-25 11:58:14.125796,27.0,61.0,97,0,0,87
2026-05-25 11:58:15.182580,27.0,61.0,100,0,0,87
2026-05-25 11:58:16.198213,27.0,61.0,99,0,0,87
2026-05-25 11:58:17.208472,27.0,61.0,100,0,0,87
2026-05-25 11:58:18.304706,27.0,61.0,98,0,0,87
2026-05-25 11:58:19.339416,27.0,61.0,99,0,0,87
2026-05-25 11:58:20.409418,27.0,61.0,99,0,0,87
2026-05-25 11:58:21.498224,27.0,61.0,99,0,0,87
2026-05-25 11:58:22.540211,27.0,61.0,99,0,0,87
2026-05-25 11:58:23.594124,27.0,61.0,100,0,0,87
2026-05-25 11:58:24.599155,27.0,61.0,97,0,0,87
2026-05-25 11:58:25.661646,27.0,61.0,99,0,0,87
2026-05-25 11:58:26.674814,27.0,61.0,99,0,0,87
2026-05-25 11:58:27.725940,27.0,61.0,96,0,0,87
2026-05-25 11:58:28.776247,27.0,61.0,98,0,0,87
2026-05-25 11:58:29.769769,27.0,61.0,99,0,0,87
2026-05-25 11:58:30.811141,27.0,61.0,99,0,0,87
2026-05-25 11:58:31.779366,27.0,61.0,100,0,0,87
2026-05-25 11:58:32.841548,27.0,61.0,96,0,0,87
2026-05-25 11:58:33.857374,27.0,61.0,100,0,0,87
2026-05-25 11:58:34.893569,27.0,61.0,99,0,0,87
2026-05-25 11:58:35.895280,27.0,61.0,100,0,0,87
2026-05-25 11:58:36.983347,27.0,61.0,100,0,0,87
2026-05-25 11:58:38.045624,27.0,61.0,100,0,0,87
2026-05-25 11:58:39.060888,27.0,61.0,99,0,0,87
2026-05-25 11:58:40.108139,27.0,61.0,100,0,0,87
2026-05-25 11:58:41.110092,27.0,61.0,98,0,0,87
2026-05-25 11:58:42.122356,27.0,61.0,99,0,0,87
2026-05-25 11:58:43.258538,27.0,61.0,96,0,0,87
2026-05-25 11:58:44.363523,27.0,61.0,99,0,0,87
2026-05-25 11:58:45.407058,27.0,61.0,100,0,0,87
2026-05-25 11:58:46.501991,27.0,61.0,99,0,0,87
2026-05-25 11:58:47.619012,27.0,61.0,98,0,0,87
2026-05-25 11:58:48.678549,27.0,61.0,100,0,0,87
2026-05-25 11:58:49.701312,27.0,61.0,99,0,0,87
2026-05-25 11:58:50.728718,27.0,61.0,100,0,0,87
2026-05-25 11:58:51.765557,27.0,61.0,99,0,0,87
2026-05-25 11:58:52.850069,27.0,61.0,100,0,0,87
2026-05-25 11:58:53.905449,27.0,61.0,98,0,0,87
2026-05-25 11:58:54.951650,27.0,61.0,98,0,0,87
2026-05-25 11:58:56.026163,27.0,61.0,99,0,0,87
2026-05-25 11:58:57.044162,27.0,61.0,100,0,0,87
2026-05-25 11:58:58.156476,27.0,61.0,98,0,0,87
2026-05-25 11:58:59.128228,27.0,61.0,99,0,0,87
2026-05-25 11:59:00.300716,27.0,61.0,98,0,0,87
2026-05-25 11:59:01.369437,27.0,61.0,99,0,0,87
2026-05-25 11:59:02.429489,27.0,61.0,99,0,0,87
2026-05-25 11:59:03.473455,27.0,61.0,99,0,0,87
2026-05-25 11:59:04.497706,27.0,61.0,98,0,0,87
2026-05-25 11:59:05.562355,27.0,61.0,99,0,0,87
2026-05-25 11:59:06.674353,27.0,61.0,99,0,0,87
2026-05-25 11:59:07.663690,27.0,61.0,100,0,0,87
2026-05-25 11:59:08.698933,27.0,61.0,99,0,0,87
2026-05-25 11:59:09.700750,27.0,61.0,100,0,0,87
2026-05-25 11:59:10.726980,27.0,61.0,98,0,0,87
2026-05-25 11:59:11.709535,27.0,61.0,100,0,0,87
2026-05-25 11:59:12.725082,27.0,61.0,99,0,0,87
2026-05-25 11:59:13.779932,27.0,61.0,100,0,0,87
2026-05-25 11:59:14.896871,27.0,61.0,99,0,0,87
2026-05-25 11:59:15.862391,27.0,61.0,99,0,0,87
2026-05-25 11:59:16.943212,27.0,61.0,99,0,0,87
2026-05-25 11:59:17.976983,27.0,61.0,99,0,0,87
2026-05-25 11:59:19.069141,27.0,61.0,99,0,0,87
2026-05-25 11:59:20.138488,27.0,61.0,99,0,0,87
2026-05-25 11:59:21.196534,27.0,61.0,99,0,0,87
2026-05-25 11:59:22.173315,27.0,61.0,99,0,0,87
2026-05-25 11:59:23.171449,27.0,61.0,99,0,0,87
2026-05-25 11:59:24.171929,27.0,61.0,100,0,0,87
2026-05-25 11:59:25.208929,27.0,61.0,98,0,0,87
2026-05-25 11:59:26.237337,27.0,61.0,100,0,0,87
2026-05-25 11:59:27.205315,27.0,61.0,99,0,0,87
2026-05-25 11:59:28.224663,27.0,61.0,99,0,0,87
2026-05-25 11:59:29.265903,27.0,61.0,100,0,0,87
2026-05-25 11:59:30.355857,27.0,61.0,100,0,0,87
2026-05-25 11:59:31.439653,27.0,61.0,99,0,0,87
2026-05-25 11:59:32.476239,27.0,61.0,100,0,0,87
2026-05-25 11:59:33.424869,27.0,61.0,99,0,0,87
2026-05-25 11:59:34.605644,27.0,61.0,100,0,0,87
2026-05-25 11:59:35.725847,27.0,61.0,99,0,0,87
2026-05-25 11:59:36.866196,27.0,61.0,100,0,0,87
2026-05-25 11:59:37.977630,27.0,61.0,97,0,0,87
2026-05-25 11:59:39.029592,27.0,61.0,100,0,0,87
2026-05-25 11:59:40.078723,27.0,61.0,96,0,0,87
2026-05-25 11:59:41.028252,27.0,61.0,100,0,0,87
2026-05-25 11:59:42.073827,27.0,61.0,99,0,0,87
2026-05-25 11:59:43.104805,27.0,61.0,99,0,0,87
2026-05-25 11:59:44.115452,27.0,61.0,100,0,0,87
2026-05-25 11:59:45.200038,27.0,61.0,100,0,0,87
2026-05-25 11:59:46.326112,27.0,61.0,99,0,0,87
2026-05-25 11:59:47.358024,27.0,61.0,98,0,0,87
2026-05-25 11:59:48.365462,27.0,61.0,99,0,0,87
2026-05-25 11:59:49.366847,27.0,61.0,99,0,0,87
2026-05-25 11:59:50.490940,27.0,61.0,99,0,0,87
2026-05-25 11:59:51.575435,27.0,61.0,100,0,0,87
2026-05-25 11:59:52.605937,27.0,61.0,99,0,0,87
2026-05-25 11:59:53.657983,27.0,61.0,99,0,0,87
2026-05-25 11:59:54.689216,27.0,61.0,100,0,0,87
2026-05-25 11:59:55.804098,27.0,61.0,99,0,0,87
2026-05-25 11:59:56.854238,27.0,61.0,99,0,0,87
2026-05-25 11:59:57.859225,27.0,61.0,100,0,0,87
2026-05-25 11:59:58.841387,27.0,61.0,99,0,0,87
2026-05-25 11:59:59.877669,27.0,61.0,100,0,0,87
2026-05-25 12:00:00.946185,27.0,61.0,96,0,0,87
2026-05-25 12:00:02.030436,27.0,61.0,100,0,0,87
2026-05-25 12:00:03.076216,27.0,61.0,99,0,0,87
2026-05-25 12:00:04.162285,27.0,61.0,100,0,0,87
2026-05-25 12:00:05.209754,27.0,61.0,99,0,0,87
2026-05-25 12:00:06.230597,27.0,61.0,100,0,0,87
2026-05-25 12:00:07.335783,27.0,61.0,99,0,0,87
2026-05-25 12:00:08.373024,27.0,61.0,99,0,0,87
2026-05-25 12:00:09.409729,27.0,61.0,99,0,0,87
2026-05-25 12:00:10.402815,27.0,61.0,99,0,0,87
2026-05-25 12:00:11.524813,27.0,61.0,99,0,0,87
2026-05-25 12:00:12.595072,27.0,61.0,100,0,0,87
2026-05-25 12:00:13.595173,27.0,61.0,99,0,0,87
2026-05-25 12:00:14.643716,27.0,61.0,99,0,0,87
2026-05-25 12:00:15.721239,27.0,61.0,99,0,0,87
2026-05-25 12:00:16.667440,27.0,61.0,99,0,0,87
2026-05-25 12:00:17.872398,27.0,61.0,96,0,0,87
2026-05-25 12:00:18.975965,27.0,61.0,99,0,0,87
2026-05-25 12:00:19.991417,27.0,61.0,99,0,0,87
2026-05-25 12:00:21.039401,27.0,61.0,100,0,0,87
2026-05-25 12:00:22.053619,27.0,61.0,96,0,0,87
2026-05-25 12:00:23.058082,27.0,61.0,100,0,0,87
2026-05-25 12:00:24.163369,27.0,61.0,99,0,0,87
2026-05-25 12:00:25.200599,27.0,61.0,100,0,0,87
2026-05-25 12:00:26.288932,27.0,61.0,99,0,0,87
2026-05-25 12:00:27.309883,27.0,61.0,100,0,0,87
2026-05-25 12:00:28.350761,27.0,61.0,96,0,0,87
2026-05-25 12:00:29.436016,27.0,61.0,100,0,0,87
2026-05-25 12:00:30.478446,27.0,61.0,96,0,0,87
2026-05-25 12:00:31.566269,27.0,61.0,100,0,0,87
2026-05-25 12:00:32.604903,27.0,61.0,96,0,0,87
2026-05-25 12:00:33.633101,27.0,61.0,100,0,0,87
2026-05-25 12:00:34.743486,27.0,61.0,93,0,0,87
2026-05-25 12:00:35.720066,27.0,61.0,99,0,0,87
2026-05-25 12:00:36.713826,27.0,61.0,99,0,0,87
2026-05-25 12:00:37.743512,27.0,61.0,100,0,0,87
2026-05-25 12:00:38.772974,27.0,61.0,98,0,0,87
2026-05-25 12:00:39.813704,27.0,61.0,100,0,0,87
2026-05-25 12:00:40.811849,27.0,61.0,99,0,0,87
2026-05-25 12:00:41.938412,27.0,61.0,100,0,0,87
2026-05-25 12:00:42.911878,27.0,61.0,99,0,0,87
2026-05-25 12:00:43.930925,27.0,60.0,99,0,0,87
2026-05-25 12:00:44.979318,27.0,61.0,97,0,0,87
2026-05-25 12:00:46.018177,27.0,60.0,100,0,0,87
2026-05-25 12:00:47.043585,27.0,61.0,99,0,0,87
2026-05-25 12:00:48.039594,27.0,61.0,100,0,0,87
2026-05-25 12:00:49.141679,27.0,61.0,99,0,0,87
2026-05-25 12:00:50.170405,27.0,61.0,100,0,0,87
2026-05-25 12:00:51.147932,27.0,61.0,99,0,0,87
2026-05-25 12:00:52.217359,27.0,61.0,99,0,0,87
2026-05-25 12:00:53.290290,27.0,61.0,98,0,0,87
2026-05-25 12:00:54.325855,27.0,61.0,100,0,0,87
2026-05-25 12:00:55.339236,27.0,61.0,99,0,0,87
2026-05-25 12:00:56.434595,27.0,61.0,98,0,0,87
2026-05-25 12:00:57.449461,27.0,61.0,99,0,0,87
2026-05-25 12:00:58.575553,27.0,61.0,99,0,0,87
2026-05-25 12:00:59.670959,27.0,61.0,98,0,0,87
2026-05-25 12:01:00.770130,27.0,61.0,98,0,0,87
2026-05-25 12:01:01.794963,27.0,61.0,99,0,0,87
2026-05-25 12:01:02.791715,27.0,60.0,99,0,0,87
2026-05-25 12:01:03.875863,27.0,61.0,99,0,0,87
2026-05-25 12:01:04.905642,27.0,61.0,98,0,0,87
2026-05-25 12:01:05.928520,27.0,61.0,99,0,0,87
2026-05-25 12:01:07.013882,27.0,61.0,99,0,0,87
2026-05-25 12:01:08.088811,27.0,61.0,99,0,0,87
2026-05-25 12:01:09.116185,27.0,60.0,99,0,0,87
2026-05-25 12:01:10.254757,27.0,61.0,98,0,0,87
2026-05-25 12:01:11.320533,27.0,61.0,100,0,0,87
2026-05-25 12:01:12.333112,27.0,61.0,99,0,0,87
2026-05-25 12:01:13.364457,27.0,61.0,99,0,0,87
2026-05-25 12:01:14.403776,27.0,61.0,99,0,0,87
2026-05-25 12:01:15.395810,27.0,61.0,99,0,0,87
2026-05-25 12:01:16.473153,27.0,61.0,99,0,0,87
2026-05-25 12:01:17.517855,27.0,61.0,100,0,0,87
2026-05-25 12:01:19.571529,27.0,61.0,99,0,0,87
2026-05-25 12:01:20.609348,27.0,61.0,99,0,0,87
2026-05-25 12:01:21.683995,27.0,61.0,99,0,0,87
2026-05-25 12:01:22.774296,27.0,61.0,99,0,0,87
2026-05-25 12:01:23.858684,27.0,61.0,99,0,0,87
2026-05-25 12:01:24.889627,27.0,61.0,99,0,0,87
2026-05-25 12:01:25.927145,27.0,61.0,100,0,0,87
2026-05-25 12:01:26.935158,27.0,61.0,98,0,0,87
2026-05-25 12:01:27.947621,27.0,61.0,98,0,0,87
2026-05-25 12:01:29.015083,27.0,61.0,99,0,0,87
2026-05-25 12:01:30.064327,27.0,61.0,100,0,0,87
2026-05-25 12:01:31.133273,27.0,61.0,99,0,0,87
2026-05-25 12:01:32.150695,27.0,61.0,98,0,0,87
2026-05-25 12:01:33.235895,27.0,61.0,99,0,0,87
2026-05-25 12:01:34.273753,27.0,61.0,99,0,0,87
2026-05-25 12:01:35.225721,27.0,61.0,99,0,0,87
2026-05-25 12:01:36.285519,27.0,61.0,98,0,0,87
2026-05-25 12:01:37.338883,27.0,61.0,99,0,0,87
2026-05-25 12:01:38.329354,27.0,61.0,96,0,0,87
2026-05-25 12:01:39.358452,27.0,61.0,98,0,0,87
2026-05-25 12:01:40.368773,27.0,61.0,99,0,0,87
2026-05-25 12:01:41.390467,27.0,61.0,99,0,0,87
2026-05-25 12:01:42.361233,27.0,61.0,100,0,0,87
2026-05-25 12:01:43.409811,27.0,61.0,99,0,0,87
2026-05-25 12:01:44.442048,27.0,61.0,99,0,0,87
2026-05-25 12:01:45.438027,27.0,61.0,99,0,0,87
2026-05-25 12:01:46.452843,27.0,61.0,99,0,0,87
2026-05-25 12:01:47.529855,27.0,61.0,98,0,0,87
2026-05-25 12:01:48.539832,27.0,61.0,100,0,0,87
2026-05-25 12:01:49.577250,27.0,61.0,99,0,0,87
2026-05-25 12:01:50.618209,27.0,61.0,100,0,0,87
2026-05-25 12:01:51.735500,27.0,61.0,99,0,0,87
2026-05-25 12:01:52.801723,27.0,61.0,98,0,0,87
2026-05-25 12:01:53.804295,27.0,61.0,99,0,0,87
2026-05-25 12:01:54.854699,27.0,61.0,100,0,0,87
2026-05-25 12:01:55.843635,27.0,61.0,99,0,0,87
2026-05-25 12:01:56.867906,27.0,61.0,99,0,0,87
2026-05-25 12:01:57.928941,27.0,61.0,99,0,0,87
2026-05-25 12:01:59.034543,27.0,61.0,99,0,0,87
2026-05-25 12:02:00.139603,27.0,61.0,99,0,0,87
2026-05-25 12:02:01.266440,27.0,61.0,100,0,0,87
2026-05-25 12:02:02.284119,27.0,61.0,93,0,0,87
2026-05-25 12:02:03.373302,27.0,61.0,99,0,0,87
2026-05-25 12:02:04.401936,27.0,61.0,99,0,0,87
2026-05-25 12:02:05.389230,27.0,61.0,100,0,0,87
2026-05-25 12:02:06.369509,27.0,61.0,99,0,0,87
2026-05-25 12:02:07.421235,27.0,61.0,98,0,0,87
2026-05-25 12:02:08.439139,27.0,61.0,99,0,0,87
2026-05-25 12:02:09.428946,27.0,61.0,100,0,0,87
2026-05-25 12:02:10.446891,27.0,61.0,99,0,0,87
2026-05-25 12:02:11.512048,27.0,61.0,100,0,0,87
2026-05-25 12:02:12.546429,27.0,61.0,99,0,0,87
2026-05-25 12:02:13.597046,27.0,61.0,99,0,0,87
2026-05-25 12:02:14.691995,27.0,61.0,99,0,0,87
2026-05-25 12:02:15.763571,27.0,61.0,99,0,0,87
2026-05-25 12:02:16.821282,27.0,61.0,99,0,0,87
2026-05-25 12:02:17.820975,27.0,61.0,100,0,0,87
2026-05-25 12:02:18.816868,27.0,61.0,100,0,0,87
2026-05-25 12:02:19.861206,27.0,61.0,97,0,0,87
2026-05-25 12:02:20.900906,27.0,61.0,98,0,0,87
2026-05-25 12:02:21.893157,27.0,61.0,99,0,0,87
2026-05-25 12:02:22.981103,27.0,61.0,99,0,0,87
2026-05-25 12:02:24.064486,27.0,61.0,100,0,0,87
2026-05-25 12:02:25.130814,27.0,61.0,99,0,0,87
2026-05-25 12:02:26.212082,27.0,61.0,99,0,0,87
2026-05-25 12:02:27.324396,27.0,61.0,99,0,0,87
2026-05-25 12:02:28.371140,27.0,61.0,100,0,0,87
2026-05-25 12:02:29.417129,27.0,61.0,99,0,0,87
2026-05-25 12:02:30.496434,27.0,61.0,99,0,0,87
2026-05-25 12:02:31.596276,27.0,61.0,99,0,0,87
2026-05-25 12:02:32.610505,27.0,61.0,99,0,0,87
2026-05-25 12:02:33.691653,27.0,61.0,99,0,0,87
2026-05-25 12:02:34.707698,27.0,61.0,100,0,0,87
2026-05-25 12:02:35.738487,27.0,61.0,99,0,0,87
2026-05-25 12:02:36.738332,27.0,61.0,99,0,0,87
2026-05-25 12:02:37.758056,27.0,61.0,99,0,0,87
2026-05-25 12:02:38.883254,27.0,61.0,99,0,0,87
2026-05-25 12:02:39.916997,27.0,61.0,99,0,0,87
2026-05-25 12:02:40.941214,27.0,61.0,100,0,0,87
2026-05-25 12:02:41.977761,27.0,61.0,99,0,0,87
2026-05-25 12:02:43.023104,27.0,61.0,100,0,0,87
2026-05-25 12:02:44.035434,27.0,61.0,99,0,0,87
2026-05-25 12:02:45.021666,27.0,61.0,100,0,0,87
2026-05-25 12:02:46.098334,27.0,61.0,99,0,0,87
2026-05-25 12:02:47.137243,27.0,61.0,100,0,0,87
2026-05-25 12:02:48.178403,27.0,61.0,99,0,0,87
2026-05-25 12:02:49.155330,27.0,61.0,100,0,0,87
2026-05-25 12:02:50.186656,27.0,61.0,100,0,0,87
2026-05-25 12:02:51.242080,27.0,61.0,99,0,0,87
2026-05-25 12:02:52.313226,27.0,61.0,98,0,0,87
2026-05-25 12:02:53.325911,27.0,61.0,100,0,0,87
2026-05-25 12:02:54.396885,27.0,61.0,98,0,0,87
2026-05-25 12:02:55.405423,27.0,61.0,100,0,0,87
2026-05-25 12:02:56.475080,27.0,61.0,99,0,0,87
2026-05-25 12:02:57.447785,27.0,61.0,100,0,0,87
2026-05-25 12:02:58.461379,27.0,61.0,99,0,0,87
2026-05-25 12:02:59.515687,27.0,61.0,99,0,0,87
2026-05-25 12:03:00.497572,27.0,61.0,99,0,0,87
2026-05-25 12:03:01.517184,27.0,61.0,100,0,0,87
2026-05-25 12:03:02.642576,27.0,61.0,99,0,0,87
2026-05-25 12:03:03.664023,27.0,61.0,100,0,0,87
2026-05-25 12:03:04.685837,27.0,61.0,99,0,0,87
2026-05-25 12:03:05.695979,27.0,61.0,99,0,0,87
2026-05-25 12:03:06.719238,27.0,61.0,98,0,0,87
2026-05-25 12:03:07.749980,27.0,61.0,100,0,0,87
2026-05-25 12:03:08.720117,27.0,61.0,100,0,0,87
2026-05-25 12:03:09.825025,27.0,61.0,99,0,0,87
2026-05-25 12:03:10.838477,27.0,61.0,99,0,0,87
2026-05-25 12:03:11.975370,27.0,61.0,100,0,0,87
2026-05-25 12:03:12.976651,27.0,61.0,99,0,0,87
2026-05-25 12:03:14.045848,27.0,61.0,100,0,0,87
2026-05-25 12:03:15.046676,27.0,61.0,98,0,0,87
2026-05-25 12:03:16.082321,27.0,61.0,100,0,0,87
2026-05-25 12:03:17.223689,27.0,61.0,99,0,0,87
2026-05-25 12:03:18.292276,27.0,61.0,100,0,0,87
2026-05-25 12:03:19.286794,27.0,61.0,99,0,0,87
2026-05-25 12:03:20.313375,27.0,61.0,99,0,0,87
2026-05-25 12:03:21.431561,27.0,61.0,97,0,0,87
2026-05-25 12:03:22.451114,27.0,61.0,100,0,0,87
2026-05-25 12:03:23.514238,27.0,61.0,97,0,0,87
2026-05-25 12:03:24.601737,27.0,61.0,100,0,0,87
2026-05-25 12:03:25.678202,27.0,61.0,99,0,0,87
2026-05-25 12:03:26.766407,27.0,61.0,100,0,0,87
2026-05-25 12:03:27.846033,27.0,61.0,99,0,0,87
2026-05-25 12:03:28.838159,27.0,61.0,99,0,0,87
2026-05-25 12:03:29.868710,27.0,61.0,98,0,0,87
2026-05-25 12:03:30.867833,27.0,61.0,100,0,0,87
2026-05-25 12:03:31.925923,27.0,61.0,98,0,0,87
2026-05-25 12:03:32.970850,27.0,61.0,100,0,0,87
2026-05-25 12:03:34.005440,27.0,61.0,98,0,0,87
2026-05-25 12:03:35.066008,27.0,61.0,100,0,0,87
2026-05-25 12:03:36.109005,27.0,61.0,99,0,0,87
2026-05-25 12:03:37.175547,27.0,61.0,99,0,0,87
2026-05-25 12:03:38.209558,27.0,61.0,99,0,0,87
2026-05-25 12:03:39.178539,27.0,61.0,99,0,0,87
2026-05-25 12:03:40.272427,27.0,61.0,99,0,0,87
2026-05-25 12:03:41.329245,27.0,61.0,100,0,0,87
2026-05-25 12:03:42.417310,27.0,61.0,96,0,0,87
2026-05-25 12:03:43.508215,27.0,61.0,99,0,0,87
2026-05-25 12:03:44.566090,27.0,61.0,99,0,0,87
2026-05-25 12:03:45.570386,27.0,61.0,99,0,0,87
2026-05-25 12:03:46.586861,27.0,61.0,98,0,0,87
2026-05-25 12:03:47.636967,27.0,61.0,100,0,0,87
2026-05-25 12:03:48.759901,27.0,61.0,99,0,0,87
2026-05-25 12:03:49.826724,27.0,61.0,100,0,0,87
2026-05-25 12:03:50.904810,27.0,61.0,99,0,0,87
2026-05-25 12:03:51.915512,27.0,61.0,100,0,0,87
2026-05-25 12:03:52.890040,27.0,61.0,99,0,0,87
2026-05-25 12:03:54.006936,27.0,61.0,99,0,0,87
2026-05-25 12:03:55.037429,27.0,61.0,99,0,0,87
2026-05-25 12:03:56.045197,27.0,61.0,100,0,0,87
2026-05-25 12:03:57.056571,27.0,61.0,99,0,0,87
2026-05-25 12:03:58.075540,27.0,61.0,99,0,0,87
2026-05-25 12:03:59.048883,27.0,61.0,99,0,0,87
2026-05-25 12:04:00.144154,27.0,61.0,100,0,0,87
2026-05-25 12:04:01.199371,27.0,61.0,96,0,0,87
2026-05-25 12:04:02.137891,27.0,61.0,100,0,0,87
2026-05-25 12:04:03.165847,27.0,61.0,99,0,0,87
2026-05-25 12:04:04.184248,27.0,61.0,100,0,0,87
2026-05-25 12:04:05.205647,27.0,61.0,99,0,0,87
2026-05-25 12:04:06.213848,27.0,61.0,100,0,0,87
2026-05-25 12:04:07.248154,27.0,61.0,99,0,0,87
2026-05-25 12:04:08.265030,27.0,61.0,100,0,0,87
2026-05-25 12:04:09.342652,27.0,61.0,99,0,0,87
2026-05-25 12:04:10.427775,27.0,61.0,99,0,0,87
2026-05-25 12:04:11.425551,27.0,61.0,96,0,0,87
2026-05-25 12:04:12.571137,27.0,61.0,100,0,0,87
2026-05-25 12:04:13.624163,27.0,61.0,97,0,0,87
2026-05-25 12:04:14.706085,27.0,61.0,100,0,0,87
2026-05-25 12:04:15.753902,27.0,61.0,99,0,0,87
2026-05-25 12:04:16.840330,27.0,61.0,100,0,0,87
2026-05-25 12:04:17.877540,27.0,61.0,99,0,0,87
2026-05-25 12:04:18.944399,27.0,61.0,99,0,0,87
2026-05-25 12:04:19.918337,27.0,61.0,99,0,0,87
2026-05-25 12:04:20.977856,27.0,61.0,99,0,0,87
2026-05-25 12:04:22.034773,27.0,61.0,100,0,0,87
2026-05-25 12:04:23.093187,27.0,61.0,100,0,0,87
2026-05-25 12:04:24.115938,27.0,61.0,99,0,0,87
2026-05-25 12:04:25.198136,27.0,61.0,99,0,0,87
2026-05-25 12:04:26.214187,27.0,61.0,99,0,0,87
2026-05-25 12:04:27.270420,27.0,61.0,100,0,0,87
2026-05-25 12:04:28.272356,27.0,61.0,99,0,0,87
2026-05-25 12:04:29.305265,27.0,61.0,96,0,0,87
2026-05-25 12:04:30.343870,27.0,61.0,98,0,0,87
2026-05-25 12:04:31.369484,27.0,61.0,99,0,0,87
2026-05-25 12:04:32.432596,27.0,61.0,93,0,0,87
2026-05-25 12:04:33.411983,27.0,60.0,100,0,0,87
2026-05-25 12:04:34.422385,27.0,60.0,99,0,0,87
2026-05-25 12:04:35.425710,27.0,60.0,99,0,0,87
2026-05-25 12:04:36.464956,27.0,60.0,99,0,0,87
2026-05-25 12:04:37.509387,27.0,60.0,100,0,0,87
2026-05-25 12:04:38.511885,27.0,60.0,99,0,0,87
2026-05-25 12:04:39.548491,27.0,60.0,100,0,0,87
2026-05-25 12:04:40.729356,27.0,60.0,99,0,0,87
2026-05-25 12:04:41.821029,27.0,60.0,98,0,0,87
2026-05-25 12:04:42.810046,27.0,60.0,99,0,0,87
2026-05-25 12:04:43.954733,27.0,60.0,99,0,0,87
2026-05-25 12:04:44.956974,27.0,60.0,99,0,0,87
2026-05-25 12:04:46.055692,27.0,60.0,100,0,0,87
2026-05-25 12:04:47.150838,27.0,60.0,99,0,0,87
2026-05-25 12:04:48.221463,27.0,60.0,99,0,0,87
2026-05-25 12:04:49.267463,27.0,60.0,100,0,0,87
2026-05-25 12:04:50.373518,27.0,60.0,99,0,0,87
2026-05-25 12:04:51.404799,27.0,60.0,98,0,0,87
2026-05-25 12:04:52.375919,27.0,60.0,99,0,0,87
2026-05-25 12:04:53.480451,27.0,60.0,100,0,0,87
2026-05-25 12:04:54.522229,27.0,60.0,100,0,0,87
2026-05-25 12:04:55.506571,27.0,60.0,99,0,0,87
2026-05-25 12:04:56.568284,27.0,60.0,100,0,0,87
2026-05-25 12:04:57.607298,27.0,60.0,99,0,0,87
2026-05-25 12:04:58.637501,27.0,60.0,100,0,0,87
2026-05-25 12:04:59.756760,27.0,60.0,96,0,0,87
2026-05-25 12:05:00.807800,27.0,60.0,100,0,0,87
2026-05-25 12:05:01.920012,27.0,60.0,99,0,0,87
2026-05-25 12:05:02.944384,27.0,60.0,100,0,0,87
2026-05-25 12:05:03.958298,27.0,60.0,100,0,0,87
2026-05-25 12:05:04.970743,27.0,60.0,99,0,0,87
2026-05-25 12:05:06.020614,27.0,60.0,99,0,0,87
2026-05-25 12:05:07.093034,27.0,60.0,100,0,0,87
2026-05-25 12:05:08.101659,27.0,61.0,96,0,0,87
2026-05-25 12:05:09.141407,27.0,61.0,99,0,0,87
2026-05-25 12:05:10.157932,27.0,61.0,99,0,0,87
2026-05-25 12:05:11.235078,27.0,61.0,100,0,0,87
2026-05-25 12:05:12.265814,27.0,61.0,98,0,0,87
2026-05-25 12:05:13.349917,27.0,61.0,99,0,0,87
2026-05-25 12:05:14.387220,27.0,60.0,98,0,0,87
2026-05-25 12:05:15.440359,27.0,61.0,100,0,0,87
2026-05-25 12:05:16.513502,27.0,61.0,99,0,0,87
2026-05-25 12:05:17.572440,27.0,61.0,100,0,0,87
2026-05-25 12:05:18.632150,27.0,61.0,98,0,0,87
2026-05-25 12:05:19.784748,27.0,61.0,99,0,0,87
2026-05-25 12:05:20.856688,27.0,61.0,99,0,0,87
2026-05-25 12:05:21.864614,27.0,61.0,100,0,0,87
2026-05-25 12:05:22.901458,27.0,61.0,99,0,0,87
2026-05-25 12:05:23.928364,27.0,61.0,99,0,0,87
2026-05-25 12:05:24.915363,27.0,61.0,99,0,0,87
2026-05-25 12:05:25.993902,27.0,61.0,99,0,0,87
2026-05-25 12:05:27.113785,27.0,61.0,99,0,0,87
2026-05-25 12:05:28.128923,27.0,61.0,99,0,0,87
2026-05-25 12:05:29.167958,27.0,61.0,99,0,0,87
2026-05-25 12:05:30.154916,27.0,61.0,100,0,0,87
2026-05-25 12:05:31.134302,27.0,61.0,99,0,0,87
2026-05-25 12:05:32.248650,27.0,61.0,100,0,0,87
2026-05-25 12:05:33.266849,27.0,61.0,96,0,0,87
2026-05-25 12:05:34.299701,27.0,61.0,100,0,0,87
2026-05-25 12:05:35.361939,27.0,61.0,99,0,0,87
2026-05-25 12:05:36.349122,27.0,61.0,100,0,0,87
2026-05-25 12:05:37.447199,27.0,61.0,99,0,0,87
2026-05-25 12:05:38.464662,27.0,61.0,98,0,0,87
2026-05-25 12:05:39.505964,27.0,61.0,99,0,0,87
2026-05-25 12:05:40.521781,27.0,61.0,99,0,0,87
2026-05-25 12:05:41.568773,27.0,61.0,98,0,0,87
2026-05-25 12:05:42.563753,27.0,61.0,98,0,0,87
2026-05-25 12:05:43.624517,27.0,61.0,99,0,0,87
2026-05-25 12:05:44.702738,27.0,61.0,99,0,0,87
2026-05-25 12:05:45.743281,27.0,61.0,98,0,0,87
2026-05-25 12:05:46.756046,27.0,61.0,100,0,0,87
2026-05-25 12:05:47.831779,27.0,61.0,100,0,0,87
2026-05-25 12:05:48.912826,27.0,61.0,99,0,0,87
2026-05-25 12:05:49.952818,27.0,61.0,99,0,0,87
2026-05-25 12:05:50.992202,27.0,61.0,99,0,0,87
2026-05-25 12:05:52.020263,27.0,61.0,99,0,0,87
2026-05-25 12:05:53.073161,27.0,61.0,100,0,0,87
2026-05-25 12:05:54.072886,27.0,61.0,99,0,0,87
2026-05-25 12:05:55.106107,27.0,61.0,96,0,0,87
2026-05-25 12:05:56.050017,27.0,61.0,96,0,0,87
2026-05-25 12:05:57.173789,27.0,61.0,100,0,0,87
2026-05-25 12:05:58.174093,27.0,61.0,99,0,0,87
2026-05-25 12:05:59.215517,27.0,61.0,99,0,0,87
2026-05-25 12:06:00.306633,27.0,61.0,99,0,0,87
2026-05-25 12:06:01.326057,27.0,61.0,100,0,0,87
2026-05-25 12:06:02.412855,27.0,61.0,98,0,0,87
2026-05-25 12:06:03.464951,27.0,61.0,99,0,0,87
2026-05-25 12:06:04.524235,27.0,61.0,99,0,0,87
2026-05-25 12:06:05.549623,27.0,61.0,99,0,0,87
2026-05-25 12:06:06.526244,27.0,61.0,99,0,0,87
2026-05-25 12:06:07.573738,27.0,61.0,100,0,0,87
2026-05-25 12:06:08.555215,27.0,61.0,99,0,0,87
2026-05-25 12:06:09.569636,27.0,61.0,100,0,0,87
2026-05-25 12:06:10.635682,27.0,61.0,100,0,0,87
2026-05-25 12:06:11.783375,27.0,61.0,100,0,0,87
2026-05-25 12:06:12.785884,27.0,61.0,99,0,0,87
2026-05-25 12:06:13.822500,27.0,61.0,96,0,0,87
2026-05-25 12:06:14.816252,27.0,61.0,99,0,0,87
2026-05-25 12:06:15.834306,27.0,61.0,100,0,0,87
2026-05-25 12:06:17.004586,27.0,61.0,99,0,0,87
2026-05-25 12:06:18.030822,27.0,61.0,99,0,0,87
2026-05-25 12:06:19.066313,27.0,61.0,98,0,0,87
2026-05-25 12:06:20.064033,27.0,61.0,99,0,0,87
2026-05-25 12:06:21.140490,27.0,61.0,100,0,0,87
2026-05-25 12:06:22.150490,27.0,61.0,99,0,0,87
2026-05-25 12:06:23.133111,27.0,61.0,99,0,0,87
2026-05-25 12:06:24.176534,27.0,61.0,100,0,0,87
2026-05-25 12:06:25.181719,27.0,61.0,99,0,0,87
2026-05-25 12:06:26.177468,27.0,61.0,99,0,0,87
2026-05-25 12:06:27.237408,27.0,61.0,100,0,0,87
2026-05-25 12:06:28.245730,27.0,61.0,100,0,0,87
2026-05-25 12:06:29.327018,27.0,61.0,99,0,0,87
2026-05-25 12:06:30.393302,27.0,61.0,100,0,0,87
2026-05-25 12:06:31.456953,27.0,61.0,99,0,0,87
2026-05-25 12:06:32.500687,27.0,61.0,99,0,0,87
2026-05-25 12:06:33.524892,27.0,61.0,99,0,0,87
2026-05-25 12:06:34.581149,27.0,61.0,100,0,0,87
2026-05-25 12:06:35.616513,27.0,61.0,99,0,0,87
2026-05-25 12:06:36.632534,27.0,61.0,100,0,0,87
2026-05-25 12:06:37.688046,27.0,61.0,98,0,0,87
2026-05-25 12:06:38.708480,27.0,61.0,100,0,0,87
2026-05-25 12:06:39.719988,27.0,61.0,99,0,0,87
2026-05-25 12:06:40.766943,27.0,61.0,100,0,0,87
2026-05-25 12:06:41.870643,27.0,61.0,93,0,0,87
2026-05-25 12:06:42.902125,27.0,61.0,100,0,0,87
2026-05-25 12:06:43.912988,27.0,61.0,100,0,0,87
2026-05-25 12:06:45.005983,27.0,61.0,100,0,0,87
2026-05-25 12:06:46.091578,27.0,61.0,99,0,0,87
2026-05-25 12:06:47.137539,27.0,61.0,100,0,0,87
2026-05-25 12:06:48.216016,27.0,61.0,99,0,0,87
2026-05-25 12:06:49.251619,27.0,61.0,100,0,0,87
2026-05-25 12:06:50.254274,27.0,61.0,99,0,0,87
2026-05-25 12:06:51.343047,27.0,61.0,99,0,0,87
2026-05-25 12:06:52.332975,27.0,61.0,96,0,0,87
2026-05-25 12:06:53.389087,27.0,61.0,100,0,0,87
2026-05-25 12:06:54.379052,27.0,61.0,99,0,0,87
2026-05-25 12:06:55.510837,27.0,61.0,99,0,0,87
2026-05-25 12:06:56.537218,27.0,61.0,99,0,0,87
2026-05-25 12:06:57.567937,27.0,61.0,99,0,0,87
2026-05-25 12:06:58.601353,27.0,61.0,99,0,0,87
2026-05-25 12:06:59.620222,27.0,61.0,100,0,0,87
2026-05-25 12:07:00.662287,27.0,61.0,100,0,0,87
2026-05-25 12:07:01.653971,27.0,61.0,99,0,0,87
2026-05-25 12:07:02.710200,27.0,60.0,99,0,0,87
2026-05-25 12:07:03.771951,27.0,60.0,100,0,0,87
2026-05-25 12:07:04.865535,27.0,60.0,99,0,0,87
2026-05-25 12:07:05.858145,27.0,60.0,100,0,0,87
2026-05-25 12:07:06.874732,27.0,61.0,99,0,0,87
2026-05-25 12:07:07.904706,27.0,60.0,100,0,0,87
2026-05-25 12:07:08.933214,27.0,60.0,96,0,0,87
2026-05-25 12:07:10.057567,27.0,60.0,96,0,0,87
2026-05-25 12:07:11.126919,27.0,60.0,99,0,0,87
2026-05-25 12:07:12.190758,27.0,60.0,99,0,0,87
2026-05-25 12:07:13.298214,27.0,60.0,100,0,0,87
2026-05-25 12:07:14.430548,27.0,60.0,99,0,0,87
2026-05-25 12:07:15.457409,27.0,60.0,99,0,0,87
2026-05-25 12:07:16.478239,27.0,60.0,99,0,0,87
2026-05-25 12:07:17.499571,27.0,60.0,99,0,0,87
2026-05-25 12:07:18.531283,27.0,60.0,100,0,0,87
2026-05-25 12:07:19.541615,27.0,60.0,98,0,0,87
2026-05-25 12:07:20.587884,27.0,60.0,99,0,0,87
2026-05-25 12:07:21.717525,27.0,60.0,99,0,0,87
2026-05-25 12:07:22.834401,27.0,60.0,100,0,0,87
2026-05-25 12:07:23.833886,27.0,60.0,99,0,0,87
2026-05-25 12:07:24.874674,27.0,60.0,99,0,0,87
2026-05-25 12:07:25.923113,27.0,60.0,98,0,0,87
2026-05-25 12:07:26.940017,27.0,60.0,100,0,0,87
2026-05-25 12:07:27.995521,27.0,60.0,96,0,0,87
2026-05-25 12:07:28.987911,27.0,60.0,99,0,0,87
2026-05-25 12:07:30.114983,27.0,60.0,99,0,0,87
2026-05-25 12:07:31.173749,27.0,60.0,100,0,0,87
2026-05-25 12:07:32.207296,27.0,60.0,99,0,0,87
2026-05-25 12:07:33.172154,27.0,61.0,99,0,0,87
2026-05-25 12:07:34.219508,27.0,60.0,99,0,0,87
2026-05-25 12:07:35.216348,27.0,61.0,99,0,0,87
2026-05-25 12:07:36.249356,27.0,61.0,98,0,0,87
2026-05-25 12:07:37.271353,27.0,61.0,100,0,0,87
2026-05-25 12:07:38.288217,27.0,60.0,99,0,0,87
2026-05-25 12:07:39.319473,27.0,61.0,100,0,0,87
2026-05-25 12:07:40.295238,27.0,61.0,99,0,0,87
2026-05-25 12:07:41.339428,27.0,61.0,99,0,0,87
2026-05-25 12:07:42.437960,27.0,61.0,98,0,0,87
2026-05-25 12:07:43.501490,27.0,61.0,99,0,0,87
2026-05-25 12:07:44.562070,27.0,61.0,99,0,0,87
2026-05-25 12:07:45.588650,27.0,61.0,98,0,0,87
2026-05-25 12:07:46.605896,27.0,61.0,98,0,0,87
2026-05-25 12:07:47.624361,27.0,61.0,96,0,0,87
2026-05-25 12:07:48.645420,27.0,61.0,99,0,0,87
2026-05-25 12:07:49.672671,27.0,61.0,99,0,0,87
2026-05-25 12:07:50.696647,27.0,61.0,99,0,0,87
2026-05-25 12:07:51.720669,27.0,61.0,100,0,0,87
2026-05-25 12:07:52.741947,27.0,61.0,99,0,0,87
2026-05-25 12:07:53.848496,27.0,61.0,100,0,0,87
2026-05-25 12:07:54.870645,27.0,61.0,99,0,0,87
2026-05-25 12:07:55.921514,27.0,61.0,98,0,0,87
2026-05-25 12:07:56.863438,27.0,61.0,99,0,0,87
2026-05-25 12:07:57.859926,27.0,61.0,99,0,0,87
2026-05-25 12:07:58.929618,27.0,61.0,100,0,0,87
2026-05-25 12:07:59.954492,27.0,61.0,99,0,0,87
2026-05-25 12:08:00.993803,27.0,61.0,99,0,0,87
2026-05-25 12:08:02.091827,27.0,61.0,100,0,0,87
2026-05-25 12:08:03.137164,27.0,61.0,100,0,0,87
2026-05-25 12:08:04.199531,27.0,61.0,100,0,0,87
2026-05-25 12:08:05.352267,27.0,61.0,99,0,0,87
2026-05-25 12:08:06.429848,27.0,61.0,99,0,0,87
2026-05-25 12:08:07.464869,27.0,61.0,96,0,0,87
2026-05-25 12:08:08.515984,27.0,61.0,99,0,0,87
2026-05-25 12:08:09.495072,27.0,61.0,99,0,0,87
2026-05-25 12:08:10.614419,27.0,61.0,100,0,0,87
2026-05-25 12:08:11.641759,27.0,61.0,99,0,0,87
2026-05-25 12:08:12.711443,27.0,61.0,99,0,0,87
2026-05-25 12:08:13.810119,27.0,61.0,99,0,0,87
2026-05-25 12:08:14.833229,27.0,61.0,100,0,0,87
2026-05-25 12:08:15.848581,27.0,61.0,99,0,0,87
2026-05-25 12:08:16.886426,27.0,60.0,99,0,0,87
2026-05-25 12:08:17.918097,27.0,60.0,99,0,0,87
2026-05-25 12:08:19.050483,27.0,60.0,99,0,0,87
2026-05-25 12:08:20.054000,27.0,60.0,99,0,0,87
2026-05-25 12:08:21.102654,27.0,60.0,100,0,0,87
2026-05-25 12:08:22.138152,27.0,60.0,98,0,0,87
2026-05-25 12:08:23.145757,27.0,60.0,100,0,0,87
2026-05-25 12:08:24.187140,27.0,60.0,97,0,0,87
2026-05-25 12:08:25.326416,27.0,60.0,98,0,0,87
2026-05-25 12:08:26.370245,27.0,60.0,99,0,0,87
2026-05-25 12:08:27.437406,27.0,60.0,100,0,0,87
2026-05-25 12:08:28.508737,27.0,60.0,99,0,0,87
2026-05-25 12:08:29.595268,27.0,60.0,99,0,0,87
2026-05-25 12:08:30.640937,27.0,60.0,99,0,0,87
2026-05-25 12:08:31.670361,27.0,60.0,99,0,0,87
2026-05-25 12:08:32.655464,27.0,60.0,99,0,0,87
2026-05-25 12:08:33.782664,27.0,60.0,100,0,0,87
2026-05-25 12:08:34.809967,27.0,60.0,99,0,0,87
2026-05-25 12:08:35.880893,27.0,60.0,100,0,0,87
2026-05-25 12:08:36.873640,27.0,60.0,99,0,0,87
2026-05-25 12:08:37.972900,27.0,60.0,99,0,0,87
2026-05-25 12:08:39.011468,27.0,61.0,98,0,0,87
2026-05-25 12:08:40.023372,27.0,61.0,99,0,0,87
2026-05-25 12:08:41.088685,27.0,61.0,96,0,0,87
2026-05-25 12:08:42.182381,27.0,61.0,99,0,0,87
2026-05-25 12:08:43.244803,27.0,61.0,98,0,0,87
2026-05-25 12:08:44.201486,27.0,61.0,100,0,0,87
2026-05-25 12:08:45.274678,27.0,61.0,96,0,0,87
2026-05-25 12:08:46.303694,27.0,61.0,99,0,0,87
2026-05-25 12:08:47.338289,27.0,61.0,96,0,0,87
2026-05-25 12:08:48.399193,27.0,61.0,100,0,0,87
2026-05-25 12:08:49.417954,27.0,61.0,98,0,0,87
2026-05-25 12:08:50.457430,27.0,61.0,98,0,0,87
2026-05-25 12:08:51.546044,27.0,61.0,98,0,0,87
2026-05-25 12:08:52.660333,27.0,61.0,100,0,0,87
2026-05-25 12:08:53.666657,27.0,61.0,99,0,0,87
2026-05-25 12:08:54.785048,27.0,61.0,98,0,0,87
2026-05-25 12:08:55.793268,27.0,61.0,99,0,0,87
2026-05-25 12:08:56.796624,27.0,61.0,100,0,0,87
2026-05-25 12:08:57.802621,27.0,61.0,99,0,0,87
2026-05-25 12:08:58.831264,27.0,61.0,100,0,0,87
2026-05-25 12:08:59.881337,27.0,61.0,99,0,0,87
2026-05-25 12:09:00.935949,27.0,61.0,99,0,0,87
2026-05-25 12:09:01.976447,27.0,61.0,99,0,0,87
2026-05-25 12:09:03.077714,27.0,61.0,98,0,0,87
2026-05-25 12:09:04.076592,27.0,61.0,99,0,0,87
2026-05-25 12:09:05.093034,27.0,61.0,100,0,0,87
2026-05-25 12:09:06.116988,27.0,61.0,98,0,0,87
2026-05-25 12:09:07.125689,27.0,61.0,100,0,0,87
2026-05-25 12:09:08.271774,27.0,61.0,97,0,0,87
2026-05-25 12:09:09.398508,27.0,61.0,99,0,0,87
2026-05-25 12:09:10.506474,27.0,61.0,99,0,0,87
2026-05-25 12:09:11.561457,27.0,61.0,99,0,0,87
2026-05-25 12:09:12.558996,27.0,61.0,98,0,0,87
2026-05-25 12:09:13.601825,27.0,61.0,100,0,0,87
2026-05-25 12:09:14.624555,27.0,61.0,98,0,0,87
2026-05-25 12:09:15.712837,27.0,61.0,100,0,0,87
2026-05-25 12:09:16.770006,27.0,61.0,99,0,0,87
2026-05-25 12:09:17.778990,27.0,61.0,99,0,0,87
2026-05-25 12:09:18.802809,27.0,61.0,99,0,0,87
2026-05-25 12:09:19.853905,27.0,61.0,99,0,0,87
2026-05-25 12:09:20.896970,27.0,61.0,98,0,0,87
2026-05-25 12:09:21.880627,27.0,61.0,99,0,0,87
2026-05-25 12:09:22.927563,27.0,61.0,99,0,0,87
2026-05-25 12:09:23.962518,27.0,61.0,100,0,0,87
2026-05-25 12:09:24.978307,27.0,63.0,99,0,0,87
2026-05-25 12:09:26.021818,27.0,63.0,100,0,0,87
2026-05-25 12:09:27.041637,27.0,63.0,99,0,0,87
2026-05-25 12:09:28.099266,27.0,63.0,99,0,0,87
2026-05-25 12:09:29.109466,27.0,63.0,99,0,0,87
2026-05-25 12:09:30.100049,27.0,63.0,100,0,0,87
2026-05-25 12:09:31.191431,27.0,63.0,99,0,0,87
2026-05-25 12:09:32.213395,27.0,63.0,100,0,0,87
2026-05-25 12:09:33.243203,27.0,63.0,93,0,0,87
2026-05-25 12:09:34.234910,27.0,63.0,100,0,0,87
2026-05-25 12:09:35.257213,27.0,63.0,99,0,0,87
2026-05-25 12:09:36.280751,27.0,63.0,100,0,0,87
2026-05-25 12:09:37.303481,27.0,63.0,99,0,0,87
2026-05-25 12:09:38.364972,27.0,63.0,100,0,0,87
2026-05-25 12:09:39.438089,27.0,63.0,99,0,0,87
2026-05-25 12:09:40.496175,27.0,63.0,99,0,0,87
2026-05-25 12:09:41.493272,27.0,63.0,99,0,0,87
2026-05-25 12:09:42.661639,27.0,63.0,100,0,0,87
2026-05-25 12:09:43.658107,27.0,63.0,98,0,0,87
2026-05-25 12:09:44.673180,27.0,63.0,98,0,0,87
2026-05-25 12:09:45.767666,27.0,63.0,97,0,0,87
2026-05-25 12:09:46.833570,27.0,63.0,99,0,0,87
2026-05-25 12:09:47.871030,27.0,63.0,99,0,0,87
2026-05-25 12:09:48.884904,27.0,63.0,100,0,0,87
2026-05-25 12:09:49.890901,27.0,63.0,96,0,0,87
2026-05-25 12:09:50.898957,27.0,63.0,100,0,0,87
2026-05-25 12:09:51.976893,27.0,63.0,99,0,0,87
2026-05-25 12:09:52.958533,27.0,63.0,98,0,0,87
2026-05-25 12:09:54.027168,27.0,63.0,96,0,0,87
2026-05-25 12:09:55.032799,27.0,63.0,99,0,0,87
2026-05-25 12:09:56.113385,27.0,63.0,98,0,0,87
2026-05-25 12:09:57.135913,27.0,63.0,100,0,0,87
2026-05-25 12:09:58.244077,27.0,63.0,99,0,0,87
2026-05-25 12:09:59.285680,27.0,63.0,99,0,0,87
2026-05-25 12:10:00.328160,27.0,63.0,99,0,0,87
2026-05-25 12:10:01.368793,27.0,63.0,100,0,0,87
2026-05-25 12:10:02.449653,27.0,63.0,99,0,0,87
2026-05-25 12:10:03.503541,27.0,63.0,99,0,0,87
2026-05-25 12:10:04.583506,27.0,63.0,98,0,0,87
2026-05-25 12:10:05.656566,27.0,63.0,99,0,0,87
2026-05-25 12:10:06.703372,27.0,63.0,96,0,0,87
2026-05-25 12:10:07.700835,27.0,63.0,96,0,0,87
2026-05-25 12:10:08.761186,27.0,63.0,99,0,0,87
2026-05-25 12:10:09.852808,27.0,63.0,97,0,0,87
2026-05-25 12:10:10.976832,27.0,63.0,99,0,0,87
2026-05-25 12:10:11.983374,27.0,63.0,99,0,0,87
2026-05-25 12:10:13.021035,27.0,63.0,98,0,0,87
2026-05-25 12:10:14.055026,27.0,63.0,100,0,0,87
2026-05-25 12:10:15.154929,27.0,63.0,99,0,0,87
2026-05-25 12:10:16.234551,27.0,63.0,99,0,0,87
2026-05-25 12:10:17.264340,27.0,63.0,100,0,0,87
2026-05-25 12:10:18.332126,27.0,63.0,99,0,0,87
2026-05-25 12:10:19.375251,27.0,63.0,100,0,0,87
2026-05-25 12:10:20.417771,27.0,63.0,100,0,0,87
2026-05-25 12:10:21.427714,27.0,63.0,99,0,0,87
2026-05-25 12:10:22.511311,27.0,63.0,99,0,0,87
2026-05-25 12:10:23.658614,27.0,63.0,99,0,0,87
2026-05-25 12:10:24.774330,27.0,63.0,100,0,0,87
2026-05-25 12:10:25.781487,27.0,63.0,98,0,0,87
2026-05-25 12:10:26.822887,27.0,63.0,99,0,0,87
2026-05-25 12:10:27.956021,27.0,63.0,99,0,0,87
2026-05-25 12:10:29.048822,27.0,63.0,99,0,0,87
2026-05-25 12:10:30.076572,27.0,63.0,97,0,0,87
2026-05-25 12:10:31.100789,27.0,63.0,100,0,0,87
2026-05-25 12:10:32.118261,27.0,63.0,99,0,0,87
2026-05-25 12:10:33.210161,27.0,63.0,99,0,0,87
2026-05-25 12:10:34.227691,27.0,63.0,98,0,0,87
2026-05-25 12:10:35.236855,27.0,63.0,100,0,0,87
2026-05-25 12:10:36.234636,27.0,63.0,100,0,0,87
2026-05-25 12:10:37.245003,27.0,63.0,99,0,0,87
2026-05-25 12:10:38.294829,27.0,63.0,99,0,0,87
2026-05-25 12:10:39.312170,27.0,63.0,98,0,0,87
2026-05-25 12:10:40.432136,27.0,63.0,97,0,0,87
2026-05-25 12:10:41.445729,27.0,63.0,99,0,0,87
2026-05-25 12:10:42.510041,27.0,63.0,99,0,0,87
2026-05-25 12:10:43.583861,27.0,63.0,100,0,0,87
2026-05-25 12:10:44.700127,27.0,63.0,98,0,0,87
2026-05-25 12:10:45.733572,27.0,63.0,100,0,0,87
2026-05-25 12:10:46.744024,27.0,63.0,98,0,0,87
2026-05-25 12:10:47.824109,27.0,63.0,100,0,0,87
2026-05-25 12:10:48.916588,27.0,63.0,99,0,0,87
2026-05-25 12:10:50.022848,27.0,63.0,99,0,0,87
2026-05-25 12:10:51.118807,27.0,63.0,99,0,0,87
2026-05-25 12:10:52.119103,27.0,63.0,99,0,0,87
2026-05-25 12:10:53.228123,27.0,63.0,96,0,0,87
2026-05-25 12:10:54.315951,27.0,63.0,100,0,0,87
2026-05-25 12:10:55.351863,27.0,63.0,99,0,0,87
2026-05-25 12:10:56.430991,27.0,63.0,100,0,0,87
2026-05-25 12:10:57.508288,27.0,63.0,96,0,0,87
2026-05-25 12:10:58.533409,27.0,63.0,100,0,0,87
2026-05-25 12:10:59.589690,27.0,63.0,99,0,0,87
2026-05-25 12:11:00.603367,27.0,63.0,100,0,0,87
2026-05-25 12:11:01.594527,27.0,63.0,99,0,0,87
2026-05-25 12:11:02.632549,27.0,63.0,99,0,0,87
2026-05-25 12:11:03.746192,27.0,63.0,98,0,0,87
2026-05-25 12:11:04.812528,27.0,63.0,99,0,0,87
2026-05-25 12:11:05.893027,27.0,63.0,99,0,0,87
2026-05-25 12:11:06.898812,27.0,63.0,100,0,0,87
2026-05-25 12:11:07.930470,27.0,63.0,99,0,0,87
2026-05-25 12:11:08.972935,27.0,63.0,99,0,0,87
2026-05-25 12:11:10.073392,27.0,63.0,99,0,0,87
2026-05-25 12:11:11.126309,27.0,63.0,99,0,0,87
2026-05-25 12:11:12.228226,27.0,63.0,99,0,0,87
2026-05-25 12:11:13.309132,27.0,63.0,100,0,0,87
2026-05-25 12:11:14.511019,27.0,63.0,96,0,0,87
2026-05-25 12:11:15.640727,27.0,63.0,100,0,0,87
2026-05-25 12:11:16.824562,27.0,63.0,99,0,0,87
2026-05-25 12:11:17.860279,27.0,63.0,100,0,0,87
2026-05-25 12:11:18.994675,27.0,63.0,99,0,0,87
2026-05-25 12:11:20.081309,27.0,63.0,100,0,250,87
2026-05-25 12:11:21.210259,27.0,63.0,99,0,100,87
2026-05-25 12:11:22.270619,27.0,63.0,99,0,100,87
2026-05-25 12:11:23.305284,27.0,63.0,99,0,100,87
2026-05-25 12:11:24.337383,27.0,63.0,99,0,100,87
2026-05-25 12:11:25.306546,27.0,63.0,98,0,100,87
2026-05-25 12:11:26.426219,27.0,63.0,99,0,100,87
2026-05-25 12:11:27.515633,27.0,63.0,99,0,100,87
2026-05-25 12:11:28.552861,27.0,63.0,99,0,100,87
2026-05-25 12:11:29.570006,27.0,63.0,99,0,100,87
2026-05-25 12:11:30.638437,27.0,63.0,100,0,100,87
2026-05-25 12:11:31.639282,27.0,63.0,99,0,100,87
2026-05-25 12:11:32.692500,27.0,63.0,99,0,100,87
2026-05-25 12:11:33.779445,27.0,63.0,96,0,100,87
2026-05-25 12:11:34.935779,27.0,63.0,100,0,100,87
2026-05-25 12:11:36.027911,27.0,63.0,99,0,100,87
2026-05-25 12:11:37.030734,27.0,63.0,99,0,100,87
2026-05-25 12:11:38.335428,27.0,63.0,98,0,100,87
2026-05-25 12:11:39.400823,27.0,63.0,99,0,100,87
2026-05-25 12:11:40.404346,27.0,63.0,99,0,100,87
2026-05-25 12:11:41.453309,27.0,63.0,100,0,100,87
2026-05-25 12:11:42.495434,27.0,63.0,99,0,100,87
2026-05-25 12:11:43.553663,27.0,63.0,96,0,100,87
2026-05-25 12:11:44.512866,27.0,63.0,99,0,100,87
2026-05-25 12:11:45.558980,27.0,63.0,99,0,100,87
2026-05-25 12:11:46.578865,27.0,63.0,99,0,100,87
2026-05-25 12:11:47.578555,27.0,63.0,100,0,100,87
2026-05-25 12:11:48.581254,27.0,63.0,99,0,100,87
2026-05-25 12:11:49.640011,27.0,63.0,99,0,100,87
2026-05-25 12:11:50.647050,27.0,63.0,97,0,100,87
2026-05-25 12:11:51.636073,27.0,63.0,99,0,100,87
2026-05-25 12:11:52.808375,27.0,63.0,99,0,100,87
2026-05-25 12:11:53.814326,27.0,63.0,99,0,100,87
2026-05-25 12:11:54.856316,27.0,63.0,99,0,100,87
2026-05-25 12:11:55.911045,27.0,63.0,100,0,100,87
2026-05-25 12:11:56.935865,27.0,63.0,99,0,100,87
2026-05-25 12:11:57.957815,27.0,63.0,100,0,100,87
2026-05-25 12:11:59.045001,27.0,63.0,98,0,100,87
2026-05-25 12:12:00.151332,27.0,63.0,100,0,100,87
2026-05-25 12:12:01.120792,27.0,63.0,99,0,268,87
2026-05-25 12:12:02.096020,27.0,63.0,100,0,373,87
2026-05-25 12:12:03.227530,27.0,63.0,99,0,395,87
2026-05-25 12:12:04.246804,27.0,63.0,99,0,417,87
2026-05-25 12:12:05.271560,27.0,63.0,98,0,438,87
2026-05-25 12:12:06.316338,27.0,63.0,98,0,460,87
2026-05-25 12:12:07.301039,27.0,63.0,99,0,481,87
2026-05-25 12:12:08.422958,27.0,63.0,100,0,503,87
2026-05-25 12:12:09.511547,27.0,63.0,98,0,525,87
2026-05-25 12:12:10.506120,27.0,63.0,99,0,546,87
2026-05-25 12:12:11.766835,27.0,63.0,98,0,71,87
2026-05-25 12:12:12.678502,27.0,63.0,100,0,0,87
2026-05-25 12:12:13.664366,27.0,63.0,98,0,0,87
2026-05-25 12:12:14.732097,27.0,63.0,100,0,0,87
2026-05-25 12:12:15.793537,27.0,63.0,99,0,0,87
2026-05-25 12:12:16.829675,27.0,63.0,99,0,0,87
2026-05-25 12:12:17.891571,27.0,63.0,98,0,0,87
2026-05-25 12:12:18.853221,27.0,63.0,100,0,0,87
2026-05-25 12:12:19.908982,27.0,63.0,99,0,568,87
2026-05-25 12:12:20.950751,27.0,63.0,99,0,381,87
2026-05-25 12:12:21.953724,27.0,63.0,96,0,390,87
2026-05-25 12:12:23.005137,27.0,63.0,100,0,399,87
2026-05-25 12:12:24.151096,27.0,63.0,99,0,408,87
2026-05-25 12:12:25.175060,27.0,63.0,99,0,408,87
2026-05-25 12:12:26.179345,27.0,63.0,99,0,408,87
2026-05-25 12:12:27.230610,27.0,63.0,100,0,408,87
2026-05-25 12:12:28.271546,27.0,63.0,99,0,408,87
2026-05-25 12:12:29.314566,27.0,63.0,100,0,408,87
2026-05-25 12:12:30.319934,27.0,63.0,99,0,408,87
2026-05-25 12:12:31.460279,27.0,63.0,99,0,408,87
2026-05-25 12:12:32.540071,27.0,63.0,99,0,417,87
