TIME,TEMP,HUM,SOIL,PUMP,FAN,LED
2026-05-25 12:14:33.395354,26.0,33.0,100,0,0,0
2026-05-25 12:14:34.470898,26.0,33.0,99,0,0,0
2026-05-25 12:14:35.466794,26.0,33.0,100,0,0,0
2026-05-25 12:14:36.468719,26.0,33.0,99,0,0,0
2026-05-25 12:14:37.467507,26.0,33.0,99,0,0,0
2026-05-25 12:14:38.478793,26.0,33.0,99,0,0,0
2026-05-25 12:14:39.471532,26.0,33.0,100,0,0,0
2026-05-25 12:14:40.512746,26.0,33.0,99,0,47,0
2026-05-25 12:14:41.562568,26.0,32.0,100,0,0,0
2026-05-25 12:14:42.472417,26.0,33.0,100,0,0,0
2026-05-25 12:14:43.514080,26.0,33.0,100,0,0,85
2026-05-25 12:14:44.522657,26.0,33.0,99,0,0,85
2026-05-25 12:14:45.524948,26.0,33.0,100,0,0,85
2026-05-25 12:14:46.615372,26.0,33.0,99,0,0,85
2026-05-25 12:14:47.579257,26.0,33.0,98,0,250,85
2026-05-25 12:14:48.578916,26.0,33.0,99,0,100,85
2026-05-25 12:14:49.639104,26.0,33.0,99,0,100,85
2026-05-25 12:14:50.668112,26.0,33.0,99,0,100,85
2026-05-25 12:14:51.672234,26.0,33.0,100,0,100,85
2026-05-25 12:14:52.672098,26.0,33.0,98,0,100,85
2026-05-25 12:14:53.692358,26.0,33.0,100,0,0,85
2026-05-25 12:14:54.677368,26.0,33.0,99,0,0,85
2026-05-25 12:14:55.673978,26.0,33.0,100,0,0,85
2026-05-25 12:14:56.771308,26.0,33.0,99,0,0,85
2026-05-25 12:14:57.764581,26.0,33.0,100,0,0,85
2026-05-25 12:14:58.764587,26.0,33.0,99,0,0,85
2026-05-25 12:14:59.823601,26.0,35.0,96,0,0,85
2026-05-25 12:15:00.833649,26.0,35.0,99,0,0,85
2026-05-25 12:15:01.888336,26.0,35.0,100,0,0,85
2026-05-25 12:15:02.880644,26.0,35.0,99,0,0,85
2026-05-25 12:15:03.980477,26.0,35.0,99,0,0,85
2026-05-25 12:15:04.981023,26.0,35.0,99,0,0,85
2026-05-25 12:15:06.040223,26.0,35.0,99,0,0,85
2026-05-25 12:15:07.051111,26.0,35.0,99,0,0,85
2026-05-25 12:15:08.098457,26.0,35.0,99,0,0,85
2026-05-25 12:15:09.099146,26.0,35.0,99,0,0,85
2026-05-25 12:15:10.157196,26.0,36.0,100,0,0,85
2026-05-25 12:15:11.165618,26.0,36.0,100,0,0,85
2026-05-25 12:15:12.231602,26.0,36.0,98,0,0,85
2026-05-25 12:15:13.229810,26.0,36.0,99,0,0,85
2026-05-25 12:15:14.312003,26.0,36.0,99,0,0,85
2026-05-25 12:15:15.316713,26.0,36.0,99,0,0,85
2026-05-25 12:15:16.369381,26.0,36.0,100,0,0,85
2026-05-25 12:15:17.369830,26.0,36.0,99,0,0,85
2026-05-25 12:15:18.435489,26.0,37.0,99,0,0,85
2026-05-25 12:15:19.430846,26.0,37.0,99,0,0,85
2026-05-25 12:15:20.517647,26.0,37.0,99,0,0,85
2026-05-25 12:15:21.517189,26.0,37.0,98,0,0,85
2026-05-25 12:15:22.571148,26.0,37.0,96,0,0,85
2026-05-25 12:15:23.581452,26.0,37.0,99,0,0,85
2026-05-25 12:15:24.631983,26.0,37.0,99,0,0,85
2026-05-25 12:15:25.631262,26.0,37.0,98,0,0,85
2026-05-25 12:15:26.689248,26.0,37.0,99,0,0,85
2026-05-25 12:15:27.696580,26.0,37.0,99,0,0,85
2026-05-25 12:15:28.760778,26.0,37.0,100,0,0,85
2026-05-25 12:15:29.747431,26.0,37.0,98,0,0,85
2026-05-25 12:15:30.838358,26.0,37.0,99,0,0,85
2026-05-25 12:15:31.842612,26.0,37.0,99,0,0,85
2026-05-25 12:15:32.901731,26.0,37.0,99,0,0,85
2026-05-25 12:15:33.909198,26.0,39.0,99,0,0,85
2026-05-25 12:15:34.964654,26.0,39.0,100,0,0,85
2026-05-25 12:15:35.961435,26.0,39.0,99,0,0,85
2026-05-25 12:15:37.032821,26.0,39.0,99,0,0,85
2026-05-25 12:15:38.032402,26.0,39.0,98,0,0,85
2026-05-25 12:15:39.109611,26.0,39.0,100,0,0,85
2026-05-25 12:15:40.094820,26.0,39.0,96,0,0,85
2026-05-25 12:15:41.097975,26.0,39.0,99,0,0,85
2026-05-25 12:15:42.099292,26.0,39.0,99,0,0,85
2026-05-25 12:15:43.157333,26.0,39.0,100,0,0,85
2026-05-25 12:15:44.157417,26.0,39.0,98,0,0,85
2026-05-25 12:15:45.220357,26.0,39.0,99,0,0,85
2026-05-25 12:15:46.214265,26.0,39.0,99,0,0,85
2026-05-25 12:15:47.302720,26.0,39.0,97,0,0,85
2026-05-25 12:15:48.304145,26.0,39.0,99,0,0,85
2026-05-25 12:15:49.363363,26.0,40.0,100,0,0,85
2026-05-25 12:15:50.373968,26.0,40.0,99,0,0,85
2026-05-25 12:15:51.422768,26.0,40.0,99,0,0,85
2026-05-25 12:15:52.423243,26.0,40.0,99,0,0,85
2026-05-25 12:15:53.481213,26.0,40.0,100,0,0,85
2026-05-25 12:15:54.482555,26.0,40.0,99,0,0,85
2026-05-25 12:15:55.552383,26.0,40.0,99,0,0,85
2026-05-25 12:15:56.542536,26.0,40.0,97,0,0,85
2026-05-25 12:15:57.633562,26.0,40.0,100,0,0,85
2026-05-25 12:15:58.636614,26.0,40.0,99,0,0,85
2026-05-25 12:15:59.694460,26.0,40.0,99,0,0,85
2026-05-25 12:16:00.704117,26.0,40.0,99,0,0,85
2026-05-25 12:16:01.756510,26.0,40.0,99,0,0,85
2026-05-25 12:16:02.749196,26.0,40.0,97,0,0,85
2026-05-25 12:16:03.829960,26.0,40.0,99,0,0,85
2026-05-25 12:16:04.829097,26.0,40.0,100,0,0,85
2026-05-25 12:16:05.886829,26.0,40.0,99,0,0,85
2026-05-25 12:16:06.899613,26.0,40.0,99,0,0,85
2026-05-25 12:16:07.944108,26.0,40.0,99,0,0,85
2026-05-25 12:16:08.945510,26.0,40.0,99,0,0,85
2026-05-25 12:16:10.004614,26.0,42.0,96,0,0,85
2026-05-25 12:16:11.006065,26.0,42.0,100,0,0,85
2026-05-25 12:16:12.075006,26.0,42.0,98,0,0,85
2026-05-25 12:16:13.065102,26.0,42.0,100,0,0,85
2026-05-25 12:16:14.159427,26.0,42.0,99,0,0,85
2026-05-25 12:16:15.159986,26.0,42.0,99,0,0,85
2026-05-25 12:16:16.214478,26.0,42.0,99,0,0,85
2026-05-25 12:16:17.226699,26.0,42.0,100,0,0,85
2026-05-25 12:16:18.272634,26.0,42.0,99,0,0,85
2026-05-25 12:16:19.273300,26.0,42.0,100,0,0,85
2026-05-25 12:16:20.331303,26.0,42.0,99,0,0,85
2026-05-25 12:16:21.331484,26.0,42.0,99,0,0,85
2026-05-25 12:16:22.400386,26.0,42.0,99,0,0,85
2026-05-25 12:16:23.393440,26.0,42.0,99,0,0,85
2026-05-25 12:16:24.497874,26.0,42.0,99,0,0,85
2026-05-25 12:16:25.496633,26.0,42.0,100,0,0,85
2026-05-25 12:16:26.554772,26.0,42.0,98,0,0,85
2026-05-25 12:16:27.564551,26.0,42.0,100,0,0,85
2026-05-25 12:16:28.618281,26.0,43.0,99,0,0,85
2026-05-25 12:16:29.618113,26.0,43.0,99,0,0,85
2026-05-25 12:16:30.680618,26.0,43.0,99,0,0,85
2026-05-25 12:16:31.680679,26.0,43.0,99,0,0,85
2026-05-25 12:16:32.763200,26.0,43.0,99,0,0,85
2026-05-25 12:16:33.746992,26.0,43.0,100,0,0,85
2026-05-25 12:16:34.852334,26.0,43.0,99,0,0,85
2026-05-25 12:16:35.853851,26.0,43.0,99,0,0,85
2026-05-25 12:16:36.920544,26.0,43.0,99,0,0,85
2026-05-25 12:16:37.934661,26.0,43.0,100,0,0,85
2026-05-25 12:16:38.987342,26.0,43.0,99,0,0,85
2026-05-25 12:16:39.987655,26.0,43.0,99,0,0,85
2026-05-25 12:16:41.050588,26.0,43.0,98,0,0,85
2026-05-25 12:16:42.049503,26.0,43.0,99,0,0,85
2026-05-25 12:16:43.118887,26.0,43.0,97,0,0,85
2026-05-25 12:16:44.111188,26.0,43.0,99,0,0,85
2026-05-25 12:16:45.206154,26.0,43.0,98,0,0,85
2026-05-25 12:16:46.207505,26.0,43.0,99,0,0,85
2026-05-25 12:16:47.264409,26.0,45.0,99,0,0,85
2026-05-25 12:16:48.273427,26.0,45.0,99,0,0,85
2026-05-25 12:16:49.329395,26.0,45.0,96,0,0,85
2026-05-25 12:16:50.322867,26.0,45.0,100,0,0,85
2026-05-25 12:16:51.427150,26.0,45.0,99,0,0,85
2026-05-25 12:16:52.426838,26.0,45.0,100,0,0,85
2026-05-25 12:16:53.488145,26.0,45.0,97,0,0,85
2026-05-25 12:16:54.496740,26.0,45.0,97,0,0,85
2026-05-25 12:16:55.545731,26.0,45.0,99,0,0,85
2026-05-25 12:16:56.545117,26.0,45.0,100,0,0,85
2026-05-25 12:16:57.604347,26.0,45.0,96,0,0,85
2026-05-25 12:16:58.604522,26.0,45.0,99,0,0,85
2026-05-25 12:16:59.680055,26.0,45.0,96,0,0,85
2026-05-25 12:17:00.683058,26.0,45.0,100,0,0,85
2026-05-25 12:17:01.765856,26.0,45.0,99,0,0,85
2026-05-25 12:17:02.766464,26.0,46.0,100,0,0,85
2026-05-25 12:17:03.824522,26.0,46.0,99,0,0,85
2026-05-25 12:17:04.825652,26.0,46.0,100,0,0,85
2026-05-25 12:17:05.892215,26.0,46.0,99,0,0,85
2026-05-25 12:17:06.883106,26.0,46.0,99,0,0,85
2026-05-25 12:17:07.974371,26.0,46.0,99,0,0,85
2026-05-25 12:17:08.973749,26.0,46.0,99,0,0,85
2026-05-25 12:17:10.030072,26.0,46.0,99,0,0,85
2026-05-25 12:17:11.038231,26.0,46.0,96,0,0,85
2026-05-25 12:17:12.086979,26.0,46.0,99,0,0,85
2026-05-25 12:17:13.087466,26.0,46.0,99,0,0,85
2026-05-25 12:17:14.148477,26.0,46.0,99,0,0,85
2026-05-25 12:17:15.148143,26.0,46.0,100,0,0,85
2026-05-25 12:17:16.216681,26.0,46.0,98,0,0,85
2026-05-25 12:17:17.206025,26.0,46.0,100,0,0,85
2026-05-25 12:17:18.304635,26.0,46.0,97,0,0,85
2026-05-25 12:17:19.304505,26.0,47.0,99,0,0,85
2026-05-25 12:17:20.366530,26.0,46.0,99,0,0,85
2026-05-25 12:17:21.367038,26.0,46.0,99,0,0,85
2026-05-25 12:17:22.435524,26.0,47.0,98,0,0,85
2026-05-25 12:17:23.425017,26.0,47.0,99,0,0,85
2026-05-25 12:17:24.527146,26.0,47.0,99,0,0,85
2026-05-25 12:17:25.520880,26.0,47.0,100,0,0,85
2026-05-25 12:17:26.544468,26.0,47.0,98,0,0,85
2026-05-25 12:17:27.542713,26.0,47.0,100,0,0,85
2026-05-25 12:17:28.609230,26.0,47.0,99,0,0,85
2026-05-25 12:17:29.600466,26.0,47.0,100,0,0,85
2026-05-25 12:17:30.603511,26.0,47.0,99,0,0,85
2026-05-25 12:17:31.603969,26.0,47.0,100,0,0,85
2026-05-25 12:17:32.663989,26.0,47.0,98,0,0,85
2026-05-25 12:17:33.664646,26.0,47.0,99,0,0,85
2026-05-25 12:17:34.726418,26.0,47.0,97,0,0,85
2026-05-25 12:17:35.726801,26.0,47.0,100,0,0,85
2026-05-25 12:17:36.780495,26.0,47.0,97,0,0,85
2026-05-25 12:17:37.780858,26.0,47.0,99,0,0,85
2026-05-25 12:17:38.853569,26.0,47.0,99,0,0,85
2026-05-25 12:17:39.842181,26.0,47.0,99,0,0,85
2026-05-25 12:17:40.943675,26.0,47.0,99,0,0,85
2026-05-25 12:17:41.940696,26.0,47.0,99,0,0,85
2026-05-25 12:17:43.004770,26.0,47.0,99,0,0,85
2026-05-25 12:17:44.015142,26.0,47.0,100,0,0,85
2026-05-25 12:17:45.072243,26.0,47.0,99,0,0,85
2026-05-25 12:17:46.069995,26.0,47.0,99,0,0,85
2026-05-25 12:17:47.145595,26.0,47.0,96,0,0,85
2026-05-25 12:17:48.145504,26.0,49.0,99,0,0,85
2026-05-25 12:17:49.213111,26.0,49.0,96,0,0,85
2026-05-25 12:17:50.204059,26.0,49.0,100,0,0,85
2026-05-25 12:17:51.306713,26.0,49.0,97,0,0,85
2026-05-25 12:17:52.305199,26.0,49.0,100,0,0,85
2026-05-25 12:17:53.369445,26.0,49.0,98,0,0,85
2026-05-25 12:17:54.382734,26.0,49.0,99,0,0,85
2026-05-25 12:17:55.423552,26.0,49.0,99,0,0,85
2026-05-25 12:17:56.423329,26.0,49.0,100,0,0,85
2026-05-25 12:17:57.483906,26.0,49.0,98,0,0,85
2026-05-25 12:17:58.480673,26.0,49.0,100,0,0,85
2026-05-25 12:17:59.554063,26.0,49.0,99,0,0,85
2026-05-25 12:18:00.542338,26.0,49.0,100,0,0,85
2026-05-25 12:18:01.634471,26.0,49.0,99,0,0,85
2026-05-25 12:18:02.634120,26.0,49.0,99,0,0,85
2026-05-25 12:18:03.701048,26.0,49.0,99,0,0,85
2026-05-25 12:18:04.710620,26.0,49.0,100,0,0,85
2026-05-25 12:18:05.756486,26.0,49.0,99,0,0,85
2026-05-25 12:18:06.757831,26.0,49.0,96,0,0,85
2026-05-25 12:18:07.816184,26.0,49.0,100,0,0,85
2026-05-25 12:18:08.816394,26.0,49.0,100,0,0,85
2026-05-25 12:18:09.889351,26.0,49.0,99,0,0,85
2026-05-25 12:18:10.884644,26.0,49.0,100,0,0,85
2026-05-25 12:18:11.972403,26.0,49.0,99,0,0,85
2026-05-25 12:18:12.972587,26.0,49.0,99,0,0,85
2026-05-25 12:18:14.034979,26.0,49.0,100,0,0,85
2026-05-25 12:18:15.045432,26.0,49.0,98,0,0,85
2026-05-25 12:18:16.093961,26.0,49.0,100,0,0,85
2026-05-25 12:18:17.093621,26.0,49.0,99,0,0,85
2026-05-25 12:18:18.152492,26.0,49.0,99,0,0,85
2026-05-25 12:18:19.153361,26.0,50.0,98,0,0,85
2026-05-25 12:18:20.225742,26.0,50.0,99,0,0,85
2026-05-25 12:18:21.215305,26.0,50.0,99,0,0,85
2026-05-25 12:18:22.316441,26.0,50.0,100,0,0,85
2026-05-25 12:18:23.315896,26.0,50.0,99,0,0,85
2026-05-25 12:18:24.376357,26.0,50.0,100,0,0,85
2026-05-25 12:18:25.384343,26.0,50.0,99,0,0,85
2026-05-25 12:18:26.443215,26.0,50.0,100,0,0,85
2026-05-25 12:18:27.435643,26.0,50.0,99,0,0,85
2026-05-25 12:18:28.531337,26.0,50.0,99,0,0,85
2026-05-25 12:18:29.531373,26.0,50.0,96,0,0,85
2026-05-25 12:18:30.592847,26.0,50.0,99,0,0,85
2026-05-25 12:18:31.604088,26.0,50.0,97,0,0,85
2026-05-25 12:18:32.652463,26.0,50.0,100,0,0,85
2026-05-25 12:18:33.652429,26.0,50.0,99,0,0,85
2026-05-25 12:18:34.726582,26.0,50.0,99,0,0,85
2026-05-25 12:18:35.727173,26.0,50.0,99,0,0,85
2026-05-25 12:18:36.792816,26.0,50.0,100,0,0,85
2026-05-25 12:18:37.782806,26.0,50.0,96,0,0,85
2026-05-25 12:18:38.883191,26.0,50.0,99,0,0,85
2026-05-25 12:18:39.884582,26.0,50.0,98,0,0,85
2026-05-25 12:18:40.946666,26.0,50.0,99,0,0,85
2026-05-25 12:18:41.952351,26.0,50.0,99,0,0,85
2026-05-25 12:18:43.011781,26.0,50.0,99,0,0,85
2026-05-25 12:18:44.006684,26.0,50.0,99,0,0,85
2026-05-25 12:18:45.072982,26.0,50.0,100,0,0,85
2026-05-25 12:18:46.075622,26.0,50.0,98,0,0,85
2026-05-25 12:18:47.170641,26.0,50.0,99,0,0,85
2026-05-25 12:18:48.163236,26.0,50.0,99,0,0,85
2026-05-25 12:18:49.312515,26.0,50.0,98,0,0,85
2026-05-25 12:18:50.261400,26.0,50.0,96,0,0,85
2026-05-25 12:18:51.264638,26.0,50.0,100,0,0,85
2026-05-25 12:18:52.269586,26.0,50.0,99,0,0,85
2026-05-25 12:18:53.265580,26.0,50.0,100,0,0,85
2026-05-25 12:18:54.362886,26.0,50.0,99,0,0,85
2026-05-25 12:18:55.362947,26.0,50.0,99,0,0,85
2026-05-25 12:18:56.429572,26.0,50.0,99,0,0,85
2026-05-25 12:18:57.435310,26.0,52.0,100,0,0,85
2026-05-25 12:18:58.493424,26.0,52.0,99,0,250,85
2026-05-25 12:18:59.493295,26.0,52.0,99,0,100,85
2026-05-25 12:19:00.556435,26.0,52.0,99,0,100,85
2026-05-25 12:19:01.559938,26.0,52.0,100,0,100,85
2026-05-25 12:19:02.623875,26.0,52.0,99,0,100,85
2026-05-25 12:19:03.616071,26.0,52.0,98,0,100,85
2026-05-25 12:19:04.709597,26.0,52.0,99,0,100,85
2026-05-25 12:19:05.709847,26.0,52.0,100,0,100,85
2026-05-25 12:19:06.762919,26.0,52.0,99,0,100,85
2026-05-25 12:19:07.772299,26.0,52.0,98,0,100,85
2026-05-25 12:19:08.823931,26.0,52.0,98,0,100,85
2026-05-25 12:19:09.821302,26.0,52.0,100,0,100,85
2026-05-25 12:19:10.881590,26.0,52.0,99,0,100,85
2026-05-25 12:19:11.882422,26.0,52.0,100,0,100,85
2026-05-25 12:19:12.944523,26.0,52.0,100,0,100,85
2026-05-25 12:19:13.935556,26.0,52.0,100,0,100,85
2026-05-25 12:19:15.032382,26.0,52.0,96,0,100,85
2026-05-25 12:19:16.032836,26.0,52.0,100,0,100,85
2026-05-25 12:19:17.088168,26.0,52.0,99,0,100,85
2026-05-25 12:19:18.098338,26.0,52.0,98,0,100,85
2026-05-25 12:19:19.148149,26.0,52.0,99,0,100,85
2026-05-25 12:19:20.149040,26.0,52.0,100,0,100,85
2026-05-25 12:19:21.205441,26.0,52.0,100,0,100,85
2026-05-25 12:19:22.205027,26.0,52.0,99,0,100,85
2026-05-25 12:19:23.274582,26.0,52.0,99,0,100,85
2026-05-25 12:19:24.265475,26.0,52.0,98,0,100,85
2026-05-25 12:19:25.373046,26.0,52.0,96,0,100,85
2026-05-25 12:19:26.369934,26.0,52.0,100,0,100,85
2026-05-25 12:19:27.391152,26.0,52.0,99,0,100,85
2026-05-25 12:19:28.400362,26.0,52.0,99,0,100,85
2026-05-25 12:19:29.451564,26.0,52.0,98,0,100,85
2026-05-25 12:19:30.451688,26.0,52.0,100,0,100,85
2026-05-25 12:19:31.453027,26.0,52.0,99,0,100,85
2026-05-25 12:19:32.452996,26.0,52.0,100,0,100,85
2026-05-25 12:19:33.522683,26.0,52.0,99,0,100,85
2026-05-25 12:19:34.511704,26.0,52.0,100,0,100,85
2026-05-25 12:19:35.608565,26.0,52.0,99,0,100,85
2026-05-25 12:19:36.607822,26.0,52.0,100,0,100,85
2026-05-25 12:19:37.675036,26.0,52.0,97,0,100,85
2026-05-25 12:19:38.684362,26.0,52.0,100,0,100,85
2026-05-25 12:19:39.729063,26.0,52.0,98,0,100,85
2026-05-25 12:19:40.730003,26.0,52.0,99,0,100,85
2026-05-25 12:19:41.787403,26.0,52.0,100,0,100,85
2026-05-25 12:19:42.788432,26.0,52.0,99,0,100,85
2026-05-25 12:19:43.799175,26.0,52.0,96,0,100,85
2026-05-25 12:19:44.788257,26.0,52.0,99,0,100,85
2026-05-25 12:19:45.883626,26.0,52.0,99,0,100,85
2026-05-25 12:19:46.882775,26.0,52.0,100,0,100,85
2026-05-25 12:19:47.884290,26.0,52.0,96,0,100,85
2026-05-25 12:19:48.892421,26.0,52.0,99,0,100,85
2026-05-25 12:19:49.942796,26.0,52.0,98,0,100,85
2026-05-25 12:19:50.945439,26.0,52.0,100,0,100,85
2026-05-25 12:19:52.043412,26.0,52.0,99,0,100,85
2026-05-25 12:19:53.044864,26.0,52.0,99,0,100,85
2026-05-25 12:19:54.110117,26.0,52.0,99,0,100,85
2026-05-25 12:19:55.103770,26.0,52.0,98,0,100,85
2026-05-25 12:19:56.101507,26.0,52.0,97,0,100,85
2026-05-25 12:19:57.101590,26.0,52.0,100,0,100,85
2026-05-25 12:19:58.101035,26.0,52.0,99,0,100,85
2026-05-25 12:19:59.159704,26.0,52.0,100,0,100,85
2026-05-25 12:20:00.160303,26.0,52.0,96,0,100,85
2026-05-25 12:20:01.230313,26.0,52.0,99,0,100,85
2026-05-25 12:20:02.229529,26.0,52.0,99,0,100,85
2026-05-25 12:20:03.286834,26.0,52.0,99,0,100,85
2026-05-25 12:20:04.291982,26.0,52.0,99,0,100,85
2026-05-25 12:20:05.342226,26.0,52.0,100,0,100,85
2026-05-25 12:20:06.347843,26.0,52.0,99,0,100,85
2026-05-25 12:20:07.342668,26.0,52.0,99,0,100,85
2026-05-25 12:20:08.343115,26.0,52.0,99,0,100,85
2026-05-25 12:20:09.343325,26.0,52.0,98,0,100,85
2026-05-25 12:20:10.410790,26.0,52.0,99,0,100,85
2026-05-25 12:20:11.400254,26.0,52.0,97,0,100,85
2026-05-25 12:20:12.492383,26.0,52.0,99,0,100,85
2026-05-25 12:20:13.491408,26.0,52.0,99,0,100,85
2026-05-25 12:20:14.553461,26.0,52.0,99,0,100,85
2026-05-25 12:20:15.568606,26.0,52.0,100,0,100,85
2026-05-25 12:20:16.621673,26.0,52.0,96,0,100,85
2026-05-25 12:20:17.610578,26.0,50.0,99,0,100,85
2026-05-25 12:20:18.698124,26.0,50.0,96,0,0,85
2026-05-25 12:20:19.697927,26.0,50.0,98,0,0,85
2026-05-25 12:20:20.764697,26.0,50.0,98,0,0,85
2026-05-25 12:20:21.756906,26.0,50.0,100,0,0,85
2026-05-25 12:20:22.852719,26.0,50.0,99,0,0,85
2026-05-25 12:20:23.854508,26.0,50.0,99,0,0,85
2026-05-25 12:20:24.908461,26.0,50.0,99,0,0,85
2026-05-25 12:20:25.921893,26.0,50.0,99,0,0,85
2026-05-25 12:20:26.972348,26.0,50.0,99,0,0,85
2026-05-25 12:20:27.967295,26.0,50.0,100,0,0,85
2026-05-25 12:20:29.033782,26.0,50.0,99,0,0,85
2026-05-25 12:20:30.033512,26.0,50.0,99,0,0,85
2026-05-25 12:20:31.101742,26.0,50.0,99,0,0,85
2026-05-25 12:20:32.101018,26.0,50.0,100,0,0,85
2026-05-25 12:20:33.185816,26.0,50.0,99,0,0,85
2026-05-25 12:20:34.183043,26.0,50.0,99,0,0,85
2026-05-25 12:20:35.246059,26.0,50.0,99,0,0,85
2026-05-25 12:20:36.242587,26.0,49.0,98,0,0,85
2026-05-25 12:20:37.312854,26.0,49.0,97,0,0,85
2026-05-25 12:20:39.391242,26.0,49.0,98,0,0,85
2026-05-25 12:20:40.393824,26.0,49.0,99,0,0,85
2026-05-25 12:20:41.452190,26.0,49.0,100,0,0,85
2026-05-25 12:20:42.452695,26.0,49.0,97,0,0,85
2026-05-25 12:20:43.521895,26.0,49.0,100,0,0,85
2026-05-25 12:20:44.513317,26.0,49.0,96,0,0,85
2026-05-25 12:20:45.615624,26.0,49.0,100,0,0,85
2026-05-25 12:20:46.622414,26.0,49.0,97,0,0,85
2026-05-25 12:20:47.673912,26.0,49.0,100,0,0,85
2026-05-25 12:20:48.681844,26.0,50.0,99,0,0,85
2026-05-25 12:20:49.736771,26.0,50.0,100,0,0,85
2026-05-25 12:20:50.736241,26.0,50.0,99,0,0,85
2026-05-25 12:20:51.794948,26.0,50.0,100,0,0,85
2026-05-25 12:20:52.795239,26.0,50.0,100,0,0,85
2026-05-25 12:20:53.868745,26.0,50.0,97,0,0,85
2026-05-25 12:20:54.855265,26.0,50.0,99,0,0,85
2026-05-25 12:20:55.950375,26.0,50.0,100,0,0,85
2026-05-25 12:20:56.947088,26.0,50.0,99,0,0,85
2026-05-25 12:20:58.012469,26.0,50.0,99,0,0,85
2026-05-25 12:20:59.025693,26.0,50.0,99,0,0,85
2026-05-25 12:21:00.078939,26.0,50.0,100,0,0,85
2026-05-25 12:21:01.075350,26.0,50.0,99,0,0,85
2026-05-25 12:21:02.143539,26.0,50.0,99,0,0,85
2026-05-25 12:21:03.142843,26.0,50.0,98,0,0,85
2026-05-25 12:21:04.217790,26.0,50.0,99,0,0,85
2026-05-25 12:21:05.204799,26.0,50.0,99,0,0,85
2026-05-25 12:21:06.304217,26.0,50.0,100,0,0,85
2026-05-25 12:21:07.302913,26.0,50.0,99,0,0,85
2026-05-25 12:21:08.365096,26.0,50.0,100,0,0,85
2026-05-25 12:21:09.376578,26.0,50.0,99,0,0,85
2026-05-25 12:21:10.433537,26.0,50.0,100,0,0,85
2026-05-25 12:21:11.424626,26.0,50.0,100,0,0,85
2026-05-25 12:21:12.524097,26.0,50.0,100,0,0,85
2026-05-25 12:21:13.555039,26.0,50.0,99,0,0,85
2026-05-25 12:21:14.579035,26.0,50.0,99,0,0,85
2026-05-25 12:21:15.589651,26.0,50.0,99,0,0,85
2026-05-25 12:21:16.649323,26.0,50.0,99,0,0,85
2026-05-25 12:21:17.650660,26.0,50.0,99,0,0,85
2026-05-25 12:21:18.733802,26.0,50.0,99,0,0,85
2026-05-25 12:21:19.733165,26.0,50.0,98,0,0,85
2026-05-25 12:21:20.800034,26.0,50.0,100,0,0,85
2026-05-25 12:21:21.788929,26.0,50.0,99,0,0,85
2026-05-25 12:21:22.873785,26.0,50.0,99,0,0,85
2026-05-25 12:21:23.875348,26.0,50.0,97,0,0,85
2026-05-25 12:21:24.930947,26.0,50.0,99,0,0,85
2026-05-25 12:21:25.941097,26.0,50.0,99,0,0,85
2026-05-25 12:21:26.994425,26.0,50.0,100,0,0,85
2026-05-25 12:21:27.994632,26.0,50.0,98,0,0,85
2026-05-25 12:21:29.051888,26.0,50.0,100,0,0,85
2026-05-25 12:21:30.051475,26.0,50.0,99,0,0,85
2026-05-25 12:21:31.119093,26.0,50.0,100,0,0,85
2026-05-25 12:21:32.117272,26.0,50.0,98,0,0,85
2026-05-25 12:21:33.196661,26.0,50.0,100,0,0,85
2026-05-25 12:21:34.196391,26.0,50.0,99,0,0,85
2026-05-25 12:21:35.257896,26.0,50.0,100,0,0,85
2026-05-25 12:21:36.256845,26.0,50.0,99,0,0,85
2026-05-25 12:21:37.325275,26.0,50.0,100,0,0,85
2026-05-25 12:21:38.325043,26.0,50.0,99,0,0,85
2026-05-25 12:21:39.404284,26.0,50.0,97,0,0,85
2026-05-25 12:21:40.402439,26.0,50.0,99,0,0,85
2026-05-25 12:21:41.460937,26.0,50.0,100,0,0,85
2026-05-25 12:21:42.460071,26.0,50.0,99,0,0,85
2026-05-25 12:21:43.528798,26.0,50.0,99,0,0,85
2026-05-25 12:21:44.516800,26.0,50.0,99,0,0,85
2026-05-25 12:21:45.612436,26.0,50.0,99,0,0,85
2026-05-25 12:21:46.614791,26.0,50.0,99,0,0,85
2026-05-25 12:21:47.673073,26.0,50.0,100,0,0,85
2026-05-25 12:21:48.684345,26.0,50.0,99,0,0,85
2026-05-25 12:21:49.728794,26.0,50.0,99,0,0,85
2026-05-25 12:21:50.728683,26.0,52.0,99,0,0,85
2026-05-25 12:21:51.788701,26.0,52.0,100,0,250,85
2026-05-25 12:21:52.784757,26.0,52.0,99,0,100,85
2026-05-25 12:21:53.856112,26.0,52.0,99,0,100,85
2026-05-25 12:21:54.845237,26.0,52.0,99,0,100,85
2026-05-25 12:21:55.942425,26.0,52.0,99,0,100,85
2026-05-25 12:21:56.941527,26.0,52.0,98,0,100,85
2026-05-25 12:21:58.000254,26.0,52.0,98,0,100,85
2026-05-25 12:21:59.006565,26.0,52.0,98,0,100,85
2026-05-25 12:22:00.098734,26.0,52.0,99,0,100,85
2026-05-25 12:22:01.064331,26.0,52.0,99,0,100,85
2026-05-25 12:22:02.058371,26.0,52.0,100,0,100,85
2026-05-25 12:22:03.059211,26.0,52.0,98,0,100,85
2026-05-25 12:22:04.059400,26.0,52.0,100,0,100,85
2026-05-25 12:22:05.123760,26.0,52.0,97,0,100,85
2026-05-25 12:22:06.117755,26.0,52.0,99,0,100,85
2026-05-25 12:22:07.186904,26.0,52.0,99,0,100,85
2026-05-25 12:22:08.186826,26.0,52.0,99,0,100,85
2026-05-25 12:22:09.245231,26.0,52.0,96,0,100,85
2026-05-25 12:22:10.257567,26.0,52.0,97,0,100,85
2026-05-25 12:22:11.303628,26.0,52.0,100,0,100,85
2026-05-25 12:22:12.301381,26.0,52.0,99,0,100,85
2026-05-25 12:22:13.361171,26.0,52.0,99,0,100,85
2026-05-25 12:22:14.362691,26.0,52.0,96,0,100,85
2026-05-25 12:22:15.426429,26.0,52.0,99,0,100,85
2026-05-25 12:22:16.416888,26.0,52.0,99,0,100,85
2026-05-25 12:22:17.506587,26.0,52.0,99,0,100,85
2026-05-25 12:22:18.506475,26.0,52.0,100,0,100,85
2026-05-25 12:22:19.506495,26.0,50.0,99,0,100,85
2026-05-25 12:22:20.506949,26.0,50.0,97,0,0,85
2026-05-25 12:22:21.564613,26.0,50.0,99,0,0,85
2026-05-25 12:22:22.564517,26.0,50.0,100,0,0,85
2026-05-25 12:22:23.628897,26.0,50.0,99,0,0,85
2026-05-25 12:22:24.628763,26.0,50.0,99,0,0,85
2026-05-25 12:22:25.698285,26.0,50.0,99,0,0,85
2026-05-25 12:22:26.694397,26.0,50.0,99,0,0,85
2026-05-25 12:22:27.774132,26.0,50.0,98,0,0,85
2026-05-25 12:22:28.774667,26.0,52.0,100,0,0,85
2026-05-25 12:22:29.833866,26.0,52.0,98,0,250,85
2026-05-25 12:22:30.834926,26.0,52.0,100,0,100,85
2026-05-25 12:22:31.901798,26.0,52.0,97,0,100,85
2026-05-25 12:22:32.888317,26.0,52.0,96,0,100,85
2026-05-25 12:22:33.988832,26.0,52.0,99,0,100,85
2026-05-25 12:22:34.990064,26.0,52.0,99,0,100,85
2026-05-25 12:22:36.048644,26.0,52.0,98,0,100,85
2026-05-25 12:22:37.057875,26.0,52.0,98,0,100,85
2026-05-25 12:22:38.111437,26.0,52.0,99,0,100,85
2026-05-25 12:22:39.110914,26.0,52.0,100,0,100,85
2026-05-25 12:22:40.163165,26.0,52.0,98,0,100,85
2026-05-25 12:22:41.162392,26.0,52.0,100,0,100,85
2026-05-25 12:22:42.229595,26.0,52.0,99,0,100,85
2026-05-25 12:22:43.220139,26.0,52.0,100,0,100,85
2026-05-25 12:22:44.304194,26.0,52.0,99,0,100,85
2026-05-25 12:22:45.303712,26.0,52.0,98,0,100,85
2026-05-25 12:22:46.362873,26.0,52.0,99,0,100,85
2026-05-25 12:22:47.374086,26.0,52.0,100,0,100,85
2026-05-25 12:22:48.420581,26.0,52.0,98,0,100,85
2026-05-25 12:22:49.420104,26.0,52.0,99,0,100,85
2026-05-25 12:22:50.477714,26.0,52.0,100,0,100,85
2026-05-25 12:22:51.480571,26.0,52.0,99,0,100,85
2026-05-25 12:22:52.550494,26.0,52.0,100,0,100,85
2026-05-25 12:22:53.549959,26.0,52.0,99,0,100,85
2026-05-25 12:22:54.630873,26.0,52.0,98,0,100,85
2026-05-25 12:22:55.631780,26.0,52.0,98,0,100,85
2026-05-25 12:22:56.690268,26.0,52.0,99,0,100,85
2026-05-25 12:22:57.692559,26.0,50.0,98,0,100,85
2026-05-25 12:22:58.755672,26.0,50.0,98,0,0,85
2026-05-25 12:22:59.745955,26.0,50.0,99,0,0,85
2026-05-25 12:23:00.831913,26.0,50.0,100,0,0,85
2026-05-25 12:23:01.832100,26.0,50.0,98,0,0,85
2026-05-25 12:23:02.886718,26.0,50.0,99,0,0,85
2026-05-25 12:23:03.896274,26.0,50.0,99,0,0,85
2026-05-25 12:23:04.978882,26.0,50.0,100,0,0,85
2026-05-25 12:23:05.944319,26.0,50.0,99,0,0,85
2026-05-25 12:23:06.987692,26.0,50.0,98,0,0,85
2026-05-25 12:23:07.988409,26.0,50.0,98,0,0,85
2026-05-25 12:23:09.055276,26.0,50.0,97,0,0,85
2026-05-25 12:23:10.050962,26.0,50.0,99,0,0,85
2026-05-25 12:23:11.045585,26.0,50.0,99,0,0,85
2026-05-25 12:23:12.048601,26.0,50.0,99,0,0,85
2026-05-25 12:23:13.046935,26.0,50.0,98,0,0,85
2026-05-25 12:23:14.046367,26.0,50.0,98,0,0,85
2026-05-25 12:23:15.055664,26.0,50.0,99,0,0,85
2026-05-25 12:23:16.106040,26.0,50.0,99,0,0,85
2026-05-25 12:23:17.106670,26.0,50.0,100,0,0,85
2026-05-25 12:23:18.162652,26.0,50.0,99,0,0,85
2026-05-25 12:23:19.165608,26.0,50.0,100,0,0,85
2026-05-25 12:23:20.232300,26.0,50.0,98,0,0,85
2026-05-25 12:23:21.219558,26.0,50.0,99,0,0,85
2026-05-25 12:23:22.323554,26.0,50.0,99,0,0,85
2026-05-25 12:23:23.325183,26.0,50.0,99,0,0,85
2026-05-25 12:23:24.380777,26.0,50.0,100,0,0,85
2026-05-25 12:23:25.389447,26.0,50.0,99,0,0,85
2026-05-25 12:23:26.438830,26.0,50.0,99,0,0,85
2026-05-25 12:23:27.435445,26.0,50.0,97,0,0,85
2026-05-25 12:23:28.463491,26.0,50.0,100,0,0,85
2026-05-25 12:23:29.464499,26.0,50.0,100,0,0,85
2026-05-25 12:23:30.533832,26.0,50.0,100,0,0,85
2026-05-25 12:23:31.522423,26.0,50.0,99,0,0,85
2026-05-25 12:23:32.525353,26.0,50.0,100,0,0,85
2026-05-25 12:23:33.525204,26.0,50.0,99,0,0,85
2026-05-25 12:23:34.582577,26.0,50.0,99,0,0,85
2026-05-25 12:23:35.582349,26.0,50.0,99,0,0,85
2026-05-25 12:23:36.647040,26.0,49.0,99,0,0,85
2026-05-25 12:23:37.637506,26.0,50.0,100,0,0,85
2026-05-25 12:23:38.741493,26.0,50.0,99,0,0,85
2026-05-25 12:23:39.740863,26.0,50.0,96,0,0,85
2026-05-25 12:23:40.800124,26.0,50.0,99,0,0,85
2026-05-25 12:23:41.810772,26.0,50.0,99,0,0,85
2026-05-25 12:23:42.854395,26.0,50.0,100,0,0,85
2026-05-25 12:23:43.854104,26.0,50.0,100,0,0,85
2026-05-25 12:23:44.911655,26.0,50.0,100,0,0,85
2026-05-25 12:23:45.912019,26.0,50.0,99,0,0,85
2026-05-25 12:23:46.978595,26.0,50.0,100,0,0,85
2026-05-25 12:23:47.967342,26.0,50.0,99,0,0,85
2026-05-25 12:23:49.066624,26.0,50.0,100,0,0,85
2026-05-25 12:23:50.066358,26.0,50.0,99,0,0,85
2026-05-25 12:23:51.127058,26.0,50.0,99,0,0,85
2026-05-25 12:23:52.134669,26.0,50.0,99,0,0,85
2026-05-25 12:23:53.185728,26.0,50.0,99,0,0,85
2026-05-25 12:23:54.188790,26.0,50.0,99,0,0,85
2026-05-25 12:23:55.248328,26.0,50.0,99,0,0,85
2026-05-25 12:23:56.248094,26.0,50.0,99,0,0,85
2026-05-25 12:23:57.323847,26.0,50.0,98,0,0,85
2026-05-25 12:23:58.316507,26.0,50.0,99,0,0,85
2026-05-25 12:23:59.404667,26.0,50.0,100,0,0,85
2026-05-25 12:24:00.404843,26.0,50.0,99,0,0,85
2026-05-25 12:24:01.458817,26.0,52.0,98,0,0,85
2026-05-25 12:24:02.469972,26.0,52.0,96,0,250,85
2026-05-25 12:24:03.515050,26.0,52.0,99,0,100,85
2026-05-25 12:24:04.515418,26.0,50.0,99,0,100,85
2026-05-25 12:24:05.571948,26.0,52.0,100,0,0,85
2026-05-25 12:24:06.572089,26.0,52.0,96,0,250,85
2026-05-25 12:24:07.637172,26.0,52.0,100,0,100,85
2026-05-25 12:24:08.629300,26.0,52.0,99,0,100,85
2026-05-25 12:24:09.720900,26.0,52.0,100,0,100,85
2026-05-25 12:24:10.718269,26.0,52.0,99,0,100,85
2026-05-25 12:24:11.779770,26.0,52.0,99,0,100,85
2026-05-25 12:24:12.789140,26.0,52.0,99,0,100,85
2026-05-25 12:24:13.845876,26.0,52.0,100,0,100,85
2026-05-25 12:24:14.844846,26.0,52.0,99,0,100,85
2026-05-25 12:24:15.912959,26.0,52.0,99,0,100,85
2026-05-25 12:24:16.913195,26.0,52.0,98,0,100,85
2026-05-25 12:24:17.984249,26.0,52.0,99,0,100,85
2026-05-25 12:24:18.974728,26.0,52.0,99,0,100,85
2026-05-25 12:24:20.076654,26.0,52.0,99,0,100,85
2026-05-25 12:24:21.075982,26.0,52.0,99,0,100,85
2026-05-25 12:24:22.136542,26.0,52.0,100,0,100,85
2026-05-25 12:24:23.146381,26.0,52.0,100,0,100,85
2026-05-25 12:24:24.195353,26.0,52.0,99,0,100,85
2026-05-25 12:24:25.193492,26.0,52.0,99,0,100,85
2026-05-25 12:24:26.256420,26.0,52.0,100,0,100,85
2026-05-25 12:24:27.258958,26.0,52.0,99,0,100,85
2026-05-25 12:24:28.325952,26.0,52.0,99,0,100,85
2026-05-25 12:24:29.314382,26.0,52.0,100,0,100,85
2026-05-25 12:24:30.403064,26.0,52.0,99,0,100,85
2026-05-25 12:24:31.403533,26.0,50.0,99,0,100,85
2026-05-25 12:24:32.459574,26.0,50.0,98,0,0,85
2026-05-25 12:24:33.459674,26.0,50.0,99,0,0,85
2026-05-25 12:24:34.520861,26.0,50.0,96,0,0,85
2026-05-25 12:24:35.584551,26.0,50.0,99,0,0,85
2026-05-25 12:24:36.582881,26.0,50.0,98,0,0,85
2026-05-25 12:24:37.582934,26.0,50.0,99,0,0,85
2026-05-25 12:24:38.649581,26.0,50.0,99,0,0,85
2026-05-25 12:24:39.647137,26.0,50.0,99,0,0,85
2026-05-25 12:24:40.740241,26.0,50.0,99,0,0,85
2026-05-25 12:24:41.733333,26.0,50.0,97,0,0,85
2026-05-25 12:24:42.825438,26.0,49.0,99,0,0,85
2026-05-25 12:24:43.827053,26.0,49.0,99,0,0,85
2026-05-25 12:24:44.881700,26.0,49.0,99,0,0,85
2026-05-25 12:24:45.890302,26.0,49.0,99,0,0,85
2026-05-25 12:24:46.939507,26.0,49.0,96,0,0,85
2026-05-25 12:24:47.939091,26.0,49.0,99,0,0,85
2026-05-25 12:24:48.999971,26.0,49.0,99,0,0,85
2026-05-25 12:24:49.999085,26.0,49.0,99,0,0,85
2026-05-25 12:24:51.069627,26.0,50.0,99,0,0,85
2026-05-25 12:24:52.066152,26.0,50.0,99,0,0,85
2026-05-25 12:24:53.152098,26.0,50.0,99,0,0,85
2026-05-25 12:24:54.152415,26.0,50.0,99,0,0,85
2026-05-25 12:24:55.220573,26.0,50.0,100,0,0,85
2026-05-25 12:24:56.218184,26.0,50.0,99,0,0,85
2026-05-25 12:24:57.290300,26.0,50.0,99,0,0,85
2026-05-25 12:24:58.281142,26.0,50.0,98,0,0,85
2026-05-25 12:24:59.368409,26.0,50.0,99,0,0,85
2026-05-25 12:25:00.367972,26.0,50.0,99,0,0,85
2026-05-25 12:25:01.423282,26.0,50.0,97,0,0,85
2026-05-25 12:25:02.432692,26.0,50.0,99,0,0,85
2026-05-25 12:25:03.484092,26.0,50.0,100,0,0,85
2026-05-25 12:25:04.488447,26.0,50.0,99,0,0,85
2026-05-25 12:25:05.545767,26.0,50.0,99,0,0,85
2026-05-25 12:25:06.544295,26.0,50.0,99,0,0,85
2026-05-25 12:25:07.609887,26.0,50.0,100,0,0,85
2026-05-25 12:25:08.610666,26.0,50.0,100,0,0,85
2026-05-25 12:25:09.687145,26.0,50.0,99,0,0,85
2026-05-25 12:25:10.686757,26.0,50.0,99,0,0,85
2026-05-25 12:25:11.742351,26.0,50.0,99,0,0,85
2026-05-25 12:25:12.743351,26.0,50.0,99,0,0,85
2026-05-25 12:25:13.807223,26.0,50.0,100,0,0,85
2026-05-25 12:25:14.797549,26.0,50.0,96,0,0,85
2026-05-25 12:25:15.886388,26.0,50.0,100,0,0,85
2026-05-25 12:25:16.886304,26.0,50.0,100,0,0,85
2026-05-25 12:25:17.949821,26.0,50.0,99,0,0,85
2026-05-25 12:25:18.954501,26.0,50.0,99,0,0,85
2026-05-25 12:25:20.010398,26.0,50.0,99,0,0,85
2026-05-25 12:25:21.010744,26.0,50.0,99,0,0,85
2026-05-25 12:25:22.071701,26.0,50.0,100,0,0,85
2026-05-25 12:25:23.072148,26.0,52.0,99,0,0,85
2026-05-25 12:25:24.149783,26.0,52.0,98,0,250,85
2026-05-25 12:25:25.140412,26.0,52.0,96,0,100,85
2026-05-25 12:25:26.235779,26.0,52.0,99,0,100,85
2026-05-25 12:25:27.257380,26.0,52.0,99,0,100,85
2026-05-25 12:25:28.295757,26.0,52.0,97,0,100,85
2026-05-25 12:25:29.303089,26.0,52.0,99,0,100,85
2026-05-25 12:25:30.355443,26.0,52.0,99,0,100,85
2026-05-25 12:25:31.356604,26.0,52.0,99,0,100,85
2026-05-25 12:25:32.411690,26.0,52.0,100,0,100,85
2026-05-25 12:25:33.411136,26.0,52.0,99,0,100,85
2026-05-25 12:25:34.479786,26.0,52.0,100,0,100,85
2026-05-25 12:25:35.583841,26.0,52.0,99,0,100,85
2026-05-25 12:25:36.584157,26.0,52.0,99,0,100,85
2026-05-25 12:25:37.584102,26.0,50.0,99,0,100,85
2026-05-25 12:25:38.643094,26.0,50.0,100,0,0,85
2026-05-25 12:25:39.653943,26.0,50.0,97,0,0,85
2026-05-25 12:25:40.697352,26.0,50.0,100,0,0,85
2026-05-25 12:25:41.697943,26.0,50.0,99,0,0,85
2026-05-25 12:25:42.752849,26.0,50.0,99,0,0,85
2026-05-25 12:25:43.753342,26.0,50.0,99,0,0,85
2026-05-25 12:25:44.819371,26.0,50.0,100,0,0,85
2026-05-25 12:25:45.809816,26.0,50.0,99,0,0,85
2026-05-25 12:25:46.898926,26.0,50.0,99,0,0,85
2026-05-25 12:25:47.900703,26.0,50.0,99,0,0,85
2026-05-25 12:25:48.955456,26.0,50.0,99,0,0,85
2026-05-25 12:25:49.964664,26.0,50.0,99,0,0,85
2026-05-25 12:25:51.008622,26.0,50.0,99,0,0,85
2026-05-25 12:25:52.008804,26.0,50.0,99,0,0,85
2026-05-25 12:25:53.066811,26.0,50.0,100,0,0,85
2026-05-25 12:25:54.067380,26.0,50.0,96,0,0,85
2026-05-25 12:25:55.138215,26.0,50.0,98,0,0,85
2026-05-25 12:25:56.134071,26.0,50.0,99,0,0,85
2026-05-25 12:25:57.212927,26.0,50.0,100,0,0,85
2026-05-25 12:25:58.213372,26.0,49.0,96,0,0,85
2026-05-25 12:25:59.269087,26.0,49.0,100,0,0,85
2026-05-25 12:26:00.269073,26.0,49.0,99,0,0,85
2026-05-25 12:26:01.336730,26.0,49.0,100,0,0,85
2026-05-25 12:26:02.327555,26.0,49.0,99,0,0,85
2026-05-25 12:26:03.418535,26.0,49.0,99,0,0,85
2026-05-25 12:26:04.417853,26.0,49.0,99,0,0,85
2026-05-25 12:26:05.477982,26.0,49.0,100,0,0,85
2026-05-25 12:26:06.486775,26.0,49.0,99,0,0,85
2026-05-25 12:26:07.536132,26.0,49.0,100,0,0,85
2026-05-25 12:26:08.537082,26.0,49.0,98,0,0,85
2026-05-25 12:26:09.592483,26.0,49.0,100,0,0,85
2026-05-25 12:26:10.591635,26.0,49.0,99,0,0,85
2026-05-25 12:26:11.661743,26.0,49.0,100,0,0,85
2026-05-25 12:26:12.656259,26.0,50.0,98,0,0,85
2026-05-25 12:26:13.743374,26.0,50.0,100,0,0,85
2026-05-25 12:26:14.743897,26.0,50.0,99,0,0,85
2026-05-25 12:26:15.801164,26.0,50.0,99,0,0,85
2026-05-25 12:26:16.799893,26.0,50.0,98,0,0,85
2026-05-25 12:26:17.880364,26.0,50.0,99,0,0,85
2026-05-25 12:26:18.857619,26.0,50.0,99,0,0,85
2026-05-25 12:26:19.967704,26.0,50.0,100,0,0,85
2026-05-25 12:26:20.969231,26.0,50.0,99,0,0,85
2026-05-25 12:26:22.024524,26.0,50.0,100,0,0,85
2026-05-25 12:26:23.041620,26.0,50.0,99,0,0,85
2026-05-25 12:26:24.093352,26.0,50.0,99,0,0,85
2026-05-25 12:26:25.091074,26.0,50.0,99,0,0,85
2026-05-25 12:26:26.149780,26.0,50.0,100,0,0,85
2026-05-25 12:26:27.267261,26.0,50.0,96,0,0,85
2026-05-25 12:26:28.273517,26.0,50.0,98,0,0,85
2026-05-25 12:26:29.258305,26.0,50.0,99,0,0,85
2026-05-25 12:26:30.358438,26.0,50.0,99,0,0,85
2026-05-25 12:26:31.357259,26.0,50.0,98,0,0,85
2026-05-25 12:26:32.358961,26.0,50.0,100,0,0,85
2026-05-25 12:26:33.368999,26.0,52.0,99,0,0,85
2026-05-25 12:26:34.419132,26.0,52.0,99,0,250,85
2026-05-25 12:26:35.420105,26.0,52.0,98,0,100,85
2026-05-25 12:26:36.478797,26.0,52.0,99,0,100,85
2026-05-25 12:26:37.475387,26.0,52.0,99,0,100,85
2026-05-25 12:26:38.549472,26.0,52.0,100,0,100,85
2026-05-25 12:26:39.541740,26.0,52.0,99,0,100,85
2026-05-25 12:26:40.637525,26.0,52.0,99,0,100,85
2026-05-25 12:26:41.637878,26.0,52.0,99,0,100,85
2026-05-25 12:26:42.697916,26.0,52.0,98,0,100,85
2026-05-25 12:26:43.708395,26.0,52.0,99,0,100,85
2026-05-25 12:26:44.760721,26.0,52.0,100,0,100,85
2026-05-25 12:26:45.757469,26.0,52.0,98,0,100,85
2026-05-25 12:26:46.816835,26.0,52.0,100,0,100,85
2026-05-25 12:26:47.816643,26.0,52.0,100,0,100,85
2026-05-25 12:26:48.881060,26.0,52.0,100,0,100,85
2026-05-25 12:26:49.872381,26.0,52.0,99,0,100,85
2026-05-25 12:26:50.966261,26.0,52.0,97,0,100,85
2026-05-25 12:26:51.965953,26.0,52.0,99,0,100,85
2026-05-25 12:26:53.025778,26.0,52.0,99,0,100,85
2026-05-25 12:26:54.035629,26.0,52.0,99,0,100,85
2026-05-25 12:26:55.094571,26.0,52.0,99,0,100,85
2026-05-25 12:26:56.091800,26.0,52.0,99,0,100,85
2026-05-25 12:26:57.165105,26.0,52.0,100,0,100,85
2026-05-25 12:26:58.164205,26.0,52.0,96,0,100,85
2026-05-25 12:26:59.233587,26.0,52.0,100,0,100,85
2026-05-25 12:27:00.222149,26.0,52.0,99,0,100,85
2026-05-25 12:27:01.311848,26.0,52.0,96,0,100,85
2026-05-25 12:27:02.313744,26.0,52.0,99,0,100,85
2026-05-25 12:27:03.372463,26.0,52.0,99,0,100,85
2026-05-25 12:27:04.380441,26.0,52.0,99,0,100,85
2026-05-25 12:27:05.429319,26.0,52.0,100,0,100,85
2026-05-25 12:27:06.429071,26.0,52.0,99,0,100,85
2026-05-25 12:27:07.484715,26.0,50.0,98,0,100,85
2026-05-25 12:27:08.487050,26.0,50.0,98,0,0,85
2026-05-25 12:27:09.553774,26.0,50.0,96,0,0,85
2026-05-25 12:27:10.542987,26.0,50.0,99,0,0,85
2026-05-25 12:27:11.640356,26.0,50.0,100,0,0,85
2026-05-25 12:27:12.640125,26.0,50.0,96,0,0,85
2026-05-25 12:27:13.699566,26.0,50.0,97,0,0,85
2026-05-25 12:27:14.708088,26.0,50.0,99,0,0,85
2026-05-25 12:27:15.762303,26.0,50.0,100,0,0,85
2026-05-25 12:27:16.762832,26.0,50.0,99,0,0,85
2026-05-25 12:27:17.817662,26.0,50.0,99,0,0,85
2026-05-25 12:27:18.818254,26.0,50.0,99,0,0,85
2026-05-25 12:27:19.889604,26.0,50.0,100,0,0,85
2026-05-25 12:27:20.874200,26.0,50.0,99,0,0,85
2026-05-25 12:27:21.981661,26.0,50.0,100,0,0,85
2026-05-25 12:27:22.981555,26.0,50.0,99,0,0,85
2026-05-25 12:27:24.036378,26.0,50.0,99,0,0,85
2026-05-25 12:27:25.045871,26.0,50.0,99,0,0,85
2026-05-25 12:27:26.092692,26.0,50.0,99,0,0,85
2026-05-25 12:27:27.096092,26.0,50.0,99,0,0,85
2026-05-25 12:27:28.158426,26.0,50.0,100,0,0,85
2026-05-25 12:27:29.153996,26.0,50.0,99,0,0,85
2026-05-25 12:27:30.197425,26.0,50.0,100,0,0,85
2026-05-25 12:27:31.188607,26.0,50.0,98,0,0,85
2026-05-25 12:27:32.299924,26.0,50.0,100,0,0,85
2026-05-25 12:27:33.293363,26.0,50.0,98,0,0,85
2026-05-25 12:27:34.359462,26.0,50.0,99,0,0,85
2026-05-25 12:27:35.369684,26.0,50.0,99,0,0,85
2026-05-25 12:27:36.414610,26.0,50.0,98,0,0,85
2026-05-25 12:27:37.417340,26.0,50.0,99,0,0,85
2026-05-25 12:27:38.472662,26.0,50.0,100,0,0,85
2026-05-25 12:27:39.468264,26.0,50.0,99,0,0,85
2026-05-25 12:27:40.537651,26.0,50.0,97,0,0,85
2026-05-25 12:27:41.529555,26.0,50.0,99,0,0,85
2026-05-25 12:27:42.623435,26.0,50.0,99,0,0,85
2026-05-25 12:27:43.624085,26.0,50.0,99,0,0,85
2026-05-25 12:27:44.691461,26.0,50.0,99,0,0,85
2026-05-25 12:27:45.695853,26.0,50.0,99,0,0,85
2026-05-25 12:27:46.752151,26.0,52.0,99,0,0,85
2026-05-25 12:27:47.752110,26.0,52.0,98,0,250,85
2026-05-25 12:27:48.809478,26.0,52.0,100,0,100,85
2026-05-25 12:27:49.809627,26.0,50.0,99,0,100,85
2026-05-25 12:27:50.880368,26.0,50.0,99,0,0,85
2026-05-25 12:27:51.870837,26.0,50.0,99,0,0,85
2026-05-25 12:27:52.962430,26.0,50.0,100,0,0,85
2026-05-25 12:27:53.962947,26.0,50.0,97,0,0,85
2026-05-25 12:27:55.019568,26.0,50.0,99,0,0,85
2026-05-25 12:27:56.031893,26.0,50.0,99,0,0,85
2026-05-25 12:27:57.071839,26.0,50.0,99,0,0,85
2026-05-25 12:27:58.072186,26.0,52.0,98,0,0,85
2026-05-25 12:27:59.127585,26.0,52.0,100,0,250,85
2026-05-25 12:28:00.125710,26.0,52.0,99,0,100,85
2026-05-25 12:28:01.195204,26.0,52.0,100,0,100,85
2026-05-25 12:28:02.196960,26.0,52.0,99,0,100,85
2026-05-25 12:28:03.282114,26.0,52.0,100,0,100,85
2026-05-25 12:28:04.284666,26.0,52.0,99,0,100,85
2026-05-25 12:28:05.342184,26.0,52.0,99,0,100,85
2026-05-25 12:28:06.352683,26.0,52.0,98,0,100,85
2026-05-25 12:28:07.409477,26.0,52.0,99,0,100,85
2026-05-25 12:28:08.397532,26.0,52.0,100,0,100,85
2026-05-25 12:28:09.487042,26.0,52.0,99,0,100,85
2026-05-25 12:28:10.486479,26.0,52.0,99,0,100,85
2026-05-25 12:28:11.545343,26.0,52.0,99,0,100,85
2026-05-25 12:28:12.556854,26.0,52.0,99,0,100,85
2026-05-25 12:28:13.604241,26.0,52.0,99,0,100,85
2026-05-25 12:28:14.605010,26.0,52.0,99,0,100,85
2026-05-25 12:28:15.658973,26.0,52.0,100,0,100,85
2026-05-25 12:28:16.661195,26.0,52.0,96,0,100,85
2026-05-25 12:28:17.733081,26.0,52.0,98,0,100,85
2026-05-25 12:28:18.723964,26.0,52.0,99,0,100,85
2026-05-25 12:28:19.826227,26.0,52.0,99,0,100,85
2026-05-25 12:28:20.826330,26.0,52.0,99,0,100,85
2026-05-25 12:28:21.884191,26.0,52.0,99,0,100,85
2026-05-25 12:28:22.893534,26.0,52.0,100,0,100,85
2026-05-25 12:28:23.947772,26.0,52.0,99,0,100,85
2026-05-25 12:28:24.941391,26.0,52.0,98,0,100,85
2026-05-25 12:28:26.029224,26.0,52.0,99,0,100,85
2026-05-25 12:28:27.031140,26.0,50.0,99,0,100,85
2026-05-25 12:28:28.082171,26.0,50.0,99,0,0,85
2026-05-25 12:28:29.096867,26.0,50.0,98,0,0,85
2026-05-25 12:28:30.137021,26.0,50.0,98,0,0,85
2026-05-25 12:28:31.138253,26.0,50.0,98,0,0,85
2026-05-25 12:28:32.192141,26.0,52.0,97,0,0,85
2026-05-25 12:28:33.196314,26.0,52.0,99,0,250,85
2026-05-25 12:28:34.259018,26.0,52.0,100,0,100,85
2026-05-25 12:28:35.253016,26.0,50.0,99,0,100,85
2026-05-25 12:28:36.344227,26.0,50.0,99,0,0,85
2026-05-25 12:28:37.341660,26.0,50.0,99,0,0,85
2026-05-25 12:28:38.408981,26.0,50.0,100,0,0,85
2026-05-25 12:28:39.418305,26.0,50.0,99,0,0,85
2026-05-25 12:28:40.468496,26.0,50.0,99,0,0,85
2026-05-25 12:28:41.473448,26.0,50.0,99,0,0,85
2026-05-25 12:28:42.534031,26.0,50.0,100,0,0,85
2026-05-25 12:28:43.538070,26.0,50.0,99,0,0,85
2026-05-25 12:28:44.604039,26.0,50.0,99,0,0,85
2026-05-25 12:28:45.590318,26.0,50.0,99,0,0,85
2026-05-25 12:28:46.695364,26.0,50.0,100,0,0,85
2026-05-25 12:28:47.695876,26.0,50.0,99,0,0,85
2026-05-25 12:28:48.752666,26.0,50.0,99,0,0,85
2026-05-25 12:28:49.765769,26.0,50.0,99,0,0,85
2026-05-25 12:28:50.804318,26.0,50.0,100,0,0,85
2026-05-25 12:28:51.811870,26.0,50.0,97,0,0,85
2026-05-25 12:28:52.866478,26.0,50.0,100,0,0,85
2026-05-25 12:28:53.864624,26.0,50.0,99,0,0,85
2026-05-25 12:28:54.933673,26.0,50.0,100,0,0,85
2026-05-25 12:28:55.924284,26.0,50.0,99,0,0,85
2026-05-25 12:28:57.011982,26.0,50.0,100,0,0,85
2026-05-25 12:28:58.012182,26.0,50.0,96,0,0,85
2026-05-25 12:28:59.070321,26.0,50.0,100,0,0,85
2026-05-25 12:29:00.079911,26.0,50.0,99,0,0,85
2026-05-25 12:29:01.128397,26.0,49.0,100,0,0,85
2026-05-25 12:29:02.128549,26.0,49.0,98,0,0,85
2026-05-25 12:29:03.185046,26.0,49.0,99,0,0,85
2026-05-25 12:29:04.197448,26.0,49.0,99,0,0,85
2026-05-25 12:29:05.251214,26.0,49.0,99,0,0,85
2026-05-25 12:29:06.249969,26.0,49.0,99,0,0,85
2026-05-25 12:29:07.329103,26.0,49.0,100,0,0,85
2026-05-25 12:29:08.328938,26.0,49.0,99,0,0,85
2026-05-25 12:29:09.383208,26.0,49.0,100,0,0,85
2026-05-25 12:29:10.384727,26.0,49.0,99,0,0,85
2026-05-25 12:29:11.447453,26.0,49.0,100,0,0,85
2026-05-25 12:29:12.449175,26.0,49.0,99,0,0,85
2026-05-25 12:29:13.535621,26.0,49.0,99,0,0,85
2026-05-25 12:29:14.541174,26.0,49.0,100,0,0,85
2026-05-25 12:29:15.592331,26.0,49.0,99,0,0,85
2026-05-25 12:29:16.591656,26.0,49.0,99,0,0,85
2026-05-25 12:29:17.657878,26.0,49.0,99,0,0,85
2026-05-25 12:29:18.651085,26.0,49.0,99,0,0,85
2026-05-25 12:29:19.907261,26.0,49.0,100,0,0,85
2026-05-25 12:29:20.743089,26.0,49.0,97,0,0,85
2026-05-25 12:29:21.740960,26.0,49.0,99,0,0,85
2026-05-25 12:29:22.744961,26.0,49.0,96,0,0,85
2026-05-25 12:29:23.742164,26.0,49.0,99,0,0,85
2026-05-25 12:29:24.843553,26.0,49.0,100,0,0,85
2026-05-25 12:29:25.842693,26.0,49.0,100,0,0,85
2026-05-25 12:29:26.906804,26.0,49.0,96,0,0,85
2026-05-25 12:29:27.914495,26.0,49.0,99,0,0,85
2026-05-25 12:29:28.974213,26.0,50.0,98,0,0,85
2026-05-25 12:29:29.973498,26.0,50.0,100,0,0,85
2026-05-25 12:29:31.066560,26.0,50.0,100,0,0,85
2026-05-25 12:29:32.067548,26.0,50.0,99,0,0,85
2026-05-25 12:29:33.124295,26.0,50.0,99,0,0,85
2026-05-25 12:29:34.133687,26.0,50.0,99,0,0,85
2026-05-25 12:29:35.198629,26.0,50.0,99,0,0,85
2026-05-25 12:29:36.182574,26.0,50.0,100,0,0,85
2026-05-25 12:29:37.182802,26.0,50.0,99,0,0,85
2026-05-25 12:29:38.183393,26.0,50.0,100,0,0,85
2026-05-25 12:29:39.250495,26.0,50.0,99,0,0,85
2026-05-25 12:29:40.248610,26.0,50.0,99,0,0,85
2026-05-25 12:29:41.333754,26.0,50.0,99,0,0,85
2026-05-25 12:29:42.331413,26.0,50.0,99,0,0,85
2026-05-25 12:29:43.396867,26.0,50.0,99,0,0,85
2026-05-25 12:29:44.408665,26.0,50.0,99,0,0,85
2026-05-25 12:29:45.457000,26.0,50.0,99,0,0,85
2026-05-25 12:29:46.455896,26.0,52.0,98,0,0,85
2026-05-25 12:29:47.520459,26.0,52.0,99,0,250,85
2026-05-25 12:29:48.518642,26.0,52.0,99,0,100,85
2026-05-25 12:29:49.589622,26.0,52.0,99,0,100,85
2026-05-25 12:29:50.587381,26.0,52.0,99,0,100,85
2026-05-25 12:29:51.677462,26.0,50.0,96,0,100,85
2026-05-25 12:29:52.675311,26.0,50.0,99,0,0,85
2026-05-25 12:29:53.732634,26.0,50.0,99,0,0,85
2026-05-25 12:29:54.745610,26.0,52.0,100,0,0,85
2026-05-25 12:29:55.797267,26.0,50.0,99,0,250,85
2026-05-25 12:29:56.786119,26.0,50.0,100,0,0,85
2026-05-25 12:29:57.875112,26.0,50.0,100,0,0,85
2026-05-25 12:29:58.875455,26.0,50.0,100,0,0,85
2026-05-25 12:29:59.936642,26.0,50.0,98,0,0,85
2026-05-25 12:30:00.949671,26.0,50.0,99,0,0,85
2026-05-25 12:30:02.003018,26.0,50.0,99,0,0,85
2026-05-25 12:30:02.992824,26.0,50.0,100,0,0,85
2026-05-25 12:30:04.084382,26.0,50.0,100,0,0,85
2026-05-25 12:30:05.085914,26.0,50.0,99,0,0,85
2026-05-25 12:30:06.198580,26.0,50.0,98,0,0,85
2026-05-25 12:30:07.157993,26.0,50.0,100,0,0,85
2026-05-25 12:30:08.145632,26.0,50.0,99,0,0,85
2026-05-25 12:30:09.145555,26.0,50.0,100,0,0,85
2026-05-25 12:30:10.146649,26.0,50.0,99,0,0,85
2026-05-25 12:30:11.203135,26.0,50.0,99,0,0,85
2026-05-25 12:30:12.203699,26.0,50.0,99,0,0,85
2026-05-25 12:30:13.260906,26.0,50.0,100,0,0,85
2026-05-25 12:30:14.260008,26.0,50.0,99,0,0,85
2026-05-25 12:30:15.321066,26.0,50.0,100,0,0,85
2026-05-25 12:30:16.324106,26.0,50.0,97,0,0,85
2026-05-25 12:30:17.391882,26.0,50.0,99,0,0,85
2026-05-25 12:30:18.392240,26.0,50.0,98,0,0,85
2026-05-25 12:30:19.478231,26.0,50.0,99,0,0,85
2026-05-25 12:30:20.476587,26.0,50.0,99,0,0,85
2026-05-25 12:30:21.533810,26.0,50.0,99,0,0,85
2026-05-25 12:30:22.534708,26.0,50.0,99,0,0,85
2026-05-25 12:30:23.596511,26.0,50.0,100,0,0,85
2026-05-25 12:30:24.589269,26.0,50.0,99,0,0,85
2026-05-25 12:30:25.684467,26.0,50.0,98,0,0,85
2026-05-25 12:30:26.688410,26.0,50.0,99,0,0,85
2026-05-25 12:30:27.742926,26.0,50.0,98,0,0,85
2026-05-25 12:30:28.752820,26.0,50.0,99,0,0,85
2026-05-25 12:30:29.802871,26.0,50.0,100,0,0,85
2026-05-25 12:30:30.802062,26.0,50.0,96,0,0,85
2026-05-25 12:30:31.861791,26.0,50.0,99,0,0,85
2026-05-25 12:30:32.859200,26.0,50.0,99,0,0,85
2026-05-25 12:30:33.930061,26.0,50.0,99,0,0,85
2026-05-25 12:30:34.915947,26.0,50.0,100,0,0,85
2026-05-25 12:30:36.000741,26.0,50.0,99,0,0,85
2026-05-25 12:30:37.200158,26.0,50.0,99,0,0,85
2026-05-25 12:30:38.054319,26.0,50.0,99,0,0,85
2026-05-25 12:30:39.064860,26.0,50.0,99,0,0,85
2026-05-25 12:30:40.109885,26.0,50.0,99,0,0,85
2026-05-25 12:30:41.109752,26.0,50.0,99,0,0,85
2026-05-25 12:30:42.169020,26.0,50.0,100,0,0,85
2026-05-25 12:30:43.168681,26.0,50.0,99,0,0,85
2026-05-25 12:30:44.241319,26.0,50.0,100,0,0,85
2026-05-25 12:30:45.246387,26.0,50.0,99,0,0,85
2026-05-25 12:30:46.324679,26.0,50.0,100,0,0,85
2026-05-25 12:30:47.321785,26.0,50.0,93,0,0,85
2026-05-25 12:30:48.385279,26.0,50.0,99,0,0,85
2026-05-25 12:30:49.385080,26.0,50.0,97,0,0,85
2026-05-25 12:30:50.462447,26.0,50.0,99,0,0,85
2026-05-25 12:30:51.457617,26.0,50.0,99,0,0,85
2026-05-25 12:30:52.551398,26.0,50.0,99,0,0,85
2026-05-25 12:30:53.551517,26.0,50.0,97,0,0,85
2026-05-25 12:30:54.608183,26.0,50.0,100,0,0,85
2026-05-25 12:30:55.608903,26.0,50.0,97,0,0,85
2026-05-25 12:30:56.675862,26.0,50.0,100,0,0,85
2026-05-25 12:30:57.667970,26.0,50.0,99,0,0,85
2026-05-25 12:30:58.762650,26.0,52.0,99,0,0,85
2026-05-25 12:30:59.762348,26.0,52.0,97,0,250,85
2026-05-25 12:31:00.817007,26.0,52.0,100,0,100,85
2026-05-25 12:31:01.826767,26.0,52.0,99,0,100,85
2026-05-25 12:31:02.876450,26.0,52.0,99,0,100,85
2026-05-25 12:31:03.876678,26.0,52.0,99,0,100,85
2026-05-25 12:31:04.935463,26.0,52.0,98,0,100,85
2026-05-25 12:31:05.935942,26.0,52.0,99,0,100,85
2026-05-25 12:31:07.007983,26.0,52.0,100,0,100,85
2026-05-25 12:31:07.998672,26.0,52.0,99,0,100,85
2026-05-25 12:31:09.085360,26.0,52.0,99,0,100,85
2026-05-25 12:31:10.085628,26.0,52.0,99,0,100,85
2026-05-25 12:31:11.140494,26.0,52.0,100,0,100,85
2026-05-25 12:31:12.144755,26.0,52.0,98,0,100,85
2026-05-25 12:31:13.197240,26.0,52.0,100,0,100,85
2026-05-25 12:31:14.196782,26.0,52.0,98,0,100,85
2026-05-25 12:31:15.253090,26.0,52.0,100,0,100,85
2026-05-25 12:31:16.254810,26.0,52.0,99,0,100,85
2026-05-25 12:31:17.319406,26.0,52.0,100,0,100,85
2026-05-25 12:31:18.311395,26.0,52.0,99,0,100,85
2026-05-25 12:31:19.403903,26.0,52.0,100,0,100,85
2026-05-25 12:31:20.404554,26.0,52.0,97,0,100,85
2026-05-25 12:31:21.458277,26.0,52.0,100,0,100,85
2026-05-25 12:31:22.465606,26.0,52.0,99,0,100,85
2026-05-25 12:31:23.521626,26.0,52.0,100,0,100,85
2026-05-25 12:31:24.514613,26.0,52.0,99,0,100,85
2026-05-25 12:31:25.609664,26.0,52.0,100,0,100,85
2026-05-25 12:31:26.609301,26.0,52.0,99,0,100,85
2026-05-25 12:31:27.669853,26.0,52.0,98,0,100,85
2026-05-25 12:31:28.679842,26.0,52.0,99,0,100,85
2026-05-25 12:31:29.729101,26.0,52.0,98,0,100,85
2026-05-25 12:31:30.732598,26.0,52.0,97,0,100,85
2026-05-25 12:31:31.756567,26.0,52.0,99,0,100,85
2026-05-25 12:31:32.755460,26.0,52.0,96,0,100,85
2026-05-25 12:31:33.827050,26.0,52.0,99,0,100,85
2026-05-25 12:31:34.827259,26.0,52.0,99,0,100,85
2026-05-25 12:31:35.912553,26.0,52.0,98,0,100,85
2026-05-25 12:31:36.914088,26.0,52.0,98,0,100,85
2026-05-25 12:31:37.913483,26.0,52.0,100,0,100,85
2026-05-25 12:31:38.913015,26.0,52.0,99,0,100,85
2026-05-25 12:31:39.982077,26.0,52.0,99,0,100,85
2026-05-25 12:31:40.981938,26.0,52.0,100,0,100,85
2026-05-25 12:31:42.059244,26.0,52.0,100,0,100,85
2026-05-25 12:31:43.058589,26.0,52.0,99,0,100,85
2026-05-25 12:31:44.116061,26.0,52.0,100,0,100,85
2026-05-25 12:31:45.114876,26.0,52.0,99,0,100,85
2026-05-25 12:31:46.179214,26.0,52.0,100,0,100,85
2026-05-25 12:31:47.173726,26.0,52.0,96,0,100,85
2026-05-25 12:31:48.268808,26.0,52.0,96,0,100,85
2026-05-25 12:31:49.270110,26.0,52.0,98,0,100,85
2026-05-25 12:31:50.324723,26.0,52.0,100,0,100,85
2026-05-25 12:31:51.340168,26.0,52.0,99,0,100,85
2026-05-25 12:31:52.428519,26.0,52.0,100,0,100,85
2026-05-25 12:31:53.431942,26.0,52.0,99,0,100,85
2026-05-25 12:31:54.484970,26.0,52.0,99,0,100,85
2026-05-25 12:31:55.486421,26.0,52.0,99,0,100,85
2026-05-25 12:31:56.613649,26.0,52.0,100,0,100,85
2026-05-25 12:31:57.599403,26.0,52.0,98,0,100,85
2026-05-25 12:31:58.690192,26.0,52.0,100,0,100,85
2026-05-25 12:31:59.689160,26.0,52.0,99,0,100,85
2026-05-25 12:32:00.747410,26.0,52.0,99,0,100,85
2026-05-25 12:32:01.757221,26.0,50.0,99,0,100,85
2026-05-25 12:32:02.807921,26.0,50.0,100,0,0,85
2026-05-25 12:32:03.810706,26.0,50.0,99,0,0,85
2026-05-25 12:32:04.869712,26.0,50.0,100,0,0,85
2026-05-25 12:32:05.867267,26.0,50.0,99,0,0,85
2026-05-25 12:32:06.940359,26.0,50.0,100,0,0,85
2026-05-25 12:32:07.929323,26.0,50.0,96,0,0,85
2026-05-25 12:32:09.024016,26.0,50.0,97,0,0,85
2026-05-25 12:32:10.024083,26.0,50.0,100,0,0,85
2026-05-25 12:32:11.081432,26.0,50.0,100,0,0,85
2026-05-25 12:32:12.089668,26.0,50.0,98,0,0,85
2026-05-25 12:32:13.135624,26.0,50.0,99,0,0,85
2026-05-25 12:32:14.135248,26.0,50.0,100,0,0,85
2026-05-25 12:32:15.191479,26.0,50.0,99,0,0,85
2026-05-25 12:32:16.190261,26.0,50.0,99,0,0,85
2026-05-25 12:32:17.202682,26.0,50.0,99,0,0,85
2026-05-25 12:32:18.191870,26.0,50.0,100,0,0,85
2026-05-25 12:32:19.304046,26.0,52.0,99,0,0,85
2026-05-25 12:32:20.292364,26.0,52.0,99,0,250,85
2026-05-25 12:32:21.373869,26.0,52.0,100,0,100,85
2026-05-25 12:32:22.382471,26.0,52.0,97,0,100,85
2026-05-25 12:32:23.429271,26.0,52.0,99,0,100,85
2026-05-25 12:32:24.429502,26.0,50.0,98,0,100,85
2026-05-25 12:32:25.430190,26.0,50.0,100,0,0,85
2026-05-25 12:32:26.432567,26.0,50.0,99,0,0,85
2026-05-25 12:32:27.497763,26.0,50.0,100,0,0,85
2026-05-25 12:32:28.488446,26.0,50.0,99,0,0,85
2026-05-25 12:32:29.586582,26.0,50.0,100,0,0,85
2026-05-25 12:32:30.585722,26.0,50.0,99,0,0,85
2026-05-25 12:32:31.642474,26.0,50.0,98,0,0,85
2026-05-25 12:32:32.655615,26.0,50.0,98,0,0,85
2026-05-25 12:32:33.699420,26.0,50.0,100,0,0,85
2026-05-25 12:32:34.698939,26.0,50.0,97,0,0,85
2026-05-25 12:32:35.758255,26.0,50.0,100,0,0,85
2026-05-25 12:32:36.758081,26.0,50.0,100,0,0,85
2026-05-25 12:32:37.831550,26.0,50.0,100,0,0,85
2026-05-25 12:32:38.824058,26.0,50.0,99,0,0,85
2026-05-25 12:32:39.912374,26.0,50.0,100,0,0,85
2026-05-25 12:32:40.913098,26.0,50.0,99,0,0,85
2026-05-25 12:32:41.977274,26.0,50.0,99,0,0,85
2026-05-25 12:32:42.983515,26.0,50.0,99,0,0,85
2026-05-25 12:32:44.039261,26.0,50.0,100,0,0,85
2026-05-25 12:32:45.040778,26.0,50.0,99,0,0,85
2026-05-25 12:32:46.094890,26.0,50.0,99,0,0,85
2026-05-25 12:32:47.094007,26.0,50.0,99,0,0,85
2026-05-25 12:32:48.165884,26.0,50.0,99,0,0,85
2026-05-25 12:32:49.156440,26.0,50.0,97,0,0,85
2026-05-25 12:32:50.243803,26.0,50.0,98,0,0,85
2026-05-25 12:32:51.243111,26.0,50.0,98,0,0,85
2026-05-25 12:32:52.310913,26.0,50.0,100,0,0,85
2026-05-25 12:32:53.312608,26.0,50.0,97,0,0,85
2026-05-25 12:32:54.386315,26.0,50.0,98,0,0,85
2026-05-25 12:32:55.388604,26.0,50.0,98,0,0,85
2026-05-25 12:32:56.462851,26.0,50.0,99,0,0,85
2026-05-25 12:32:57.447095,26.0,50.0,100,0,0,85
2026-05-25 12:32:58.541800,26.0,50.0,99,0,0,85
2026-05-25 12:32:59.535475,26.0,50.0,100,0,0,85
2026-05-25 12:33:00.622322,26.0,50.0,98,0,0,85
2026-05-25 12:33:01.621161,26.0,50.0,99,0,0,85
2026-05-25 12:33:02.680302,26.0,50.0,99,0,0,85
2026-05-25 12:33:03.689391,26.0,50.0,100,0,0,85
2026-05-25 12:33:04.741026,26.0,50.0,99,0,0,85
2026-05-25 12:33:05.745479,26.0,50.0,100,0,0,85
2026-05-25 12:33:06.800589,26.0,50.0,99,0,0,85
2026-05-25 12:33:07.798199,26.0,50.0,100,0,0,85
2026-05-25 12:33:08.873644,26.0,50.0,97,0,0,85
2026-05-25 12:33:09.868162,26.0,50.0,100,0,0,85
2026-05-25 12:33:10.953466,26.0,50.0,99,0,0,85
2026-05-25 12:33:11.953627,26.0,50.0,100,0,0,85
2026-05-25 12:33:13.012256,26.0,50.0,99,0,0,85
2026-05-25 12:33:14.013016,26.0,50.0,100,0,0,85
2026-05-25 12:33:15.076091,26.0,50.0,96,0,0,85
2026-05-25 12:33:16.075330,26.0,50.0,99,0,0,85
2026-05-25 12:33:17.157150,26.0,50.0,99,0,0,85
2026-05-25 12:33:18.156958,26.0,50.0,99,0,0,85
2026-05-25 12:33:19.211526,26.0,50.0,100,0,0,85
2026-05-25 12:33:20.213051,26.0,49.0,99,0,0,85
2026-05-25 12:33:21.283780,26.0,49.0,99,0,0,85
2026-05-25 12:33:22.271437,26.0,49.0,100,0,0,85
2026-05-25 12:33:23.368465,26.0,49.0,98,0,0,85
2026-05-25 12:33:24.367497,26.0,49.0,100,0,0,85
2026-05-25 12:33:25.423071,26.0,49.0,99,0,0,85
2026-05-25 12:33:26.431465,26.0,49.0,99,0,0,85
2026-05-25 12:33:27.481022,26.0,49.0,99,0,0,85
2026-05-25 12:33:28.483061,26.0,49.0,100,0,0,85
2026-05-25 12:33:29.535668,26.0,49.0,99,0,0,85
2026-05-25 12:33:30.537772,26.0,49.0,100,0,0,85
2026-05-25 12:33:31.601349,26.0,49.0,99,0,0,85
2026-05-25 12:33:32.592018,26.0,49.0,100,0,0,85
2026-05-25 12:33:33.680509,26.0,49.0,98,0,0,85
2026-05-25 12:33:34.680847,26.0,49.0,100,0,0,85
2026-05-25 12:33:35.735967,26.0,49.0,99,0,0,85
2026-05-25 12:33:36.746949,26.0,49.0,99,0,0,85
2026-05-25 12:33:37.794726,26.0,49.0,99,0,0,85
2026-05-25 12:33:38.793292,26.0,49.0,99,0,0,85
2026-05-25 12:33:39.794868,26.0,49.0,98,0,0,85
2026-05-25 12:33:40.797031,26.0,49.0,100,0,0,85
2026-05-25 12:33:41.853087,26.0,49.0,99,0,0,85
2026-05-25 12:33:42.851867,26.0,49.0,99,0,0,85
2026-05-25 12:33:43.940560,26.0,49.0,99,0,0,85
2026-05-25 12:33:44.941402,26.0,49.0,100,0,0,85
2026-05-25 12:33:45.999470,26.0,49.0,99,0,0,85
2026-05-25 12:33:47.011067,26.0,50.0,100,0,0,85
2026-05-25 12:33:48.069118,26.0,50.0,99,0,0,85
2026-05-25 12:33:49.054712,26.0,50.0,99,0,0,85
2026-05-25 12:33:50.148412,26.0,50.0,99,0,0,85
2026-05-25 12:33:51.147464,26.0,50.0,98,0,0,85
2026-05-25 12:33:52.207912,26.0,50.0,97,0,0,85
2026-05-25 12:33:53.212798,26.0,50.0,100,0,0,85
2026-05-25 12:33:54.264099,26.0,50.0,99,0,0,85
2026-05-25 12:33:55.263519,26.0,50.0,100,0,0,85
2026-05-25 12:33:56.326863,26.0,50.0,100,0,0,85
2026-05-25 12:33:57.326887,26.0,50.0,100,0,0,85
2026-05-25 12:33:58.394485,26.0,50.0,97,0,0,85
2026-05-25 12:33:59.387272,26.0,52.0,100,0,0,85
2026-05-25 12:34:00.488883,26.0,52.0,97,0,250,85
2026-05-25 12:34:01.488202,26.0,52.0,98,0,100,85
2026-05-25 12:34:02.544339,26.0,52.0,97,0,100,85
2026-05-25 12:34:03.553444,26.0,52.0,99,0,100,85
2026-05-25 12:34:04.613309,26.0,52.0,100,0,100,85
2026-05-25 12:34:05.600309,26.0,52.0,93,0,100,85
2026-05-25 12:34:06.714224,26.0,52.0,99,0,100,85
2026-05-25 12:34:07.715295,26.0,52.0,99,0,100,85
2026-05-25 12:34:08.769327,26.0,52.0,100,0,100,85
2026-05-25 12:34:09.782011,26.0,52.0,99,0,100,85
2026-05-25 12:34:10.825815,26.0,52.0,100,0,100,85
2026-05-25 12:34:11.825552,26.0,52.0,99,0,100,85
2026-05-25 12:34:12.882324,26.0,52.0,100,0,100,85
2026-05-25 12:34:13.881798,26.0,52.0,96,0,100,85
2026-05-25 12:34:14.948965,26.0,52.0,100,0,100,85
2026-05-25 12:34:15.940185,26.0,52.0,99,0,100,85
2026-05-25 12:34:17.034743,26.0,52.0,99,0,100,85
2026-05-25 12:34:18.032077,26.0,52.0,99,0,100,85
2026-05-25 12:34:19.093424,26.0,52.0,100,0,100,85
2026-05-25 12:34:20.111174,26.0,52.0,98,0,100,85
2026-05-25 12:34:21.150024,26.0,52.0,100,0,100,85
2026-05-25 12:34:22.151020,26.0,52.0,99,0,100,85
2026-05-25 12:34:23.203647,26.0,52.0,99,0,100,85
2026-05-25 12:34:24.202274,26.0,52.0,99,0,100,85
2026-05-25 12:34:25.271024,26.0,52.0,100,0,100,85
2026-05-25 12:34:26.268877,26.0,52.0,99,0,100,85
2026-05-25 12:34:27.346981,26.0,52.0,100,0,100,85
2026-05-25 12:34:28.346490,26.0,52.0,99,0,100,85
2026-05-25 12:34:29.402672,26.0,52.0,99,0,100,85
2026-05-25 12:34:30.402393,26.0,52.0,97,0,100,85
2026-05-25 12:34:31.463151,26.0,52.0,100,0,100,85
2026-05-25 12:34:32.455769,26.0,52.0,99,0,100,85
2026-05-25 12:34:33.553932,26.0,52.0,99,0,100,85
2026-05-25 12:34:34.555158,26.0,52.0,99,0,100,85
2026-05-25 12:34:35.616805,26.0,52.0,97,0,100,85
2026-05-25 12:34:36.624505,26.0,52.0,99,0,100,85
2026-05-25 12:34:37.671689,26.0,52.0,100,0,100,85
2026-05-25 12:34:38.670912,26.0,53.0,99,0,100,85
2026-05-25 12:34:39.728048,26.0,53.0,99,0,100,85
2026-05-25 12:34:40.736402,26.0,53.0,99,0,100,85
2026-05-25 12:34:41.794042,26.0,53.0,98,0,100,85
2026-05-25 12:34:42.785226,26.0,53.0,99,0,100,85
2026-05-25 12:34:43.878497,26.0,53.0,99,0,100,85
2026-05-25 12:34:44.878384,26.0,53.0,99,0,100,85
2026-05-25 12:34:45.942700,26.0,53.0,99,0,100,85
2026-05-25 12:34:46.952146,26.0,53.0,100,0,100,85
2026-05-25 12:34:47.999327,26.0,53.0,100,0,100,85
2026-05-25 12:34:48.998430,26.0,53.0,99,0,100,85
2026-05-25 12:34:50.054610,26.0,54.0,99,0,100,85
2026-05-25 12:34:51.052791,26.0,54.0,99,0,119,85
2026-05-25 12:34:52.118911,26.0,54.0,99,0,126,85
2026-05-25 12:34:53.111199,26.0,54.0,98,0,133,85
2026-05-25 12:34:54.203635,26.0,54.0,100,0,140,85
2026-05-25 12:34:55.198751,26.0,54.0,99,0,148,85
2026-05-25 12:34:56.262915,26.0,54.0,99,0,155,85
2026-05-25 12:34:57.271931,26.0,54.0,99,0,162,85
2026-05-25 12:34:58.319377,26.0,54.0,98,0,169,85
2026-05-25 12:34:59.318803,26.0,54.0,98,0,176,85
2026-05-25 12:35:00.376668,26.0,54.0,100,0,184,85
2026-05-25 12:35:01.374867,26.0,54.0,97,0,191,85
2026-05-25 12:35:02.443970,26.0,54.0,100,0,198,85
2026-05-25 12:35:03.434244,26.0,54.0,99,0,205,85
2026-05-25 12:35:04.525296,26.0,54.0,99,0,212,85
2026-05-25 12:35:05.526730,26.0,56.0,99,0,220,85
2026-05-25 12:35:06.579515,26.0,56.0,100,0,286,85
2026-05-25 12:35:07.586391,26.0,56.0,99,0,297,85
2026-05-25 12:35:08.636716,26.0,56.0,100,0,308,85
2026-05-25 12:35:09.631720,26.0,56.0,96,0,319,85
2026-05-25 12:35:10.700324,26.0,56.0,100,0,330,85
2026-05-25 12:35:11.701337,26.0,56.0,99,0,340,85
2026-05-25 12:35:12.773253,26.0,56.0,99,0,351,85
2026-05-25 12:35:13.763414,26.0,56.0,99,0,362,85
2026-05-25 12:35:14.858588,26.0,56.0,99,0,373,85
2026-05-25 12:35:15.859298,26.0,56.0,97,0,384,85
2026-05-25 12:35:16.916902,26.0,56.0,100,0,394,85
2026-05-25 12:35:17.954474,26.0,56.0,99,0,405,85
2026-05-25 12:35:18.974318,26.0,56.0,98,0,416,85
2026-05-25 12:35:19.975065,26.0,56.0,97,0,427,85
2026-05-25 12:35:21.032606,26.0,56.0,100,0,438,85
2026-05-25 12:35:22.029000,26.0,56.0,99,0,448,85
2026-05-25 12:35:23.096427,26.0,56.0,99,0,459,85
2026-05-25 12:35:24.086937,26.0,56.0,99,0,470,85
2026-05-25 12:35:25.193387,26.0,56.0,99,0,481,85
2026-05-25 12:35:26.193229,26.0,56.0,99,0,492,85
2026-05-25 12:35:27.252271,26.0,56.0,100,0,502,85
2026-05-25 12:35:28.256624,26.0,56.0,98,0,513,85
2026-05-25 12:35:29.325081,26.0,56.0,100,0,524,85
2026-05-25 12:35:30.313705,26.0,56.0,99,0,535,85
2026-05-25 12:35:31.423080,26.0,56.0,99,0,546,85
2026-05-25 12:35:32.417443,26.0,56.0,98,0,556,85
2026-05-25 12:35:33.448579,26.0,56.0,99,0,567,85
2026-05-25 12:35:34.460748,26.0,56.0,99,0,578,85
2026-05-25 12:35:35.514152,26.0,56.0,99,0,589,85
2026-05-25 12:35:36.512888,26.0,56.0,99,0,600,85
2026-05-25 12:35:37.570007,26.0,56.0,99,0,610,85
2026-05-25 12:35:38.570401,26.0,56.0,99,0,621,85
2026-05-25 12:35:39.636517,26.0,56.0,100,0,632,85
2026-05-25 12:35:40.624487,26.0,56.0,98,0,643,85
2026-05-25 12:35:41.628375,26.0,56.0,100,0,654,85
2026-05-25 12:35:42.627391,26.0,56.0,99,0,664,85
2026-05-25 12:35:43.683165,26.0,56.0,100,0,675,85
2026-05-25 12:35:44.682659,26.0,56.0,99,0,686,85
2026-05-25 12:35:45.744853,26.0,56.0,100,0,697,85
2026-05-25 12:35:46.738224,26.0,56.0,98,0,708,85
2026-05-25 12:35:47.827666,26.0,56.0,99,0,718,85
2026-05-25 12:35:48.828634,26.0,56.0,98,0,729,85
2026-05-25 12:35:49.885448,26.0,56.0,100,0,740,85
2026-05-25 12:35:50.895111,26.0,56.0,98,0,751,85
2026-05-25 12:35:51.941760,26.0,56.0,100,0,762,85
2026-05-25 12:35:52.942098,26.0,56.0,100,0,772,85
2026-05-25 12:35:53.996342,26.0,56.0,100,0,783,85
2026-05-25 12:35:54.995712,26.0,56.0,100,0,794,85
2026-05-25 12:35:56.064655,26.0,56.0,100,0,805,85
2026-05-25 12:35:57.054486,26.0,56.0,99,0,816,85
2026-05-25 12:35:58.153462,26.0,54.0,100,0,826,85
2026-05-25 12:35:59.152442,26.0,54.0,99,0,778,85
2026-05-25 12:36:00.209487,26.0,53.0,100,0,785,85
2026-05-25 12:36:01.219884,26.0,52.0,98,0,762,85
2026-05-25 12:36:02.280601,26.0,50.0,97,0,738,85
2026-05-25 12:36:03.269947,26.0,49.0,98,0,0,85
2026-05-25 12:36:04.363361,26.0,49.0,100,0,0,85
2026-05-25 12:36:05.365112,26.0,47.0,99,0,0,85
2026-05-25 12:36:06.419785,26.0,46.0,97,0,0,85
2026-05-25 12:36:07.428277,26.0,45.0,99,0,0,85
2026-05-25 12:36:08.473701,26.0,43.0,99,0,0,85
2026-05-25 12:36:09.472661,26.0,43.0,99,0,0,85
2026-05-25 12:36:10.528952,26.0,42.0,100,0,0,85
2026-05-25 12:36:11.529450,26.0,40.0,96,0,0,85
2026-05-25 12:36:12.595394,26.0,40.0,96,0,0,85
2026-05-25 12:36:13.588710,26.0,39.0,100,0,0,85
2026-05-25 12:36:14.680089,26.0,39.0,98,0,0,85
2026-05-25 12:36:15.678699,26.0,39.0,100,0,0,85
2026-05-25 12:36:16.738015,26.0,37.0,99,0,0,85
2026-05-25 12:36:17.747909,26.0,37.0,97,0,0,85
2026-05-25 12:36:18.801147,26.0,37.0,99,0,0,85
2026-05-25 12:36:19.794442,26.0,36.0,100,0,0,85
2026-05-25 12:36:20.894011,26.0,36.0,99,0,0,85
2026-05-25 12:36:21.882509,26.0,36.0,100,0,0,85
2026-05-25 12:36:22.972703,26.0,35.0,99,0,0,85
2026-05-25 12:36:23.982012,26.0,35.0,100,0,0,85
2026-05-25 12:36:25.029458,26.0,35.0,99,0,0,85
2026-05-25 12:36:26.028872,26.0,35.0,100,0,0,85
2026-05-25 12:36:27.087346,26.0,35.0,99,0,0,85
2026-05-25 12:36:28.087362,26.0,33.0,99,0,0,85
2026-05-25 12:36:29.155768,26.0,33.0,98,0,0,85
2026-05-25 12:36:30.148010,26.0,33.0,100,0,0,85
2026-05-25 12:36:31.238961,26.0,33.0,97,0,0,85
2026-05-25 12:36:32.239031,26.0,33.0,98,0,0,85
2026-05-25 12:36:33.300599,26.0,33.0,98,0,0,85
2026-05-25 12:36:34.304714,26.0,33.0,98,0,0,85
2026-05-25 12:36:35.363935,26.0,32.0,98,0,0,85
2026-05-25 12:36:36.364059,26.0,32.0,98,0,0,85
2026-05-25 12:36:37.421011,26.0,32.0,99,0,0,85
2026-05-25 12:36:38.421244,26.0,32.0,100,0,0,85
2026-05-25 12:36:39.488193,26.0,32.0,98,0,0,85
2026-05-25 12:36:40.477332,26.0,32.0,99,0,0,85
2026-05-25 12:36:41.571916,26.0,32.0,99,0,0,85
2026-05-25 12:36:42.572161,26.0,32.0,99,0,0,85
2026-05-25 12:36:43.627090,26.0,32.0,99,0,0,85
2026-05-25 12:36:44.631578,26.0,32.0,99,0,0,85
2026-05-25 12:36:45.683280,26.0,30.0,99,0,0,85
2026-05-25 12:36:46.682369,26.0,30.0,99,0,0,85
2026-05-25 12:36:47.740817,26.0,30.0,97,0,0,85
2026-05-25 12:36:48.740389,26.0,30.0,100,0,0,85
2026-05-25 12:36:49.807307,26.0,30.0,99,0,0,85
2026-05-25 12:36:50.799650,26.0,30.0,97,0,0,85
2026-05-25 12:36:51.885528,26.0,30.0,100,0,0,85
2026-05-25 12:36:52.885176,26.0,30.0,100,0,0,85
2026-05-25 12:36:53.945671,26.0,32.0,99,0,0,85
2026-05-25 12:36:54.957663,26.0,32.0,100,0,0,85
2026-05-25 12:36:56.001767,26.0,32.0,96,0,0,85
2026-05-25 12:36:57.000063,26.0,32.0,100,0,0,85
2026-05-25 12:36:58.053283,26.0,32.0,99,0,0,85
2026-05-25 12:36:59.054313,26.0,32.0,99,0,0,85
2026-05-25 12:37:00.116001,26.0,32.0,99,0,0,85
2026-05-25 12:37:01.107647,26.0,32.0,99,0,0,85
2026-05-25 12:37:02.198382,26.0,32.0,99,0,0,85
2026-05-25 12:37:03.197756,26.0,32.0,99,0,0,85
2026-05-25 12:37:04.250812,26.0,32.0,99,0,0,85
2026-05-25 12:37:05.260478,26.0,32.0,100,0,0,85
2026-05-25 12:37:06.305484,26.0,33.0,99,0,0,85
2026-05-25 12:37:07.308587,26.0,33.0,100,0,0,85
2026-05-25 12:37:08.362998,26.0,33.0,99,0,0,85
2026-05-25 12:37:09.362964,26.0,33.0,99,0,0,85
2026-05-25 12:37:10.429789,26.0,33.0,99,0,0,85
2026-05-25 12:37:11.419614,26.0,33.0,99,0,0,85
2026-05-25 12:37:12.512300,26.0,33.0,100,0,0,85
2026-05-25 12:37:13.512476,26.0,33.0,100,0,0,85
2026-05-25 12:37:14.569904,26.0,33.0,99,0,0,85
2026-05-25 12:37:15.577862,26.0,33.0,99,0,0,85
2026-05-25 12:37:16.625383,26.0,33.0,99,0,0,85
2026-05-25 12:37:17.625495,26.0,33.0,100,0,0,85
2026-05-25 12:37:18.681046,26.0,33.0,99,0,0,85
2026-05-25 12:37:19.681056,26.0,33.0,98,0,0,85
2026-05-25 12:37:20.747509,26.0,33.0,98,0,0,85
2026-05-25 12:37:21.737329,26.0,33.0,100,0,0,85
2026-05-25 12:37:22.832093,26.0,33.0,99,0,0,85
2026-05-25 12:37:23.832122,26.0,33.0,100,0,0,85
2026-05-25 12:37:24.886499,26.0,33.0,99,0,0,85
2026-05-25 12:37:25.895343,26.0,33.0,99,0,0,85
2026-05-25 12:37:26.941291,26.0,33.0,99,0,0,85
2026-05-25 12:37:27.940848,26.0,33.0,100,0,0,85
2026-05-25 12:37:28.995494,26.0,35.0,99,0,0,85
2026-05-25 12:37:29.996289,26.0,35.0,100,0,0,85
2026-05-25 12:37:31.062855,26.0,35.0,99,0,0,85
2026-05-25 12:37:32.053722,26.0,35.0,99,0,0,85
2026-05-25 12:37:33.150952,26.0,36.0,99,0,0,85
2026-05-25 12:37:34.150453,26.0,36.0,100,0,0,85
2026-05-25 12:37:35.207100,26.0,36.0,99,0,0,85
2026-05-25 12:37:36.214725,26.0,36.0,98,0,0,85
2026-05-25 12:37:37.274792,26.0,37.0,100,0,0,85
2026-05-25 12:37:38.266468,26.0,37.0,99,0,0,85
2026-05-25 12:37:39.363866,26.0,37.0,96,0,0,85
2026-05-25 12:37:40.362747,26.0,37.0,100,0,0,85
2026-05-25 12:37:41.419145,26.0,38.0,99,0,0,85
2026-05-25 12:37:42.428881,26.0,37.0,99,0,0,85
2026-05-25 12:37:43.429436,26.0,37.0,99,0,0,85
2026-05-25 12:37:44.420268,26.0,37.0,99,0,0,85
2026-05-25 12:37:45.517232,26.0,37.0,100,0,0,85
2026-05-25 12:37:46.518171,26.0,37.0,99,0,0,85
2026-05-25 12:37:47.577416,26.0,37.0,97,0,0,85
2026-05-25 12:37:48.582909,26.0,37.0,100,0,0,85
2026-05-25 12:37:49.647222,26.0,37.0,98,0,0,85
2026-05-25 12:37:50.643159,26.0,37.0,100,0,0,85
2026-05-25 12:37:51.712114,26.0,37.0,96,0,0,85
2026-05-25 12:37:52.712427,26.0,37.0,99,0,0,85
2026-05-25 12:37:53.783877,26.0,37.0,99,0,0,85
2026-05-25 12:37:54.776592,26.0,37.0,99,0,0,85
2026-05-25 12:37:55.864229,26.0,37.0,99,0,0,85
2026-05-25 12:37:56.862787,26.0,37.0,99,0,0,85
2026-05-25 12:37:57.920410,26.0,37.0,98,0,0,85
2026-05-25 12:37:58.930248,26.0,37.0,99,0,0,85
2026-05-25 12:37:59.978761,26.0,36.0,100,0,0,85
2026-05-25 12:38:00.979432,26.0,36.0,100,0,0,85
2026-05-25 12:38:02.035943,26.0,36.0,96,0,0,85
2026-05-25 12:38:03.039867,26.0,36.0,96,0,0,85
2026-05-25 12:38:04.103531,26.0,36.0,99,0,0,85
2026-05-25 12:38:05.095995,26.0,36.0,97,0,0,85
2026-05-25 12:38:06.186373,26.0,36.0,96,0,0,85
2026-05-25 12:38:07.191163,26.0,36.0,98,0,0,85
2026-05-25 12:38:08.243251,26.0,36.0,96,0,0,85
2026-05-25 12:38:09.253017,26.0,36.0,99,0,0,85
2026-05-25 12:38:10.300507,26.0,36.0,99,0,0,85
2026-05-25 12:38:11.300748,26.0,36.0,100,0,0,85
2026-05-25 12:38:12.356628,26.0,36.0,99,0,0,85
2026-05-25 12:38:13.606792,26.0,37.0,100,0,0,85
2026-05-25 12:38:14.421621,26.0,37.0,99,0,0,85
2026-05-25 12:38:15.413041,26.0,37.0,98,0,0,85
2026-05-25 12:38:16.514830,26.0,37.0,99,0,0,85
2026-05-25 12:38:17.514285,26.0,37.0,99,0,0,85
2026-05-25 12:38:18.576093,26.0,37.0,99,0,0,85
2026-05-25 12:38:19.586592,26.0,37.0,99,0,0,85
2026-05-25 12:38:20.634016,26.0,37.0,98,0,0,85
2026-05-25 12:38:21.639822,26.0,37.0,100,0,0,85
2026-05-25 12:38:22.692487,26.0,37.0,99,0,0,85
2026-05-25 12:38:23.947967,26.0,37.0,100,0,0,85
2026-05-25 12:38:24.758972,26.0,38.0,98,0,0,85
2026-05-25 12:38:25.749085,26.0,38.0,97,0,0,85
2026-05-25 12:38:26.840207,26.0,37.0,99,0,0,85
2026-05-25 12:38:27.841419,26.0,37.0,99,0,0,85
2026-05-25 12:38:28.895640,26.0,37.0,99,0,0,85
2026-05-25 12:38:29.903693,26.0,38.0,100,0,0,85
2026-05-25 12:38:30.947691,26.0,38.0,99,0,0,85
2026-05-25 12:38:32.056937,26.0,38.0,99,0,0,85
2026-05-25 12:38:33.052656,26.0,37.0,99,0,0,85
2026-05-25 12:38:34.052582,26.0,39.0,96,0,0,85
2026-05-25 12:38:35.118872,26.0,39.0,99,0,0,85
2026-05-25 12:38:36.106646,26.0,39.0,99,0,0,85
2026-05-25 12:38:37.200134,26.0,39.0,99,0,0,85
2026-05-25 12:38:38.200093,26.0,39.0,100,0,0,85
2026-05-25 12:38:39.261375,26.0,39.0,99,0,0,85
2026-05-25 12:38:40.273349,26.0,39.0,99,0,0,85
2026-05-25 12:38:41.320241,26.0,39.0,99,0,0,85
2026-05-25 12:38:42.418171,26.0,39.0,100,0,0,85
2026-05-25 12:38:43.418633,26.0,39.0,99,0,0,85
2026-05-25 12:38:44.419780,26.0,39.0,99,0,0,85
2026-05-25 12:38:45.480481,26.0,39.0,96,0,0,85
2026-05-25 12:38:46.473247,26.0,39.0,100,0,0,85
2026-05-25 12:38:47.558388,26.0,39.0,97,0,0,85
2026-05-25 12:38:48.558581,26.0,39.0,96,0,0,85
2026-05-25 12:38:49.620301,26.0,39.0,97,0,0,85
2026-05-25 12:38:50.630357,26.0,39.0,99,0,0,85
2026-05-25 12:38:51.684545,26.0,39.0,96,0,0,85
2026-05-25 12:38:52.685476,26.0,39.0,98,0,0,85
2026-05-25 12:38:53.739478,26.0,39.0,98,0,0,85
2026-05-25 12:38:54.739821,26.0,39.0,100,0,0,85
2026-05-25 12:38:55.806946,26.0,39.0,96,0,0,85
2026-05-25 12:38:56.801609,26.0,40.0,97,0,0,85
2026-05-25 12:38:57.885966,26.0,40.0,99,0,0,85
2026-05-25 12:38:58.884724,26.0,40.0,100,0,0,85
2026-05-25 12:38:59.943150,26.0,40.0,96,0,0,85
2026-05-25 12:39:00.941970,26.0,40.0,99,0,0,85
2026-05-25 12:39:02.009777,26.0,40.0,99,0,0,85
2026-05-25 12:39:03.003005,26.0,40.0,99,0,0,85
2026-05-25 12:39:04.082754,26.0,40.0,99,0,0,85
2026-05-25 12:39:05.083499,26.0,40.0,99,0,0,85
2026-05-25 12:39:06.136135,26.0,40.0,99,0,0,85
2026-05-25 12:39:07.143875,26.0,40.0,100,0,0,85
2026-05-25 12:39:08.191462,26.0,40.0,99,0,0,85
2026-05-25 12:39:09.191509,26.0,40.0,99,0,0,85
2026-05-25 12:39:10.246973,26.0,40.0,99,0,0,85
2026-05-25 12:39:11.247500,26.0,40.0,100,0,0,85
2026-05-25 12:39:12.313506,26.0,40.0,99,0,0,85
2026-05-25 12:39:13.303887,26.0,40.0,100,0,0,85
2026-05-25 12:39:14.391874,26.0,40.0,99,0,0,85
2026-05-25 12:39:15.389480,26.0,40.0,99,0,0,85
2026-05-25 12:39:16.450838,26.0,40.0,99,0,0,85
2026-05-25 12:39:17.459557,26.0,40.0,97,0,0,85
2026-05-25 12:39:18.511043,26.0,40.0,99,0,0,85
2026-05-25 12:39:19.510380,26.0,40.0,99,0,0,85
2026-05-25 12:39:20.567849,26.0,40.0,99,0,0,85
2026-05-25 12:39:21.568476,26.0,40.0,100,0,0,85
2026-05-25 12:39:22.633665,26.0,40.0,99,0,0,85
2026-05-25 12:39:23.628943,26.0,40.0,98,0,0,85
2026-05-25 12:39:24.718764,26.0,40.0,99,0,0,85
2026-05-25 12:39:25.718031,26.0,40.0,100,0,0,85
2026-05-25 12:39:26.775038,26.0,40.0,99,0,0,85
2026-05-25 12:39:27.777330,26.0,40.0,100,0,0,85
2026-05-25 12:39:28.785395,26.0,42.0,99,0,0,85
2026-05-25 12:39:29.775874,26.0,42.0,100,0,0,85
2026-05-25 12:39:30.776283,26.0,42.0,98,0,0,85
2026-05-25 12:39:31.830510,26.0,42.0,100,0,0,85
2026-05-25 12:39:32.834322,26.0,42.0,98,0,0,85
2026-05-25 12:39:33.887632,26.0,42.0,99,0,0,85
2026-05-25 12:39:34.887703,26.0,42.0,99,0,0,85
2026-05-25 12:39:35.966032,26.0,42.0,99,0,0,85
2026-05-25 12:39:36.966997,26.0,42.0,99,0,0,85
2026-05-25 12:39:38.022483,26.0,42.0,100,0,0,85
2026-05-25 12:39:39.037975,26.0,42.0,99,0,0,85
2026-05-25 12:39:40.083188,26.0,42.0,100,0,0,85
2026-05-25 12:39:41.083199,26.0,42.0,99,0,0,85
2026-05-25 12:39:42.138581,26.0,42.0,100,0,0,85
2026-05-25 12:39:43.137764,26.0,42.0,99,0,0,85
2026-05-25 12:39:44.201976,26.0,42.0,98,0,0,85
2026-05-25 12:39:45.192161,26.0,42.0,99,0,0,85
2026-05-25 12:39:46.287196,26.0,42.0,99,0,0,85
2026-05-25 12:39:47.287676,26.0,42.0,99,0,0,85
2026-05-25 12:39:48.344942,26.0,42.0,99,0,0,85
2026-05-25 12:39:49.355367,26.0,42.0,99,0,0,85
2026-05-25 12:39:50.399296,26.0,43.0,99,0,0,85
2026-05-25 12:39:51.398783,26.0,43.0,99,0,0,85
2026-05-25 12:39:52.454326,26.0,43.0,99,0,0,85
2026-05-25 12:39:53.452820,26.0,43.0,98,0,0,85
2026-05-25 12:39:54.517876,26.0,43.0,100,0,0,85
2026-05-25 12:39:55.510468,26.0,43.0,99,0,0,85
2026-05-25 12:39:56.605298,26.0,43.0,100,0,0,85
2026-05-25 12:39:57.605709,26.0,43.0,100,0,0,85
2026-05-25 12:39:58.660958,26.0,43.0,99,0,0,85
2026-05-25 12:39:59.671846,26.0,43.0,99,0,0,85
2026-05-25 12:40:00.732896,26.0,43.0,100,0,0,85
2026-05-25 12:40:01.721177,26.0,43.0,98,0,0,85
2026-05-25 12:40:02.813825,26.0,43.0,100,0,0,85
2026-05-25 12:40:03.814305,26.0,43.0,99,0,0,85
2026-05-25 12:40:04.867224,26.0,43.0,99,0,0,85
2026-05-25 12:40:05.876993,26.0,43.0,99,0,0,85
2026-05-25 12:40:06.922881,26.0,43.0,99,0,0,85
2026-05-25 12:40:07.924772,26.0,43.0,99,0,0,85
2026-05-25 12:40:08.980509,26.0,43.0,99,0,0,85
2026-05-25 12:40:09.980685,26.0,45.0,99,0,0,85
2026-05-25 12:40:11.044961,26.0,45.0,100,0,0,85
2026-05-25 12:40:12.036454,26.0,45.0,99,0,0,85
2026-05-25 12:40:13.134787,26.0,45.0,100,0,0,85
2026-05-25 12:40:14.134563,26.0,45.0,99,0,0,85
2026-05-25 12:40:15.186236,26.0,45.0,100,0,0,85
2026-05-25 12:40:16.198739,26.0,45.0,98,0,0,85
2026-05-25 12:40:17.248188,26.0,45.0,98,0,0,85
2026-05-25 12:40:18.241669,26.0,45.0,98,0,0,85
2026-05-25 12:40:19.328449,26.0,45.0,99,0,0,85
2026-05-25 12:40:20.328696,26.0,45.0,99,0,0,85
2026-05-25 12:40:21.387356,26.0,45.0,99,0,0,85
2026-05-25 12:40:22.412644,26.0,45.0,99,0,0,85
2026-05-25 12:40:23.440972,26.0,45.0,98,0,0,85
2026-05-25 12:40:24.440613,26.0,45.0,99,0,0,85
2026-05-25 12:40:25.494771,26.0,45.0,99,0,0,85
2026-05-25 12:40:26.496225,26.0,45.0,99,0,0,85
2026-05-25 12:40:27.505829,26.0,45.0,99,0,0,85
2026-05-25 12:40:28.497178,26.0,45.0,96,0,0,85
2026-05-25 12:40:29.593792,26.0,45.0,99,0,0,85
2026-05-25 12:40:30.594329,26.0,45.0,98,0,0,85
2026-05-25 12:40:31.651485,26.0,45.0,99,0,0,85
2026-05-25 12:40:32.664670,26.0,45.0,99,0,0,85
2026-05-25 12:40:33.712719,26.0,45.0,99,0,0,85
2026-05-25 12:40:34.712765,26.0,45.0,99,0,0,85
2026-05-25 12:40:35.735336,26.0,45.0,99,0,0,85
2026-05-25 12:40:36.733747,26.0,46.0,99,0,0,85
2026-05-25 12:40:37.799116,26.0,46.0,100,0,0,85
2026-05-25 12:40:38.792691,26.0,46.0,99,0,0,85
2026-05-25 12:40:39.891261,26.0,46.0,99,0,0,85
2026-05-25 12:40:40.888262,26.0,46.0,99,0,0,85
2026-05-25 12:40:41.955185,26.0,46.0,100,0,0,85
2026-05-25 12:40:42.963958,26.0,46.0,99,0,0,85
2026-05-25 12:40:44.010567,26.0,46.0,99,0,0,85
2026-05-25 12:40:45.014317,26.0,46.0,99,0,0,85
2026-05-25 12:40:46.068967,26.0,46.0,100,0,0,85
2026-05-25 12:40:47.067420,26.0,46.0,99,0,0,85
2026-05-25 12:40:48.135115,26.0,46.0,100,0,0,85
2026-05-25 12:40:49.131975,26.0,46.0,98,0,0,85
2026-05-25 12:40:50.212612,26.0,46.0,100,0,0,85
2026-05-25 12:40:51.211261,26.0,46.0,98,0,0,85
2026-05-25 12:40:52.275437,26.0,46.0,100,0,0,85
2026-05-25 12:40:53.284874,26.0,46.0,99,0,0,85
2026-05-25 12:40:54.339521,26.0,46.0,100,0,0,85
2026-05-25 12:40:55.339940,26.0,46.0,99,0,0,85
2026-05-25 12:40:56.394533,26.0,46.0,99,0,0,85
2026-05-25 12:40:57.395313,26.0,46.0,99,0,0,85
2026-05-25 12:40:58.461666,26.0,46.0,100,0,0,85
2026-05-25 12:40:59.464076,26.0,46.0,98,0,0,85
2026-05-25 12:41:00.540355,26.0,46.0,99,0,0,85
2026-05-25 12:41:01.540251,26.0,46.0,98,0,0,85
2026-05-25 12:41:02.597120,26.0,47.0,99,0,0,85
2026-05-25 12:41:03.597322,26.0,47.0,99,0,0,85
2026-05-25 12:41:04.684826,26.0,47.0,99,0,0,85
2026-05-25 12:41:05.656601,26.0,47.0,99,0,0,85
2026-05-25 12:41:06.760285,26.0,47.0,100,0,0,85
2026-05-25 12:41:07.759611,26.0,47.0,99,0,0,85
2026-05-25 12:41:08.818080,26.0,47.0,99,0,0,85
2026-05-25 12:41:09.826851,26.0,47.0,99,0,0,85
2026-05-25 12:41:10.873542,26.0,47.0,100,0,0,85
2026-05-25 12:41:11.873077,26.0,47.0,99,0,0,85
2026-05-25 12:41:12.927368,26.0,47.0,100,0,0,85
2026-05-25 12:41:13.928173,26.0,47.0,99,0,0,85
2026-05-25 12:41:14.992975,26.0,47.0,99,0,0,85
2026-05-25 12:41:15.995512,26.0,47.0,98,0,0,85
2026-05-25 12:41:17.074467,26.0,47.0,99,0,0,85
2026-05-25 12:41:18.174702,26.0,47.0,96,0,0,85
2026-05-25 12:41:19.173520,26.0,47.0,99,0,0,85
2026-05-25 12:41:20.172933,26.0,47.0,99,0,0,85
2026-05-25 12:41:21.237594,26.0,47.0,98,0,0,85
2026-05-25 12:41:22.230999,26.0,47.0,100,0,0,85
2026-05-25 12:41:23.312456,26.0,47.0,98,0,0,85
2026-05-25 12:41:24.313265,26.0,47.0,100,0,0,85
2026-05-25 12:41:25.370973,26.0,47.0,96,0,0,85
2026-05-25 12:41:26.370149,26.0,47.0,99,0,0,85
2026-05-25 12:41:27.431574,26.0,47.0,99,0,0,85
2026-05-25 12:41:28.425883,26.0,47.0,99,0,0,85
2026-05-25 12:41:29.513739,26.0,47.0,99,0,0,85
2026-05-25 12:41:30.516921,26.0,47.0,100,0,0,85
2026-05-25 12:41:31.571375,26.0,47.0,97,0,0,85
2026-05-25 12:41:32.581639,26.0,49.0,100,0,0,85
2026-05-25 12:41:33.632831,26.0,49.0,98,0,0,85
2026-05-25 12:41:34.635223,26.0,49.0,99,0,0,85
2026-05-25 12:41:35.691002,26.0,49.0,100,0,0,85
2026-05-25 12:41:36.692147,26.0,49.0,99,0,0,85
2026-05-25 12:41:37.769580,26.0,49.0,99,0,0,85
2026-05-25 12:41:38.773649,26.0,49.0,100,0,0,85
2026-05-25 12:41:39.850511,26.0,49.0,99,0,0,85
2026-05-25 12:41:40.853399,26.0,49.0,99,0,0,85
2026-05-25 12:41:41.913427,26.0,49.0,99,0,0,85
2026-05-25 12:41:42.913668,26.0,49.0,100,0,0,85
2026-05-25 12:41:43.978821,26.0,49.0,99,0,0,85
2026-05-25 12:41:44.970022,26.0,49.0,98,0,0,85
2026-05-25 12:41:46.054493,26.0,49.0,96,0,0,85
2026-05-25 12:41:47.053435,26.0,49.0,99,0,0,85
2026-05-25 12:41:48.113698,26.0,49.0,99,0,0,85
2026-05-25 12:41:49.121893,26.0,49.0,100,0,0,85
2026-05-25 12:41:50.167525,26.0,49.0,98,0,0,85
2026-05-25 12:41:51.167449,26.0,49.0,100,0,0,85
2026-05-25 12:41:52.222561,26.0,49.0,100,0,0,85
2026-05-25 12:41:53.222825,26.0,49.0,100,0,0,85
2026-05-25 12:41:54.286778,26.0,49.0,99,0,0,85
2026-05-25 12:41:55.277932,26.0,49.0,100,0,0,85
2026-05-25 12:41:56.362896,26.0,49.0,99,0,0,85
2026-05-25 12:41:57.364273,26.0,49.0,100,0,0,85
2026-05-25 12:41:58.416896,26.0,49.0,99,0,0,85
2026-05-25 12:41:59.429797,26.0,49.0,100,0,0,85
2026-05-25 12:42:00.471417,26.0,49.0,99,0,0,85
2026-05-25 12:42:01.475068,26.0,49.0,99,0,0,85
2026-05-25 12:42:02.525165,26.0,49.0,100,0,0,85
2026-05-25 12:42:03.530680,26.0,49.0,100,0,0,85
2026-05-25 12:42:04.591957,26.0,49.0,99,0,0,85
2026-05-25 12:42:05.594244,26.0,49.0,99,0,0,85
2026-05-25 12:42:06.676631,26.0,49.0,96,0,0,85
2026-05-25 12:42:07.677237,26.0,49.0,99,0,0,85
2026-05-25 12:42:08.733614,26.0,49.0,99,0,0,85
2026-05-25 12:42:09.734719,26.0,49.0,100,0,0,85
2026-05-25 12:42:10.799379,26.0,49.0,98,0,0,85
2026-05-25 12:42:11.799867,26.0,49.0,98,0,0,85
2026-05-25 12:42:12.884696,26.0,49.0,98,0,0,85
2026-05-25 12:42:13.885342,26.0,49.0,99,0,0,85
2026-05-25 12:42:14.941270,26.0,49.0,99,0,0,85
2026-05-25 12:42:15.950299,26.0,50.0,100,0,0,85
2026-05-25 12:42:16.996995,26.0,50.0,99,0,0,85
2026-05-25 12:42:18.000992,26.0,50.0,99,0,0,85
2026-05-25 12:42:19.058834,26.0,50.0,98,0,0,85
2026-05-25 12:42:20.059552,26.0,50.0,100,0,0,85
2026-05-25 12:42:21.128767,26.0,50.0,96,0,0,85
2026-05-25 12:42:22.135125,26.0,50.0,100,0,0,85
2026-05-25 12:42:23.208637,26.0,50.0,99,0,0,85
2026-05-25 12:42:24.209474,26.0,50.0,98,0,0,85
2026-05-25 12:42:25.265363,26.0,50.0,97,0,0,85
2026-05-25 12:42:26.265609,26.0,50.0,99,0,0,85
2026-05-25 12:42:27.329439,26.0,50.0,97,0,0,85
2026-05-25 12:42:28.319858,26.0,50.0,100,0,0,85
2026-05-25 12:42:29.413094,26.0,50.0,98,0,0,85
2026-05-25 12:42:30.414387,26.0,50.0,99,0,0,85
2026-05-25 12:42:31.467551,26.0,50.0,99,0,0,85
2026-05-25 12:42:32.476869,26.0,50.0,99,0,0,85
2026-05-25 12:42:33.531203,26.0,50.0,96,0,0,85
2026-05-25 12:42:34.636607,26.0,50.0,100,0,0,85
2026-05-25 12:42:35.632699,26.0,50.0,99,0,0,85
2026-05-25 12:42:36.633952,26.0,50.0,99,0,0,85
2026-05-25 12:42:37.690265,26.0,50.0,99,0,0,85
2026-05-25 12:42:38.702938,26.0,50.0,100,0,0,85
2026-05-25 12:42:39.747376,26.0,50.0,99,0,0,85
2026-05-25 12:42:40.747440,26.0,50.0,99,0,0,85
2026-05-25 12:42:41.802428,26.0,50.0,99,0,0,85
2026-05-25 12:42:42.805778,26.0,50.0,98,0,0,85
2026-05-25 12:42:43.865515,26.0,50.0,99,0,0,85
2026-05-25 12:42:44.855623,26.0,50.0,100,0,0,85
2026-05-25 12:42:45.955360,26.0,50.0,99,0,0,85
2026-05-25 12:42:46.954820,26.0,50.0,99,0,0,85
2026-05-25 12:42:48.017259,26.0,50.0,96,0,0,85
2026-05-25 12:42:49.027799,26.0,50.0,99,0,0,85
2026-05-25 12:42:50.074446,26.0,50.0,98,0,0,85
2026-05-25 12:42:51.074618,26.0,50.0,100,0,0,85
2026-05-25 12:42:52.130960,26.0,50.0,99,0,0,85
2026-05-25 12:42:53.134828,26.0,50.0,100,0,0,85
2026-05-25 12:42:54.198828,26.0,50.0,99,0,0,85
2026-05-25 12:42:55.188523,26.0,50.0,100,0,0,85
2026-05-25 12:42:56.274711,26.0,52.0,99,0,0,85
2026-05-25 12:42:57.277165,26.0,52.0,99,0,250,85
2026-05-25 12:42:58.330479,26.0,52.0,100,0,100,85
2026-05-25 12:42:59.342478,26.0,52.0,100,0,100,85
2026-05-25 12:43:00.386105,26.0,52.0,99,0,100,85
2026-05-25 12:43:01.388535,26.0,52.0,100,0,100,85
2026-05-25 12:43:02.442207,26.0,52.0,99,0,100,85
2026-05-25 12:43:03.447095,26.0,52.0,100,0,100,85
2026-05-25 12:43:04.509349,26.0,52.0,99,0,100,85
2026-05-25 12:43:05.500570,26.0,52.0,99,0,100,85
2026-05-25 12:43:06.583242,26.0,52.0,99,0,100,85
2026-05-25 12:43:07.582548,26.0,52.0,97,0,100,85
2026-05-25 12:43:08.636540,26.0,52.0,98,0,100,85
2026-05-25 12:43:09.646925,26.0,52.0,99,0,100,85
2026-05-25 12:43:10.638965,26.0,52.0,99,0,100,85
2026-05-25 12:43:11.638209,26.0,52.0,99,0,100,85
2026-05-25 12:43:12.701301,26.0,52.0,99,0,100,85
2026-05-25 12:43:13.704663,26.0,52.0,99,0,100,85
2026-05-25 12:43:14.765231,26.0,52.0,99,0,100,85
2026-05-25 12:43:15.761673,26.0,52.0,99,0,100,85
2026-05-25 12:43:16.859707,26.0,52.0,99,0,100,85
2026-05-25 12:43:17.859044,26.0,52.0,100,0,100,85
2026-05-25 12:43:18.916241,26.0,52.0,96,0,100,85
2026-05-25 12:43:19.926014,26.0,52.0,98,0,100,85
2026-05-25 12:43:20.980740,26.0,52.0,96,0,100,85
2026-05-25 12:43:21.971529,26.0,52.0,99,0,100,85
2026-05-25 12:43:23.063303,26.0,52.0,99,0,100,85
2026-05-25 12:43:24.066704,26.0,52.0,99,0,100,85
2026-05-25 12:43:25.131650,26.0,52.0,99,0,100,85
2026-05-25 12:43:26.139924,26.0,52.0,98,0,100,85
2026-05-25 12:43:27.198663,26.0,52.0,98,0,100,85
2026-05-25 12:43:28.190142,26.0,52.0,100,0,100,85
2026-05-25 12:43:29.281739,26.0,52.0,96,0,100,85
2026-05-25 12:43:30.283931,26.0,52.0,99,0,100,85
2026-05-25 12:43:31.336001,26.0,52.0,99,0,100,85
2026-05-25 12:43:32.344562,26.0,52.0,100,0,100,85
2026-05-25 12:43:33.393269,26.0,52.0,99,0,100,85
2026-05-25 12:43:34.396985,26.0,52.0,99,0,100,85
2026-05-25 12:43:35.455840,26.0,52.0,99,0,100,85
2026-05-25 12:43:36.453450,26.0,52.0,99,0,100,85
2026-05-25 12:43:37.485468,26.0,52.0,99,0,100,85
2026-05-25 12:43:38.476439,26.0,52.0,100,0,100,85
2026-05-25 12:43:39.568327,26.0,52.0,99,0,100,85
2026-05-25 12:43:40.567892,26.0,52.0,99,0,100,85
2026-05-25 12:43:41.622868,26.0,52.0,99,0,100,85
2026-05-25 12:43:42.629858,26.0,52.0,100,0,100,85
2026-05-25 12:43:43.680142,26.0,52.0,99,0,100,85
2026-05-25 12:43:44.679588,26.0,52.0,100,0,100,85
2026-05-25 12:43:45.739008,26.0,52.0,99,0,100,85
2026-05-25 12:43:46.739161,26.0,52.0,96,0,100,85
2026-05-25 12:43:47.750031,26.0,52.0,98,0,100,85
2026-05-25 12:43:48.741677,26.0,52.0,98,0,100,85
2026-05-25 12:43:49.839985,26.0,52.0,98,0,100,85
2026-05-25 12:43:50.840154,26.0,52.0,100,0,100,85
2026-05-25 12:43:51.895289,26.0,52.0,99,0,100,85
2026-05-25 12:43:52.903527,26.0,52.0,99,0,100,85
2026-05-25 12:43:53.952321,26.0,52.0,98,0,100,85
2026-05-25 12:43:54.953923,26.0,52.0,99,0,100,85
2026-05-25 12:43:56.011433,26.0,52.0,99,0,100,85
2026-05-25 12:43:57.012172,26.0,52.0,100,0,100,85
2026-05-25 12:43:58.077751,26.0,52.0,99,0,100,85
2026-05-25 12:43:59.074654,26.0,52.0,99,0,100,85
2026-05-25 12:44:00.158848,26.0,52.0,99,0,100,85
2026-05-25 12:44:01.160076,26.0,52.0,100,0,100,85
2026-05-25 12:44:02.215440,26.0,52.0,99,0,100,85
2026-05-25 12:44:03.215285,26.0,52.0,100,0,100,85
2026-05-25 12:44:04.280936,26.0,52.0,97,0,100,85
2026-05-25 12:44:05.273052,26.0,52.0,99,0,100,85
2026-05-25 12:44:06.363008,26.0,52.0,98,0,100,85
2026-05-25 12:44:07.362499,26.0,52.0,98,0,100,85
2026-05-25 12:44:08.426206,26.0,52.0,99,0,100,85
2026-05-25 12:44:09.433346,26.0,52.0,99,0,100,85
2026-05-25 12:44:10.424876,26.0,52.0,98,0,100,85
2026-05-25 12:44:11.424586,26.0,52.0,99,0,100,85
2026-05-25 12:44:12.424323,26.0,52.0,98,0,100,85
2026-05-25 12:44:13.479282,26.0,52.0,99,0,100,85
2026-05-25 12:44:14.480074,26.0,52.0,99,0,100,85
2026-05-25 12:44:15.544790,26.0,52.0,99,0,100,85
2026-05-25 12:44:16.535704,26.0,52.0,99,0,100,85
2026-05-25 12:44:17.628028,26.0,52.0,99,0,100,85
2026-05-25 12:44:18.627471,26.0,53.0,99,0,100,85
2026-05-25 12:44:19.684986,26.0,53.0,99,0,100,85
2026-05-25 12:44:20.695633,26.0,53.0,99,0,100,85
2026-05-25 12:44:21.742373,26.0,53.0,100,0,100,85
2026-05-25 12:44:22.743085,26.0,53.0,99,0,100,85
2026-05-25 12:44:23.799864,26.0,53.0,100,0,100,85
2026-05-25 12:44:24.800975,26.0,53.0,99,0,100,85
2026-05-25 12:44:25.865805,26.0,53.0,99,0,100,85
2026-05-25 12:44:26.855794,26.0,53.0,99,0,100,85
2026-05-25 12:44:27.954011,26.0,53.0,98,0,100,85
2026-05-25 12:44:28.953315,26.0,53.0,100,0,100,85
2026-05-25 12:44:30.010224,26.0,53.0,99,0,100,85
2026-05-25 12:44:31.017001,26.0,53.0,98,0,100,85
2026-05-25 12:44:32.064870,26.0,53.0,99,0,100,85
2026-05-25 12:44:33.063897,26.0,53.0,99,0,100,85
2026-05-25 12:44:34.130198,26.0,53.0,99,0,100,85
2026-05-25 12:44:35.129224,26.0,53.0,97,0,100,85
2026-05-25 12:44:36.193720,26.0,53.0,99,0,100,85
2026-05-25 12:44:37.186809,26.0,53.0,99,0,100,85
2026-05-25 12:44:38.276113,26.0,53.0,99,0,100,85
2026-05-25 12:44:39.277237,26.0,53.0,99,0,100,85
2026-05-25 12:44:40.332861,26.0,53.0,100,0,100,85
2026-05-25 12:44:41.344598,26.0,53.0,99,0,100,85
2026-05-25 12:44:42.396911,26.0,53.0,100,0,100,85
2026-05-25 12:44:43.387417,26.0,53.0,99,0,100,85
2026-05-25 12:44:44.476454,26.0,53.0,99,0,100,85
2026-05-25 12:44:45.479454,26.0,53.0,99,0,100,85
2026-05-25 12:44:46.533872,26.0,53.0,100,0,100,85
2026-05-25 12:44:47.542845,26.0,53.0,99,0,100,85
2026-05-25 12:44:48.591406,26.0,53.0,100,0,100,85
2026-05-25 12:44:49.592180,26.0,53.0,99,0,100,85
2026-05-25 12:44:50.648106,26.0,53.0,99,0,100,85
2026-05-25 12:44:51.647156,26.0,53.0,99,0,100,85
2026-05-25 12:44:52.718112,26.0,53.0,99,0,100,85
2026-05-25 12:44:53.710620,26.0,53.0,99,0,100,85
2026-05-25 12:44:54.804452,26.0,53.0,99,0,100,85
2026-05-25 12:44:55.802708,26.0,53.0,98,0,100,85
2026-05-25 12:44:56.870435,26.0,53.0,98,0,100,85
2026-05-25 12:44:57.878150,26.0,53.0,99,0,100,85
2026-05-25 12:44:58.932914,26.0,53.0,99,0,100,85
2026-05-25 12:44:59.926803,26.0,53.0,99,0,100,85
2026-05-25 12:45:01.013642,26.0,53.0,100,0,100,85
2026-05-25 12:45:02.013167,26.0,53.0,99,0,100,85
2026-05-25 12:45:03.070250,26.0,53.0,100,0,100,85
2026-05-25 12:45:04.081442,26.0,53.0,98,0,100,85
2026-05-25 12:45:05.128623,26.0,53.0,100,0,100,85
2026-05-25 12:45:06.126348,26.0,53.0,98,0,100,85
2026-05-25 12:45:07.186095,26.0,53.0,100,0,100,85
2026-05-25 12:45:08.185612,26.0,53.0,99,0,100,85
2026-05-25 12:45:09.248985,26.0,53.0,99,0,100,85
2026-05-25 12:45:10.240470,26.0,52.0,96,0,100,85
2026-05-25 12:45:11.331013,26.0,52.0,99,0,100,85
2026-05-25 12:45:12.331009,26.0,52.0,99,0,100,85
2026-05-25 12:45:13.389006,26.0,52.0,100,0,100,85
2026-05-25 12:45:14.399848,26.0,52.0,99,0,100,85
2026-05-25 12:45:15.455362,26.0,52.0,100,0,100,85
2026-05-25 12:45:16.446780,26.0,52.0,99,0,100,85
2026-05-25 12:45:17.537512,26.0,52.0,100,0,100,85
2026-05-25 12:45:18.537655,26.0,52.0,100,0,100,85
2026-05-25 12:45:19.596134,26.0,52.0,98,0,100,85
2026-05-25 12:45:20.605879,26.0,52.0,99,0,100,85
2026-05-25 12:45:21.656103,26.0,52.0,99,0,100,85
2026-05-25 12:45:22.656168,26.0,52.0,100,0,100,85
2026-05-25 12:45:23.723403,26.0,52.0,99,0,100,85
2026-05-25 12:45:24.988441,26.0,52.0,100,0,100,85
2026-05-25 12:45:25.801256,26.0,52.0,99,0,100,85
2026-05-25 12:45:26.795114,26.0,52.0,99,0,100,85
2026-05-25 12:45:27.886085,26.0,52.0,98,0,100,85
2026-05-25 12:45:28.887634,26.0,52.0,100,0,100,85
2026-05-25 12:45:29.943645,26.0,52.0,99,0,100,85
2026-05-25 12:45:30.955172,26.0,52.0,100,0,100,85
2026-05-25 12:45:32.009822,26.0,52.0,100,0,100,85
2026-05-25 12:45:33.001050,26.0,52.0,99,0,100,85
2026-05-25 12:45:34.094797,26.0,52.0,99,0,100,85
2026-05-25 12:45:35.095037,26.0,52.0,99,0,100,85
2026-05-25 12:45:36.149602,26.0,52.0,99,0,100,85
2026-05-25 12:45:37.156973,26.0,52.0,100,0,100,85
2026-05-25 12:45:38.179392,26.0,52.0,99,0,100,85
2026-05-25 12:45:39.177769,26.0,52.0,99,0,100,85
2026-05-25 12:45:40.239011,26.0,52.0,99,0,100,85
2026-05-25 12:45:41.238244,26.0,52.0,99,0,100,85
2026-05-25 12:45:42.306509,26.0,52.0,98,0,100,85
2026-05-25 12:45:43.294879,26.0,52.0,99,0,100,85
2026-05-25 12:45:44.294386,26.0,50.0,99,0,100,85
2026-05-25 12:45:45.298461,26.0,50.0,100,0,0,85
2026-05-25 12:45:46.295644,26.0,50.0,99,0,0,85
2026-05-25 12:45:47.364869,26.0,50.0,100,0,0,85
2026-05-25 12:45:48.375235,26.0,50.0,99,0,0,85
2026-05-25 12:45:49.365754,26.0,50.0,100,0,0,85
2026-05-25 12:45:50.366558,26.0,50.0,99,0,0,85
2026-05-25 12:45:51.418824,26.0,50.0,100,0,0,85
2026-05-25 12:45:52.418831,26.0,50.0,97,0,0,85
2026-05-25 12:45:53.480163,26.0,50.0,100,0,0,85
2026-05-25 12:45:54.470909,26.0,50.0,98,0,0,85
2026-05-25 12:45:55.569997,26.0,50.0,99,0,0,85
2026-05-25 12:45:56.569509,26.0,50.0,96,0,0,85
2026-05-25 12:45:57.620283,26.0,50.0,100,0,0,85
2026-05-25 12:45:58.630165,26.0,50.0,99,0,0,85
2026-05-25 12:45:59.687154,26.0,50.0,99,0,0,85
2026-05-25 12:46:00.680736,26.0,50.0,97,0,0,85
2026-05-25 12:46:01.767657,26.0,50.0,99,0,0,85
2026-05-25 12:46:02.767693,26.0,50.0,99,0,0,85
2026-05-25 12:46:03.824912,26.0,50.0,99,0,0,85
2026-05-25 12:46:04.833512,26.0,50.0,99,0,0,85
2026-05-25 12:46:05.889021,26.0,50.0,98,0,0,85
2026-05-25 12:46:06.878693,26.0,50.0,99,0,0,85
2026-05-25 12:46:07.966807,26.0,50.0,100,0,0,85
2026-05-25 12:46:08.966281,26.0,50.0,99,0,0,85
2026-05-25 12:46:10.019678,26.0,52.0,98,0,0,85
2026-05-25 12:46:11.028969,26.0,50.0,98,0,250,85
2026-05-25 12:46:12.076256,26.0,50.0,99,0,0,85
2026-05-25 12:46:13.075652,26.0,50.0,100,0,0,85
2026-05-25 12:46:14.133634,26.0,50.0,100,0,0,85
2026-05-25 12:46:15.132197,26.0,50.0,99,0,0,85
2026-05-25 12:46:16.203359,26.0,50.0,99,0,0,85
2026-05-25 12:46:17.195253,26.0,50.0,99,0,0,85
2026-05-25 12:46:18.281302,26.0,50.0,100,0,0,85
2026-05-25 12:46:19.281456,26.0,50.0,99,0,0,85
2026-05-25 12:46:20.337439,26.0,50.0,100,0,0,85
2026-05-25 12:46:21.349278,26.0,50.0,99,0,0,85
2026-05-25 12:46:22.400584,26.0,50.0,100,0,0,85
2026-05-25 12:46:23.397912,26.0,50.0,99,0,0,85
2026-05-25 12:46:24.465983,26.0,50.0,99,0,0,85
2026-05-25 12:46:25.456519,26.0,50.0,99,0,0,85
2026-05-25 12:46:26.556860,26.0,50.0,99,0,0,85
2026-05-25 12:46:27.552672,26.0,50.0,99,0,0,85
2026-05-25 12:46:28.639037,26.0,50.0,97,0,0,85
2026-05-25 12:46:29.638675,26.0,50.0,100,0,0,85
2026-05-25 12:46:30.696960,26.0,50.0,99,0,0,85
2026-05-25 12:46:31.706230,26.0,50.0,99,0,0,85
2026-05-25 12:46:32.752429,26.0,50.0,100,0,0,85
2026-05-25 12:46:33.752435,26.0,50.0,99,0,0,85
2026-05-25 12:46:34.812200,26.0,50.0,99,0,0,85
2026-05-25 12:46:35.810710,26.0,50.0,99,0,0,85
2026-05-25 12:46:36.881050,26.0,50.0,99,0,0,85
2026-05-25 12:46:37.869255,26.0,50.0,93,0,0,85
2026-05-25 12:46:38.926958,26.0,50.0,100,0,0,85
2026-05-25 12:46:39.927017,26.0,50.0,99,0,0,85
2026-05-25 12:46:40.985760,26.0,50.0,99,0,0,85
2026-05-25 12:46:41.995355,26.0,50.0,99,0,0,85
2026-05-25 12:46:43.051920,26.0,50.0,100,0,0,85
2026-05-25 12:46:44.042429,26.0,50.0,98,0,0,85
2026-05-25 12:46:45.146257,26.0,50.0,99,0,0,85
2026-05-25 12:46:46.152313,26.0,50.0,97,0,0,85
2026-05-25 12:46:47.204192,26.0,50.0,99,0,0,85
2026-05-25 12:46:48.211170,26.0,50.0,99,0,0,85
2026-05-25 12:46:49.259269,26.0,50.0,99,0,0,85
2026-05-25 12:46:50.257703,26.0,50.0,98,0,0,85
2026-05-25 12:46:51.315221,26.0,50.0,97,0,0,85
2026-05-25 12:46:52.314431,26.0,50.0,99,0,0,85
2026-05-25 12:46:53.379456,26.0,50.0,99,0,0,85
2026-05-25 12:46:54.380785,26.0,49.0,99,0,0,85
2026-05-25 12:46:55.466980,26.0,49.0,100,0,0,85
2026-05-25 12:46:56.467268,26.0,49.0,98,0,0,85
2026-05-25 12:46:57.519123,26.0,49.0,99,0,0,85
2026-05-25 12:46:58.520140,26.0,49.0,99,0,0,85
2026-05-25 12:46:59.584243,26.0,49.0,100,0,0,85
2026-05-25 12:47:00.576222,26.0,49.0,98,0,0,85
2026-05-25 12:47:01.682249,26.0,49.0,100,0,0,85
2026-05-25 12:47:02.681216,26.0,49.0,99,0,0,85
2026-05-25 12:47:03.738822,26.0,49.0,98,0,0,85
2026-05-25 12:47:04.746134,26.0,49.0,99,0,0,85
2026-05-25 12:47:05.797896,26.0,49.0,100,0,0,85
2026-05-25 12:47:06.797748,26.0,49.0,99,0,0,85
2026-05-25 12:47:07.854438,26.0,49.0,99,0,0,85
2026-05-25 12:47:08.853211,26.0,49.0,98,0,0,85
2026-05-25 12:47:09.919496,26.0,49.0,99,0,0,85
2026-05-25 12:47:10.909970,26.0,49.0,93,0,0,85
2026-05-25 12:47:12.000082,26.0,49.0,100,0,0,85
2026-05-25 12:47:13.004914,26.0,49.0,99,0,0,85
2026-05-25 12:47:14.056704,26.0,49.0,98,0,0,85
2026-05-25 12:47:15.064890,26.0,49.0,99,0,0,85
2026-05-25 12:47:16.112973,26.0,49.0,100,0,0,85
2026-05-25 12:47:17.111913,26.0,49.0,99,0,0,85
2026-05-25 12:47:18.168440,26.0,49.0,99,0,0,85
2026-05-25 12:47:19.167758,26.0,49.0,99,0,0,85
2026-05-25 12:47:20.240773,26.0,49.0,100,0,0,85
2026-05-25 12:47:21.237491,26.0,49.0,96,0,0,85
2026-05-25 12:47:22.319770,26.0,50.0,100,0,0,85
2026-05-25 12:47:23.319653,26.0,50.0,99,0,0,85
2026-05-25 12:47:24.376784,26.0,50.0,99,0,0,85
2026-05-25 12:47:25.376753,26.0,50.0,99,0,0,85
2026-05-25 12:47:26.442215,26.0,50.0,100,0,0,85
2026-05-25 12:47:27.436055,26.0,50.0,99,0,0,85
2026-05-25 12:47:28.529484,26.0,50.0,100,0,0,85
2026-05-25 12:47:29.526274,26.0,50.0,99,0,0,85
2026-05-25 12:47:30.590788,26.0,50.0,97,0,0,85
2026-05-25 12:47:31.600353,26.0,50.0,99,0,0,85
2026-05-25 12:47:32.645480,26.0,50.0,99,0,0,85
2026-05-25 12:47:33.644975,26.0,50.0,99,0,0,85
2026-05-25 12:47:34.705796,26.0,50.0,100,0,0,85
2026-05-25 12:47:35.704939,26.0,50.0,100,0,0,85
2026-05-25 12:47:36.772084,26.0,50.0,99,0,0,85
2026-05-25 12:47:37.761059,26.0,50.0,99,0,0,85
2026-05-25 12:47:38.848197,26.0,50.0,99,0,0,85
2026-05-25 12:47:39.846790,26.0,50.0,100,0,0,85
2026-05-25 12:47:40.904478,26.0,50.0,98,0,0,85
2026-05-25 12:47:41.914455,26.0,50.0,100,0,0,85
2026-05-25 12:47:42.959527,26.0,50.0,99,0,0,85
2026-05-25 12:47:43.959658,26.0,50.0,96,0,0,85
2026-05-25 12:47:45.015641,26.0,50.0,98,0,0,85
2026-05-25 12:47:46.014520,26.0,50.0,100,0,0,85
2026-05-25 12:47:47.080751,26.0,50.0,98,0,0,85
2026-05-25 12:47:48.080540,26.0,50.0,99,0,0,85
2026-05-25 12:47:49.164430,26.0,50.0,99,0,0,85
2026-05-25 12:47:50.164008,26.0,50.0,99,0,0,85
2026-05-25 12:47:51.164872,26.0,50.0,99,0,0,85
2026-05-25 12:47:52.165791,26.0,50.0,100,0,0,85
2026-05-25 12:47:53.233238,26.0,50.0,99,0,0,85
2026-05-25 12:47:54.221537,26.0,50.0,100,0,0,85
2026-05-25 12:47:55.316777,26.0,50.0,97,0,0,85
2026-05-25 12:47:56.315857,26.0,50.0,99,0,0,85
2026-05-25 12:47:57.373215,26.0,50.0,98,0,0,85
2026-05-25 12:47:58.382400,26.0,50.0,98,0,0,85
2026-05-25 12:47:59.428894,26.0,50.0,99,0,0,85
2026-05-25 12:48:00.428215,26.0,50.0,100,0,0,85
2026-05-25 12:48:01.485420,26.0,50.0,99,0,0,85
2026-05-25 12:48:02.486124,26.0,50.0,100,0,0,85
2026-05-25 12:48:03.549614,26.0,50.0,99,0,0,85
2026-05-25 12:48:04.541477,26.0,50.0,99,0,0,85
2026-05-25 12:48:05.636607,26.0,50.0,99,0,0,85
2026-05-25 12:48:06.635135,26.0,50.0,99,0,0,85
2026-05-25 12:48:07.696153,26.0,50.0,99,0,0,85
2026-05-25 12:48:08.705094,26.0,50.0,100,0,0,85
2026-05-25 12:48:09.752603,26.0,50.0,99,0,0,85
2026-05-25 12:48:10.753323,26.0,50.0,100,0,0,85
2026-05-25 12:48:11.807301,26.0,50.0,99,0,0,85
2026-05-25 12:48:12.807594,26.0,50.0,100,0,0,85
2026-05-25 12:48:13.872409,26.0,50.0,99,0,0,85
2026-05-25 12:48:14.864571,26.0,50.0,99,0,0,85
2026-05-25 12:48:15.961720,26.0,50.0,99,0,0,85
2026-05-25 12:48:16.962596,26.0,50.0,99,0,0,85
2026-05-25 12:48:18.019908,26.0,50.0,98,0,0,85
2026-05-25 12:48:19.027149,26.0,50.0,100,0,0,85
2026-05-25 12:48:20.077389,26.0,50.0,96,0,0,85
2026-05-25 12:48:21.077140,26.0,50.0,99,0,0,85
2026-05-25 12:48:22.133102,26.0,50.0,99,0,0,85
2026-05-25 12:48:23.133865,26.0,50.0,99,0,0,85
2026-05-25 12:48:24.202079,26.0,50.0,99,0,0,85
2026-05-25 12:48:25.193890,26.0,50.0,99,0,0,85
2026-05-25 12:48:26.285079,26.0,50.0,99,0,0,85
2026-05-25 12:48:27.284272,26.0,50.0,97,0,0,85
2026-05-25 12:48:28.344702,26.0,50.0,98,0,0,85
2026-05-25 12:48:29.353137,26.0,50.0,99,0,0,85
2026-05-25 12:48:30.400500,26.0,50.0,98,0,0,85
2026-05-25 12:48:31.400296,26.0,50.0,99,0,0,85
2026-05-25 12:48:32.455488,26.0,50.0,99,0,0,85
2026-05-25 12:48:33.455443,26.0,50.0,99,0,0,85
2026-05-25 12:48:34.519218,26.0,50.0,96,0,0,85
2026-05-25 12:48:35.517861,26.0,50.0,100,0,0,85
2026-05-25 12:48:36.601333,26.0,50.0,99,0,0,85
2026-05-25 12:48:37.602355,26.0,50.0,99,0,0,85
2026-05-25 12:48:38.663569,26.0,50.0,99,0,0,85
2026-05-25 12:48:39.661620,26.0,50.0,99,0,0,85
2026-05-25 12:48:40.728867,26.0,50.0,99,0,0,85
2026-05-25 12:48:41.720622,26.0,50.0,98,0,0,85
2026-05-25 12:48:42.811540,26.0,50.0,100,0,0,85
2026-05-25 12:48:43.811902,26.0,50.0,99,0,0,85
2026-05-25 12:48:44.869673,26.0,50.0,99,0,0,85
2026-05-25 12:48:45.879953,26.0,50.0,99,0,0,85
2026-05-25 12:48:46.931959,26.0,50.0,99,0,0,85
2026-05-25 12:48:47.927437,26.0,50.0,99,0,0,85
2026-05-25 12:48:48.989784,26.0,50.0,100,0,0,85
2026-05-25 12:48:49.989759,26.0,50.0,99,0,0,85
2026-05-25 12:48:51.056001,26.0,50.0,100,0,0,85
2026-05-25 12:48:52.046710,26.0,50.0,99,0,0,85
2026-05-25 12:48:53.138915,26.0,50.0,99,0,0,85
2026-05-25 12:48:54.136992,26.0,50.0,99,0,0,85
2026-05-25 12:48:55.197747,26.0,50.0,99,0,0,85
2026-05-25 12:48:56.204358,26.0,50.0,99,0,0,85
2026-05-25 12:48:57.253137,26.0,50.0,100,0,0,85
2026-05-25 12:48:58.250009,26.0,50.0,98,0,0,85
2026-05-25 12:48:59.314359,26.0,50.0,97,0,0,85
2026-05-25 12:49:00.313469,26.0,50.0,98,0,0,85
2026-05-25 12:49:01.374467,26.0,50.0,99,0,0,85
2026-05-25 12:49:02.365713,26.0,50.0,99,0,0,85
2026-05-25 12:49:03.460390,26.0,50.0,99,0,0,85
2026-05-25 12:49:04.460495,26.0,50.0,99,0,0,85
2026-05-25 12:49:05.515496,26.0,50.0,97,0,0,85
2026-05-25 12:49:06.522673,26.0,50.0,96,0,0,85
2026-05-25 12:49:07.573287,26.0,50.0,100,0,0,85
2026-05-25 12:49:08.571696,26.0,50.0,99,0,0,85
2026-05-25 12:49:09.630668,26.0,50.0,100,0,0,85
2026-05-25 12:49:10.627289,26.0,50.0,99,0,0,85
2026-05-25 12:49:11.701176,26.0,50.0,99,0,0,85
2026-05-25 12:49:12.690511,26.0,50.0,99,0,0,85
2026-05-25 12:49:13.783365,26.0,50.0,100,0,0,85
2026-05-25 12:49:14.785092,26.0,50.0,99,0,0,85
2026-05-25 12:49:15.846491,26.0,50.0,99,0,0,85
2026-05-25 12:49:16.855766,26.0,50.0,99,0,0,85
2026-05-25 12:49:17.906139,26.0,50.0,100,0,0,85
2026-05-25 12:49:18.896814,26.0,50.0,99,0,0,85
2026-05-25 12:49:19.984591,26.0,50.0,100,0,0,85
2026-05-25 12:49:20.984026,26.0,50.0,96,0,0,85
2026-05-25 12:49:22.042338,26.0,50.0,100,0,0,85
2026-05-25 12:49:23.050008,26.0,50.0,96,0,0,85
2026-05-25 12:49:24.098717,26.0,50.0,99,0,0,85
2026-05-25 12:49:25.098023,26.0,50.0,99,0,0,85
2026-05-25 12:49:26.152086,26.0,50.0,100,0,0,85
2026-05-25 12:49:27.151704,26.0,50.0,99,0,0,85
2026-05-25 12:49:28.216359,26.0,50.0,100,0,0,85
2026-05-25 12:49:29.207527,26.0,50.0,99,0,0,85
2026-05-25 12:49:30.301987,26.0,50.0,100,0,0,85
2026-05-25 12:49:31.301475,26.0,50.0,99,0,0,85
2026-05-25 12:49:32.359608,26.0,50.0,99,0,0,85
2026-05-25 12:49:33.367470,26.0,50.0,98,0,0,85
2026-05-25 12:49:34.414686,26.0,50.0,99,0,0,85
2026-05-25 12:49:35.414635,26.0,50.0,99,0,0,85
2026-05-25 12:49:36.471717,26.0,50.0,98,0,0,85
2026-05-25 12:49:37.471217,26.0,50.0,98,0,0,85
2026-05-25 12:49:38.540132,26.0,50.0,99,0,0,85
2026-05-25 12:49:39.528981,26.0,50.0,100,0,0,85
2026-05-25 12:49:40.587021,26.0,50.0,99,0,0,85
2026-05-25 12:49:41.586578,26.0,50.0,98,0,0,85
2026-05-25 12:49:42.641168,26.0,50.0,100,0,0,85
2026-05-25 12:49:43.650640,26.0,50.0,99,0,0,85
2026-05-25 12:49:44.697405,26.0,50.0,99,0,0,85
2026-05-25 12:49:45.697706,26.0,50.0,99,0,0,85
2026-05-25 12:49:46.752236,26.0,52.0,100,0,0,85
2026-05-25 12:49:47.751838,26.0,52.0,98,0,250,85
2026-05-25 12:49:48.822001,26.0,50.0,100,0,100,85
2026-05-25 12:49:49.809829,26.0,52.0,99,0,0,85
2026-05-25 12:49:50.899008,26.0,52.0,99,0,250,85
2026-05-25 12:49:51.898883,26.0,52.0,99,0,100,85
2026-05-25 12:49:52.960303,26.0,52.0,99,0,100,85
2026-05-25 12:49:53.973467,26.0,52.0,99,0,100,85
2026-05-25 12:49:55.020078,26.0,52.0,99,0,100,85
2026-05-25 12:49:56.019289,26.0,52.0,99,0,100,85
2026-05-25 12:49:57.075261,26.0,52.0,99,0,100,85
2026-05-25 12:49:58.074392,26.0,52.0,99,0,100,85
2026-05-25 12:49:59.138332,26.0,52.0,100,0,100,85
2026-05-25 12:50:00.130024,26.0,52.0,99,0,100,85
2026-05-25 12:50:01.228198,26.0,52.0,99,0,100,85
2026-05-25 12:50:02.228057,26.0,52.0,98,0,100,85
2026-05-25 12:50:03.281408,26.0,52.0,100,0,100,85
2026-05-25 12:50:04.292407,26.0,52.0,99,0,100,85
2026-05-25 12:50:05.343870,26.0,52.0,99,0,100,85
2026-05-25 12:50:06.342397,26.0,52.0,96,0,100,85
2026-05-25 12:50:07.400989,26.0,52.0,100,0,100,85
2026-05-25 12:50:08.400693,26.0,52.0,99,0,100,85
2026-05-25 12:50:09.468107,26.0,52.0,100,0,100,85
2026-05-25 12:50:10.459114,26.0,52.0,99,0,100,85
2026-05-25 12:50:11.552304,26.0,52.0,100,0,100,85
2026-05-25 12:50:12.550931,26.0,52.0,99,0,100,85
2026-05-25 12:50:13.609540,26.0,52.0,100,0,100,85
2026-05-25 12:50:14.620303,26.0,52.0,96,0,100,85
2026-05-25 12:50:15.670466,26.0,52.0,100,0,100,85
2026-05-25 12:50:16.670917,26.0,52.0,99,0,100,85
2026-05-25 12:50:17.725509,26.0,52.0,99,0,100,85
2026-05-25 12:50:18.727119,26.0,52.0,99,0,100,85
2026-05-25 12:50:19.792727,26.0,52.0,99,0,100,85
2026-05-25 12:50:20.782285,26.0,52.0,99,0,100,85
2026-05-25 12:50:21.875704,26.0,52.0,99,0,100,85
2026-05-25 12:50:22.876470,26.0,52.0,100,0,100,85
2026-05-25 12:50:23.931230,26.0,52.0,99,0,100,85
2026-05-25 12:50:24.941989,26.0,52.0,100,0,100,85
2026-05-25 12:50:25.987037,26.0,52.0,99,0,100,85
2026-05-25 12:50:26.988017,26.0,52.0,96,0,100,85
2026-05-25 12:50:28.043194,26.0,52.0,99,0,100,85
2026-05-25 12:50:29.043945,26.0,52.0,99,0,100,85
2026-05-25 12:50:30.111280,26.0,52.0,96,0,100,85
2026-05-25 12:50:31.101396,26.0,52.0,100,0,100,85
2026-05-25 12:50:32.187345,26.0,52.0,96,0,100,85
2026-05-25 12:50:33.187555,26.0,52.0,100,0,100,85
2026-05-25 12:50:34.243777,26.0,52.0,97,0,100,85
2026-05-25 12:50:35.251590,26.0,52.0,99,0,100,85
2026-05-25 12:50:36.299695,26.0,52.0,98,0,100,85
2026-05-25 12:50:37.301522,26.0,52.0,99,0,100,85
2026-05-25 12:50:38.352148,26.0,52.0,99,0,100,85
2026-05-25 12:50:39.350724,26.0,52.0,100,0,100,85
2026-05-25 12:50:40.417274,26.0,52.0,100,0,100,85
2026-05-25 12:50:41.408456,26.0,52.0,99,0,100,85
2026-05-25 12:50:42.493887,26.0,52.0,98,0,100,85
2026-05-25 12:50:43.493764,26.0,52.0,99,0,100,85
2026-05-25 12:50:44.554066,26.0,52.0,99,0,100,85
2026-05-25 12:50:45.562059,26.0,52.0,99,0,100,85
2026-05-25 12:50:46.610829,26.0,52.0,99,0,100,85
2026-05-25 12:50:47.611076,26.0,52.0,99,0,100,85
2026-05-25 12:50:48.668935,26.0,52.0,99,0,100,85
2026-05-25 12:50:49.669551,26.0,52.0,100,0,100,85
2026-05-25 12:50:50.737165,26.0,52.0,99,0,100,85
2026-05-25 12:50:51.725163,26.0,52.0,100,0,100,85
2026-05-25 12:50:52.815814,26.0,52.0,99,0,100,85
2026-05-25 12:50:53.816768,26.0,53.0,99,0,100,85
2026-05-25 12:50:54.872805,26.0,53.0,99,0,100,85
2026-05-25 12:50:55.883034,26.0,53.0,97,0,100,85
2026-05-25 12:50:56.929049,26.0,53.0,98,0,100,85
2026-05-25 12:50:57.931096,26.0,53.0,99,0,100,85
2026-05-25 12:50:58.985039,26.0,53.0,97,0,100,85
2026-05-25 12:50:59.984299,26.0,53.0,99,0,100,85
2026-05-25 12:51:01.052002,26.0,53.0,100,0,100,85
2026-05-25 12:51:02.042847,26.0,53.0,99,0,100,85
2026-05-25 12:51:03.131399,26.0,53.0,100,0,100,85
2026-05-25 12:51:04.130791,26.0,53.0,99,0,100,85
2026-05-25 12:51:05.194223,26.0,53.0,100,0,100,85
2026-05-25 12:51:06.190687,26.0,53.0,98,0,100,85
2026-05-25 12:51:07.247193,26.0,53.0,97,0,100,85
2026-05-25 12:51:08.246095,26.0,53.0,99,0,100,85
2026-05-25 12:51:09.303665,26.0,53.0,99,0,100,85
2026-05-25 12:51:10.301893,26.0,53.0,99,0,100,85
2026-05-25 12:51:11.368388,26.0,53.0,99,0,100,85
2026-05-25 12:51:12.360346,26.0,53.0,98,0,100,85
2026-05-25 12:51:13.456226,26.0,53.0,100,0,100,85
2026-05-25 12:51:14.455400,26.0,53.0,100,0,100,85
2026-05-25 12:51:15.511185,26.0,53.0,99,0,100,85
2026-05-25 12:51:16.518808,26.0,52.0,99,0,100,85
2026-05-25 12:51:17.569073,26.0,52.0,100,0,100,85
2026-05-25 12:51:18.567389,26.0,52.0,99,0,100,85
2026-05-25 12:51:19.624655,26.0,52.0,99,0,100,85
2026-05-25 12:51:20.624961,26.0,52.0,99,0,100,85
2026-05-25 12:51:21.692308,26.0,52.0,99,0,100,85
2026-05-25 12:51:22.681328,26.0,52.0,99,0,100,85
2026-05-25 12:51:23.779518,26.0,52.0,98,0,100,85
2026-05-25 12:51:24.779909,26.0,52.0,99,0,100,85
2026-05-25 12:51:25.837454,26.0,52.0,100,0,100,85
2026-05-25 12:51:26.839441,26.0,52.0,97,0,100,85
2026-05-25 12:51:27.907598,26.0,52.0,100,0,100,85
2026-05-25 12:51:28.898797,26.0,52.0,99,0,100,85
2026-05-25 12:51:29.980101,26.0,52.0,98,0,100,85
2026-05-25 12:51:30.980413,26.0,52.0,99,0,100,85
2026-05-25 12:51:32.044552,26.0,52.0,100,0,100,85
2026-05-25 12:51:33.037705,26.0,52.0,99,0,100,85
2026-05-25 12:51:34.119358,26.0,52.0,100,0,100,85
2026-05-25 12:51:35.120503,26.0,52.0,99,0,100,85
2026-05-25 12:51:36.175524,26.0,52.0,100,0,100,85
2026-05-25 12:51:37.183655,26.0,52.0,96,0,100,85
2026-05-25 12:51:38.231611,26.0,52.0,99,0,100,85
2026-05-25 12:51:39.231507,26.0,52.0,98,0,100,85
2026-05-25 12:51:40.291101,26.0,52.0,99,0,100,85
2026-05-25 12:51:41.291222,26.0,50.0,99,0,100,85
2026-05-25 12:51:42.355659,26.0,50.0,100,0,0,85
2026-05-25 12:51:43.356155,26.0,50.0,99,0,0,85
2026-05-25 12:51:44.439453,26.0,50.0,98,0,0,85
2026-05-25 12:51:45.438619,26.0,50.0,98,0,0,85
2026-05-25 12:51:46.493794,26.0,50.0,99,0,0,85
2026-05-25 12:51:47.493871,26.0,50.0,99,0,0,85
2026-05-25 12:51:48.558042,26.0,50.0,100,0,0,85
2026-05-25 12:51:49.550084,26.0,50.0,99,0,0,85
2026-05-25 12:51:50.640687,26.0,50.0,99,0,0,85
2026-05-25 12:51:51.724144,26.0,50.0,96,0,0,85
2026-05-25 12:51:52.724897,26.0,50.0,100,0,0,85
2026-05-25 12:51:53.732379,26.0,50.0,99,0,0,85
2026-05-25 12:51:54.779031,26.0,50.0,100,0,0,85
2026-05-25 12:51:55.777649,26.0,50.0,99,0,0,85
2026-05-25 12:51:56.837127,26.0,49.0,100,0,0,85
2026-05-25 12:51:57.836025,26.0,50.0,98,0,0,85
2026-05-25 12:51:58.903497,26.0,49.0,99,0,0,85
2026-05-25 12:51:59.893541,26.0,49.0,99,0,0,85
2026-05-25 12:52:00.982246,26.0,49.0,100,0,0,85
2026-05-25 12:52:01.982191,26.0,49.0,97,0,0,85
2026-05-25 12:52:03.038214,26.0,49.0,99,0,0,85
2026-05-25 12:52:04.046739,26.0,49.0,99,0,0,85
2026-05-25 12:52:05.100629,26.0,49.0,99,0,0,85
2026-05-25 12:52:06.100579,26.0,49.0,99,0,0,85
2026-05-25 12:52:07.156944,26.0,49.0,98,0,0,85
2026-05-25 12:52:08.155601,26.0,49.0,99,0,0,85
2026-05-25 12:52:09.222306,26.0,49.0,100,0,0,85
2026-05-25 12:52:10.212658,26.0,49.0,96,0,0,85
2026-05-25 12:52:11.299278,26.0,49.0,100,0,0,85
2026-05-25 12:52:12.301025,26.0,49.0,99,0,0,85
2026-05-25 12:52:13.359010,26.0,49.0,99,0,0,85
2026-05-25 12:52:14.367251,26.0,49.0,99,0,0,85
2026-05-25 12:52:15.416259,26.0,49.0,100,0,0,85
2026-05-25 12:52:16.415405,26.0,49.0,99,0,0,85
2026-05-25 12:52:17.469687,26.0,49.0,100,0,0,85
2026-05-25 12:52:18.469071,26.0,49.0,99,0,0,85
2026-05-25 12:52:19.535545,26.0,49.0,100,0,0,85
2026-05-25 12:52:20.526454,26.0,49.0,97,0,0,85
2026-05-25 12:52:21.616188,26.0,49.0,100,0,0,85
2026-05-25 12:52:22.615208,26.0,49.0,98,0,0,85
2026-05-25 12:52:23.679539,26.0,49.0,99,0,0,85
2026-05-25 12:52:24.687304,26.0,49.0,98,0,0,85
2026-05-25 12:52:25.734624,26.0,49.0,100,0,0,85
2026-05-25 12:52:26.734976,26.0,49.0,96,0,0,85
2026-05-25 12:52:27.787641,26.0,49.0,97,0,0,85
2026-05-25 12:52:28.787838,26.0,49.0,100,0,0,85
2026-05-25 12:52:29.856444,26.0,49.0,100,0,0,85
2026-05-25 12:52:30.849271,26.0,49.0,99,0,0,85
2026-05-25 12:52:31.939905,26.0,49.0,99,0,0,85
2026-05-25 12:52:32.938355,26.0,49.0,99,0,0,85
2026-05-25 12:52:33.996464,26.0,49.0,100,0,0,85
2026-05-25 12:52:35.007469,26.0,49.0,99,0,0,85
2026-05-25 12:52:36.046822,26.0,49.0,100,0,0,85
2026-05-25 12:52:37.048608,26.0,49.0,99,0,0,85
2026-05-25 12:52:38.102529,26.0,49.0,100,0,0,85
2026-05-25 12:52:39.121015,26.0,49.0,99,0,0,85
2026-05-25 12:52:40.165002,26.0,49.0,100,0,0,85
2026-05-25 12:52:41.158901,26.0,49.0,99,0,0,85
2026-05-25 12:52:42.254110,26.0,49.0,100,0,0,85
2026-05-25 12:52:43.252629,26.0,49.0,98,0,0,85
2026-05-25 12:52:44.313944,26.0,49.0,100,0,0,85
2026-05-25 12:52:45.321894,26.0,49.0,96,0,0,85
2026-05-25 12:52:46.377640,26.0,49.0,99,0,0,85
2026-05-25 12:52:47.372818,26.0,49.0,99,0,0,85
2026-05-25 12:52:48.456475,26.0,49.0,100,0,0,85
2026-05-25 12:52:49.455426,26.0,49.0,99,0,0,85
2026-05-25 12:52:50.513611,26.0,49.0,100,0,0,85
2026-05-25 12:52:51.522349,26.0,49.0,99,0,0,85
2026-05-25 12:52:52.570479,26.0,49.0,100,0,0,85
2026-05-25 12:52:53.570874,26.0,49.0,98,0,0,85
2026-05-25 12:52:54.625176,26.0,49.0,99,0,0,85
2026-05-25 12:52:55.623083,26.0,49.0,96,0,0,85
2026-05-25 12:52:56.697609,26.0,50.0,100,0,0,85
2026-05-25 12:52:57.688534,26.0,50.0,99,0,0,85
2026-05-25 12:52:58.781715,26.0,50.0,100,0,0,85
2026-05-25 12:52:59.780503,26.0,50.0,99,0,0,85
2026-05-25 12:53:00.838489,26.0,50.0,100,0,0,85
2026-05-25 12:53:01.847043,26.0,50.0,100,0,0,85
2026-05-25 12:53:02.892376,26.0,50.0,100,0,0,85
2026-05-25 12:53:03.891049,26.0,50.0,99,0,0,85
2026-05-25 12:53:04.949706,26.0,50.0,99,0,0,85
2026-05-25 12:53:05.949424,26.0,50.0,99,0,0,85
2026-05-25 12:53:07.018011,26.0,50.0,100,0,0,85
2026-05-25 12:53:08.009330,26.0,50.0,99,0,0,85
2026-05-25 12:53:09.108288,26.0,50.0,100,0,0,85
2026-05-25 12:53:10.108778,26.0,50.0,98,0,0,85
2026-05-25 12:53:11.164846,26.0,50.0,98,0,0,85
2026-05-25 12:53:12.174390,26.0,50.0,99,0,0,85
2026-05-25 12:53:13.218764,26.0,50.0,100,0,0,85
2026-05-25 12:53:14.218178,26.0,50.0,99,0,0,85
2026-05-25 12:53:15.275121,26.0,50.0,100,0,0,85
2026-05-25 12:53:16.276022,26.0,50.0,99,0,0,85
2026-05-25 12:53:17.337613,26.0,50.0,99,0,0,85
2026-05-25 12:53:18.327420,26.0,50.0,99,0,0,85
2026-05-25 12:53:19.423596,26.0,50.0,100,0,0,85
2026-05-25 12:53:20.425355,26.0,50.0,99,0,0,85
2026-05-25 12:53:21.482248,26.0,50.0,100,0,0,85
2026-05-25 12:53:22.491349,26.0,50.0,100,0,0,85
2026-05-25 12:53:23.536513,26.0,50.0,99,0,0,85
2026-05-25 12:53:24.535161,26.0,50.0,96,0,0,85
2026-05-25 12:53:25.593695,26.0,49.0,100,0,0,85
2026-05-25 12:53:26.591578,26.0,49.0,99,0,0,85
2026-05-25 12:53:27.665312,26.0,49.0,100,0,0,85
2026-05-25 12:53:28.651282,26.0,49.0,99,0,0,85
2026-05-25 12:53:29.740720,26.0,49.0,97,0,0,85
2026-05-25 12:53:30.739045,26.0,50.0,98,0,0,85
2026-05-25 12:53:31.740226,26.0,49.0,100,0,0,85
2026-05-25 12:53:32.751749,26.0,49.0,99,0,0,85
2026-05-25 12:53:33.740890,26.0,49.0,99,0,0,85
2026-05-25 12:53:34.742423,26.0,50.0,99,0,0,85
2026-05-25 12:53:35.743051,26.0,50.0,100,0,0,85
2026-05-25 12:53:36.801309,26.0,50.0,98,0,0,85
2026-05-25 12:53:37.802017,26.0,50.0,97,0,0,85
2026-05-25 12:53:38.857452,26.0,50.0,99,0,0,85
2026-05-25 12:53:39.857182,26.0,50.0,99,0,0,85
2026-05-25 12:53:40.915514,26.0,50.0,99,0,0,85
2026-05-25 12:53:41.915468,26.0,50.0,99,0,0,85
2026-05-25 12:53:42.985283,26.0,50.0,96,0,0,85
2026-05-25 12:53:43.974265,26.0,50.0,97,0,0,85
2026-05-25 12:53:45.064187,26.0,50.0,99,0,0,85
2026-05-25 12:53:46.064920,26.0,50.0,100,0,0,85
2026-05-25 12:53:47.123714,26.0,50.0,99,0,0,85
2026-05-25 12:53:48.132838,26.0,50.0,98,0,0,85
2026-05-25 12:53:49.182530,26.0,50.0,100,0,0,85
2026-05-25 12:53:50.183006,26.0,50.0,100,0,0,85
2026-05-25 12:53:51.241698,26.0,50.0,99,0,0,85
2026-05-25 12:53:52.240188,26.0,50.0,96,0,0,85
2026-05-25 12:53:53.308542,26.0,50.0,99,0,0,85
2026-05-25 12:53:54.300157,26.0,50.0,98,0,0,85
2026-05-25 12:53:55.301435,26.0,50.0,96,0,0,85
2026-05-25 12:53:56.304548,26.0,50.0,99,0,0,85
2026-05-25 12:53:57.356890,26.0,50.0,99,0,0,85
2026-05-25 12:53:58.356934,26.0,50.0,100,0,0,85
2026-05-25 12:53:59.421105,26.0,50.0,99,0,0,85
2026-05-25 12:54:00.411975,26.0,50.0,100,0,0,85
2026-05-25 12:54:01.500149,26.0,50.0,98,0,0,85
2026-05-25 12:54:02.499674,26.0,50.0,99,0,0,85
2026-05-25 12:54:03.558512,26.0,50.0,98,0,0,85
2026-05-25 12:54:04.567645,26.0,50.0,100,0,0,85
2026-05-25 12:54:05.612060,26.0,50.0,99,0,0,85
2026-05-25 12:54:06.611821,26.0,50.0,99,0,0,85
2026-05-25 12:54:07.671363,26.0,50.0,99,0,0,85
2026-05-25 12:54:08.671635,26.0,50.0,100,0,0,85
2026-05-25 12:54:09.732063,26.0,50.0,99,0,0,85
2026-05-25 12:54:10.723436,26.0,50.0,98,0,0,85
2026-05-25 12:54:11.806074,26.0,50.0,99,0,0,85
2026-05-25 12:54:12.805915,26.0,50.0,100,0,0,85
2026-05-25 12:54:13.870435,26.0,50.0,99,0,0,85
2026-05-25 12:54:14.874204,26.0,50.0,99,0,0,85
2026-05-25 12:54:15.926360,26.0,50.0,99,0,0,85
2026-05-25 12:54:16.925696,26.0,50.0,99,0,0,85
2026-05-25 12:54:17.982826,26.0,50.0,100,0,0,85
2026-05-25 12:54:18.982543,26.0,50.0,99,0,0,85
2026-05-25 12:54:20.051496,26.0,50.0,99,0,0,85
2026-05-25 12:54:21.044709,26.0,50.0,98,0,0,85
2026-05-25 12:54:22.139315,26.0,50.0,99,0,0,85
2026-05-25 12:54:23.134787,26.0,50.0,99,0,0,85
2026-05-25 12:54:24.196619,26.0,50.0,100,0,0,85
2026-05-25 12:54:25.217062,26.0,50.0,100,0,0,85
2026-05-25 12:54:26.254868,26.0,50.0,99,0,0,85
2026-05-25 12:54:27.254907,26.0,50.0,100,0,0,85
2026-05-25 12:54:28.332198,26.0,50.0,99,0,0,85
2026-05-25 12:54:29.332035,26.0,50.0,98,0,0,85
2026-05-25 12:54:30.400829,26.0,50.0,99,0,0,85
2026-05-25 12:54:31.391494,26.0,50.0,100,0,0,85
2026-05-25 12:54:32.483585,26.0,50.0,100,0,0,85
2026-05-25 12:54:33.482118,26.0,50.0,100,0,0,85
2026-05-25 12:54:34.540060,26.0,50.0,99,0,0,85
2026-05-25 12:54:35.548520,26.0,50.0,100,0,0,85
2026-05-25 12:54:36.599396,26.0,50.0,99,0,0,85
2026-05-25 12:54:37.599290,26.0,50.0,99,0,0,85
2026-05-25 12:54:38.653569,26.0,50.0,100,0,0,85
2026-05-25 12:54:39.655203,26.0,50.0,100,0,0,85
2026-05-25 12:54:40.714590,26.0,50.0,99,0,0,85
2026-05-25 12:54:41.706272,26.0,50.0,97,0,0,85
2026-05-25 12:54:42.792479,26.0,50.0,98,0,0,85
2026-05-25 12:54:43.791826,26.0,50.0,100,0,0,85
2026-05-25 12:54:44.852777,26.0,50.0,98,0,0,85
2026-05-25 12:54:45.860006,26.0,52.0,100,0,0,85
2026-05-25 12:54:46.908822,26.0,52.0,100,0,250,85
2026-05-25 12:54:47.909165,26.0,52.0,100,0,100,85
2026-05-25 12:54:48.961552,26.0,52.0,99,0,100,85
2026-05-25 12:54:49.961717,26.0,50.0,99,0,100,85
2026-05-25 12:54:51.027385,26.0,52.0,97,0,0,85
2026-05-25 12:54:52.024993,26.0,52.0,98,0,250,85
2026-05-25 12:54:53.107970,26.0,52.0,99,0,100,85
2026-05-25 12:54:54.107189,26.0,52.0,100,0,100,85
2026-05-25 12:54:55.167702,26.0,52.0,99,0,100,85
2026-05-25 12:54:56.166804,26.0,52.0,99,0,100,85
2026-05-25 12:54:57.234392,26.0,52.0,99,0,100,85
2026-05-25 12:54:58.226829,26.0,52.0,100,0,100,85
2026-05-25 12:54:59.313687,26.0,52.0,98,0,100,85
2026-05-25 12:55:00.312707,26.0,52.0,100,0,100,85
2026-05-25 12:55:01.367173,26.0,52.0,99,0,100,85
2026-05-25 12:55:02.375642,26.0,52.0,99,0,100,85
2026-05-25 12:55:03.424164,26.0,52.0,97,0,100,85
2026-05-25 12:55:04.424045,26.0,52.0,100,0,100,85
2026-05-25 12:55:05.482528,26.0,52.0,99,0,100,85
2026-05-25 12:55:06.481601,26.0,52.0,100,0,100,85
2026-05-25 12:55:07.546270,26.0,52.0,97,0,100,85
2026-05-25 12:55:08.537628,26.0,52.0,100,0,100,85
2026-05-25 12:55:09.624352,26.0,52.0,97,0,100,85
2026-05-25 12:55:10.624769,26.0,52.0,100,0,100,85
2026-05-25 12:55:11.679394,26.0,52.0,99,0,100,85
2026-05-25 12:55:12.688624,26.0,52.0,100,0,100,85
2026-05-25 12:55:13.734500,26.0,52.0,96,0,100,85
2026-05-25 12:55:14.734792,26.0,52.0,99,0,100,85
2026-05-25 12:55:15.785690,26.0,52.0,99,0,100,85
2026-05-25 12:55:16.786155,26.0,52.0,99,0,100,85
2026-05-25 12:55:17.851876,26.0,52.0,99,0,100,85
2026-05-25 12:55:18.846973,26.0,52.0,100,0,100,85
2026-05-25 12:55:19.934322,26.0,52.0,100,0,100,85
2026-05-25 12:55:20.932869,26.0,52.0,99,0,100,85
2026-05-25 12:55:21.992217,26.0,52.0,99,0,100,85
2026-05-25 12:55:22.990790,26.0,52.0,99,0,100,85
2026-05-25 12:55:24.057711,26.0,52.0,99,0,100,85
2026-05-25 12:55:25.051845,26.0,52.0,98,0,100,85
2026-05-25 12:55:26.145149,26.0,52.0,99,0,100,85
2026-05-25 12:55:27.143212,26.0,52.0,98,0,100,85
2026-05-25 12:55:28.203178,26.0,52.0,99,0,100,85
2026-05-25 12:55:29.213697,26.0,52.0,100,0,100,85
2026-05-25 12:55:30.267238,26.0,52.0,99,0,100,85
2026-05-25 12:55:31.263186,26.0,52.0,100,0,100,85
2026-05-25 12:55:32.325261,26.0,52.0,98,0,100,85
2026-05-25 12:55:33.325645,26.0,52.0,99,0,100,85
2026-05-25 12:55:34.392531,26.0,52.0,99,0,100,85
2026-05-25 12:55:35.390265,26.0,52.0,100,0,100,85
2026-05-25 12:55:36.474013,26.0,52.0,99,0,100,85
2026-05-25 12:55:37.473305,26.0,52.0,100,0,100,85
2026-05-25 12:55:38.533961,26.0,52.0,99,0,100,85
2026-05-25 12:55:39.545975,26.0,52.0,98,0,100,85
2026-05-25 12:55:40.595161,26.0,53.0,99,0,100,85
2026-05-25 12:55:41.588131,26.0,52.0,100,0,100,85
2026-05-25 12:55:42.681211,26.0,52.0,98,0,100,85
2026-05-25 12:55:43.680248,26.0,52.0,99,0,100,85
2026-05-25 12:55:44.741635,26.0,53.0,99,0,100,85
2026-05-25 12:55:45.751061,26.0,53.0,100,0,100,85
2026-05-25 12:55:46.796307,26.0,53.0,100,0,100,85
2026-05-25 12:55:47.796407,26.0,53.0,100,0,100,85
2026-05-25 12:55:48.854463,26.0,53.0,99,0,100,85
2026-05-25 12:55:49.853778,26.0,53.0,100,0,100,85
2026-05-25 12:55:50.922859,26.0,53.0,99,0,100,85
2026-05-25 12:55:51.911683,26.0,53.0,98,0,100,85
2026-05-25 12:55:53.004210,26.0,53.0,99,0,100,85
2026-05-25 12:55:54.108718,26.0,53.0,99,0,100,85
2026-05-25 12:55:55.107310,26.0,53.0,99,0,100,85
2026-05-25 12:55:56.117025,26.0,53.0,100,0,100,85
2026-05-25 12:55:57.162255,26.0,53.0,99,0,100,85
2026-05-25 12:55:58.162752,26.0,53.0,98,0,100,85
2026-05-25 12:55:59.217151,26.0,53.0,99,0,100,85
2026-05-25 12:56:00.220181,26.0,53.0,99,0,100,85
2026-05-25 12:56:01.281747,26.0,53.0,99,0,100,85
2026-05-25 12:56:02.272256,26.0,53.0,98,0,100,85
2026-05-25 12:56:03.365117,26.0,53.0,99,0,100,85
2026-05-25 12:56:04.365510,26.0,53.0,100,0,100,85
2026-05-25 12:56:05.418118,26.0,53.0,100,0,100,85
2026-05-25 12:56:06.427623,26.0,53.0,100,0,100,85
2026-05-25 12:56:07.479588,26.0,53.0,99,0,100,85
2026-05-25 12:56:08.471683,26.0,53.0,100,0,100,85
2026-05-25 12:56:09.561105,26.0,53.0,98,0,100,85
2026-05-25 12:56:10.561644,26.0,53.0,100,0,100,85
2026-05-25 12:56:11.615242,26.0,53.0,99,0,100,85
2026-05-25 12:56:12.625099,26.0,53.0,99,0,100,85
2026-05-25 12:56:13.672966,26.0,53.0,99,0,100,85
2026-05-25 12:56:14.672635,26.0,53.0,100,0,100,85
2026-05-25 12:56:15.729472,26.0,53.0,99,0,100,85
2026-05-25 12:56:16.729206,26.0,53.0,100,0,100,85
2026-05-25 12:56:17.797406,26.0,53.0,100,0,100,85
2026-05-25 12:56:18.787393,26.0,53.0,99,0,100,85
2026-05-25 12:56:19.884441,26.0,53.0,99,0,100,85
2026-05-25 12:56:20.884575,26.0,53.0,99,0,100,85
2026-05-25 12:56:21.944049,26.0,53.0,99,0,100,85
2026-05-25 12:56:22.951045,26.0,53.0,99,0,100,85
2026-05-25 12:56:23.998805,26.0,53.0,98,0,100,85
2026-05-25 12:56:24.999549,26.0,52.0,100,0,100,85
2026-05-25 12:56:26.054912,26.0,52.0,99,0,100,85
2026-05-25 12:56:27.055326,26.0,52.0,100,0,100,85
2026-05-25 12:56:28.126235,26.0,52.0,99,0,100,85
2026-05-25 12:56:29.114848,26.0,52.0,99,0,100,85
2026-05-25 12:56:30.213342,26.0,52.0,99,0,100,85
2026-05-25 12:56:31.213653,26.0,52.0,100,0,100,85
2026-05-25 12:56:32.270085,26.0,52.0,99,0,100,85
2026-05-25 12:56:33.280078,26.0,50.0,99,0,100,85
2026-05-25 12:56:34.321776,26.0,50.0,99,0,0,85
2026-05-25 12:56:35.321866,26.0,50.0,100,0,0,85
2026-05-25 12:56:36.380223,26.0,50.0,99,0,0,85
2026-05-25 12:56:37.378812,26.0,50.0,100,0,0,85
2026-05-25 12:56:38.447949,26.0,50.0,100,0,0,85
2026-05-25 12:56:39.548628,26.0,50.0,100,0,0,85
2026-05-25 12:56:40.542252,26.0,50.0,100,0,0,85
2026-05-25 12:56:41.542517,26.0,50.0,100,0,0,85
2026-05-25 12:56:42.599619,26.0,50.0,99,0,0,85
2026-05-25 12:56:43.607220,26.0,50.0,100,0,0,85
2026-05-25 12:56:44.601435,26.0,50.0,99,0,0,85
2026-05-25 12:56:45.602047,26.0,50.0,99,0,0,85
2026-05-25 12:56:46.663327,26.0,50.0,99,0,0,85
2026-05-25 12:56:47.660510,26.0,50.0,100,0,0,85
2026-05-25 12:56:48.734421,26.0,52.0,99,0,0,85
2026-05-25 12:56:49.725687,26.0,52.0,100,0,250,85
2026-05-25 12:56:50.829258,26.0,52.0,99,0,100,85
2026-05-25 12:56:51.832636,26.0,52.0,100,0,100,85
2026-05-25 12:56:52.882991,26.0,52.0,98,0,100,85
2026-05-25 12:56:53.892152,26.0,52.0,100,0,100,85
2026-05-25 12:56:54.939333,26.0,52.0,99,0,100,85
2026-05-25 12:56:55.939891,26.0,52.0,97,0,100,85
2026-05-25 12:56:56.997684,26.0,52.0,99,0,100,85
2026-05-25 12:56:57.997972,26.0,52.0,99,0,100,85
2026-05-25 12:56:59.064246,26.0,52.0,100,0,100,85
2026-05-25 12:57:00.053010,26.0,52.0,100,0,100,85
2026-05-25 12:57:01.146936,26.0,52.0,99,0,100,85
2026-05-25 12:57:02.146050,26.0,52.0,100,0,100,85
2026-05-25 12:57:03.199983,26.0,52.0,96,0,100,85
2026-05-25 12:57:04.209276,26.0,52.0,98,0,100,85
2026-05-25 12:57:05.256372,26.0,52.0,99,0,100,85
2026-05-25 12:57:06.256797,26.0,52.0,100,0,100,85
2026-05-25 12:57:07.312028,26.0,52.0,99,0,100,85
2026-05-25 12:57:08.311111,26.0,52.0,97,0,100,85
2026-05-25 12:57:09.380404,26.0,52.0,99,0,100,85
2026-05-25 12:57:10.369327,26.0,52.0,100,0,100,85
2026-05-25 12:57:11.459453,26.0,50.0,99,0,100,85
2026-05-25 12:57:12.458887,26.0,50.0,99,0,0,85
2026-05-25 12:57:13.515756,26.0,50.0,99,0,0,85
2026-05-25 12:57:14.526823,26.0,50.0,100,0,0,85
2026-05-25 12:57:15.577597,26.0,50.0,99,0,0,85
2026-05-25 12:57:16.577880,26.0,50.0,99,0,0,85
2026-05-25 12:57:17.632062,26.0,50.0,99,0,0,85
2026-05-25 12:57:18.631009,26.0,50.0,100,0,0,85
2026-05-25 12:57:19.700247,26.0,50.0,99,0,0,85
2026-05-25 12:57:20.690847,26.0,50.0,100,0,0,85
2026-05-25 12:57:21.775695,26.0,50.0,96,0,0,85
2026-05-25 12:57:22.776898,26.0,50.0,100,0,0,85
2026-05-25 12:57:23.833507,26.0,50.0,100,0,0,85
2026-05-25 12:57:24.837783,26.0,50.0,100,0,0,85
2026-05-25 12:57:25.896200,26.0,50.0,96,0,0,85
2026-05-25 12:57:26.888351,26.0,50.0,100,0,0,85
2026-05-25 12:57:27.971169,26.0,50.0,99,0,0,85
2026-05-25 12:57:28.971248,26.0,50.0,99,0,0,85
2026-05-25 12:57:30.037831,26.0,50.0,99,0,0,85
2026-05-25 12:57:31.114265,26.0,50.0,99,0,0,85
2026-05-25 12:57:32.120484,26.0,50.0,98,0,0,85
2026-05-25 12:57:33.120688,26.0,50.0,100,0,0,85
2026-05-25 12:57:34.178388,26.0,50.0,99,0,0,85
2026-05-25 12:57:35.185611,26.0,50.0,100,0,0,85
2026-05-25 12:57:36.236778,26.0,50.0,99,0,0,85
2026-05-25 12:57:37.242399,26.0,50.0,100,0,0,85
2026-05-25 12:57:38.292745,26.0,50.0,96,0,0,85
2026-05-25 12:57:39.293690,26.0,50.0,100,0,0,85
2026-05-25 12:57:40.357046,26.0,50.0,99,0,0,85
2026-05-25 12:57:41.434827,26.0,50.0,100,0,0,85
2026-05-25 12:57:42.440582,26.0,50.0,96,0,0,85
2026-05-25 12:57:43.440855,26.0,50.0,100,0,0,85
2026-05-25 12:57:44.497049,26.0,50.0,99,0,0,85
2026-05-25 12:57:45.506378,26.0,50.0,98,0,0,85
2026-05-25 12:57:46.566154,26.0,50.0,99,0,0,85
2026-05-25 12:57:47.555385,26.0,50.0,100,0,0,85
2026-05-25 12:57:48.646697,26.0,50.0,99,0,0,85
2026-05-25 12:57:49.646069,26.0,50.0,99,0,0,85
2026-05-25 12:57:50.704815,26.0,49.0,99,0,0,85
2026-05-25 12:57:51.764958,26.0,49.0,100,0,0,85
2026-05-25 12:57:52.772140,26.0,49.0,99,0,0,85
2026-05-25 12:57:53.764517,26.0,49.0,100,0,0,85
2026-05-25 12:57:54.854059,26.0,49.0,99,0,0,85
2026-05-25 12:57:55.853494,26.0,49.0,100,0,0,85
2026-05-25 12:57:56.911633,26.0,49.0,99,0,0,85
2026-05-25 12:57:57.915532,26.0,49.0,100,0,0,85
2026-05-25 12:57:58.968934,26.0,49.0,99,0,0,85
2026-05-25 12:57:59.968118,26.0,49.0,100,0,0,85
2026-05-25 12:58:01.027416,26.0,49.0,99,0,0,85
2026-05-25 12:58:02.076646,26.0,49.0,100,0,0,85
2026-05-25 12:58:03.089958,26.0,49.0,99,0,0,85
2026-05-25 12:58:04.081044,26.0,49.0,100,0,0,85
2026-05-25 12:58:05.166049,26.0,49.0,100,0,0,85
2026-05-25 12:58:06.165917,26.0,49.0,98,0,0,85
2026-05-25 12:58:07.219198,26.0,49.0,99,0,0,85
2026-05-25 12:58:08.224737,26.0,49.0,100,0,0,85
2026-05-25 12:58:09.274448,26.0,49.0,97,0,0,85
2026-05-25 12:58:10.274574,26.0,49.0,100,0,0,85
2026-05-25 12:58:11.328477,26.0,49.0,100,0,0,85
2026-05-25 12:58:12.383811,26.0,49.0,100,0,0,85
2026-05-25 12:58:13.397940,26.0,49.0,99,0,0,85
2026-05-25 12:58:14.388950,26.0,49.0,99,0,0,85
2026-05-25 12:58:15.475180,26.0,49.0,99,0,0,85
2026-05-25 12:58:16.474511,26.0,49.0,99,0,0,85
2026-05-25 12:58:17.533862,26.0,49.0,99,0,0,85
2026-05-25 12:58:18.541109,26.0,49.0,100,0,0,85
2026-05-25 12:58:19.590827,26.0,49.0,99,0,0,85
2026-05-25 12:58:20.591365,26.0,49.0,100,0,0,85
2026-05-25 12:58:21.643473,26.0,49.0,99,0,0,85
2026-05-25 12:58:22.697349,26.0,49.0,99,0,0,85
2026-05-25 12:58:23.715444,26.0,49.0,100,0,0,85
2026-05-25 12:58:24.702807,26.0,49.0,100,0,0,85
2026-05-25 12:58:25.797240,26.0,49.0,100,0,0,85
2026-05-25 12:58:26.797230,26.0,49.0,99,0,0,85
2026-05-25 12:58:27.855544,26.0,49.0,98,0,0,85
2026-05-25 12:58:28.863355,26.0,49.0,99,0,0,85
2026-05-25 12:58:29.916468,26.0,49.0,99,0,0,85
2026-05-25 12:58:30.912846,26.0,49.0,100,0,0,85
2026-05-25 12:58:31.973125,26.0,49.0,99,0,0,85
2026-05-25 12:58:33.021947,26.0,49.0,100,0,0,85
2026-05-25 12:58:34.036831,26.0,49.0,99,0,0,85
2026-05-25 12:58:35.028583,26.0,49.0,99,0,0,85
2026-05-25 12:58:36.126277,26.0,49.0,99,0,0,85
2026-05-25 12:58:37.125860,26.0,49.0,100,0,0,85
2026-05-25 12:58:38.183767,26.0,49.0,96,0,0,85
2026-05-25 12:58:39.193755,26.0,49.0,100,0,0,85
2026-05-25 12:58:40.244127,26.0,49.0,99,0,0,85
2026-05-25 12:58:41.241999,26.0,49.0,99,0,0,85
2026-05-25 12:58:42.270707,26.0,49.0,100,0,0,85
2026-05-25 12:58:43.321621,26.0,49.0,98,0,0,85
2026-05-25 12:58:44.337553,26.0,49.0,99,0,0,85
2026-05-25 12:58:45.328863,26.0,49.0,100,0,0,85
2026-05-25 12:58:46.419800,26.0,49.0,99,0,0,85
2026-05-25 12:58:47.418133,26.0,47.0,100,0,0,85
2026-05-25 12:58:48.420729,26.0,47.0,99,0,0,85
2026-05-25 12:58:49.420597,26.0,47.0,100,0,0,85
2026-05-25 12:58:50.482974,26.0,47.0,98,0,0,85
2026-05-25 12:58:51.476466,26.0,47.0,100,0,0,85
2026-05-25 12:58:52.568604,26.0,47.0,99,0,0,85
2026-05-25 12:58:53.615369,26.0,47.0,100,0,0,85
2026-05-25 12:58:54.620925,26.0,47.0,99,0,0,85
2026-05-25 12:58:55.630576,26.0,47.0,99,0,0,85
2026-05-25 12:58:56.684344,26.0,47.0,98,0,0,85
2026-05-25 12:58:57.678615,26.0,47.0,100,0,0,85
2026-05-25 12:58:58.767850,26.0,47.0,99,0,0,85
2026-05-25 12:58:59.767675,26.0,49.0,100,0,0,85
2026-05-25 12:59:00.827941,26.0,47.0,100,0,0,85
2026-05-25 12:59:01.837567,26.0,47.0,100,0,0,85
2026-05-25 12:59:02.893692,26.0,49.0,99,0,0,85
2026-05-25 12:59:03.977823,26.0,49.0,100,0,0,85
2026-05-25 12:59:04.979442,26.0,49.0,99,0,0,85
2026-05-25 12:59:05.978915,26.0,49.0,100,0,0,85
2026-05-25 12:59:07.032889,26.0,49.0,99,0,0,85
2026-05-25 12:59:08.033409,26.0,49.0,100,0,0,85
2026-05-25 12:59:09.097633,26.0,49.0,99,0,0,85
2026-05-25 12:59:10.088981,26.0,49.0,100,0,0,85
2026-05-25 12:59:11.185107,26.0,49.0,99,0,0,85
2026-05-25 12:59:12.184404,26.0,49.0,99,0,0,85
2026-05-25 12:59:13.245584,26.0,49.0,99,0,0,85
2026-05-25 12:59:14.297623,26.0,49.0,100,0,0,85
2026-05-25 12:59:15.300940,26.0,49.0,99,0,0,85
2026-05-25 12:59:16.299446,26.0,49.0,100,0,0,85
2026-05-25 12:59:17.356563,26.0,49.0,99,0,0,85
2026-05-25 12:59:18.357693,26.0,49.0,100,0,0,85
2026-05-25 12:59:19.426037,26.0,49.0,99,0,0,85
2026-05-25 12:59:20.424783,26.0,49.0,100,0,0,85
2026-05-25 12:59:21.507619,26.0,49.0,99,0,0,85
2026-05-25 12:59:22.506788,26.0,49.0,99,0,0,85
2026-05-25 12:59:23.561724,26.0,49.0,100,0,0,85
2026-05-25 12:59:24.609381,26.0,49.0,99,0,0,85
2026-05-25 12:59:25.626652,26.0,49.0,99,0,0,85
2026-05-25 12:59:26.623349,26.0,49.0,99,0,0,85
2026-05-25 12:59:27.724620,26.0,49.0,99,0,0,85
2026-05-25 12:59:28.722592,26.0,49.0,99,0,0,85
2026-05-25 12:59:29.783782,26.0,49.0,99,0,0,85
2026-05-25 12:59:30.792527,26.0,49.0,100,0,0,85
2026-05-25 12:59:31.840267,26.0,49.0,99,0,0,85
2026-05-25 12:59:32.840192,26.0,49.0,100,0,0,85
2026-05-25 12:59:33.898021,26.0,49.0,99,0,0,85
2026-05-25 12:59:34.958672,26.0,49.0,98,0,0,85
2026-05-25 12:59:35.976433,26.0,49.0,99,0,0,85
2026-05-25 12:59:36.964899,26.0,49.0,100,0,0,85
2026-05-25 12:59:38.057836,26.0,49.0,99,0,0,85
2026-05-25 12:59:39.057571,26.0,49.0,100,0,0,85
2026-05-25 12:59:40.114324,26.0,49.0,99,0,0,85
2026-05-25 12:59:41.120906,26.0,49.0,100,0,0,85
2026-05-25 12:59:42.167800,26.0,49.0,99,0,0,85
2026-05-25 12:59:43.169102,26.0,49.0,100,0,0,85
2026-05-25 12:59:44.224482,26.0,49.0,99,0,0,85
2026-05-25 12:59:45.272143,26.0,49.0,99,0,0,85
2026-05-25 12:59:46.288780,26.0,49.0,99,0,0,85
2026-05-25 12:59:47.279996,26.0,49.0,100,0,0,85
2026-05-25 12:59:48.369987,26.0,49.0,100,0,0,85
2026-05-25 12:59:49.370051,26.0,49.0,99,0,0,85
2026-05-25 12:59:50.424938,26.0,49.0,100,0,0,85
2026-05-25 12:59:51.437463,26.0,50.0,100,0,0,85
2026-05-25 12:59:52.483704,26.0,50.0,97,0,0,85
2026-05-25 12:59:53.485009,26.0,49.0,100,0,0,85
2026-05-25 12:59:54.547485,26.0,50.0,98,0,0,85
2026-05-25 12:59:55.620846,26.0,50.0,99,0,0,85
2026-05-25 12:59:56.629462,26.0,50.0,100,0,0,85
2026-05-25 12:59:57.621738,26.0,50.0,100,0,0,85
2026-05-25 12:59:58.720548,26.0,50.0,99,0,0,85
2026-05-25 12:59:59.716681,26.0,50.0,98,0,0,85
2026-05-25 13:00:00.781131,26.0,50.0,99,0,0,85
2026-05-25 13:00:01.790852,26.0,50.0,100,0,0,85
2026-05-25 13:00:02.845761,26.0,50.0,97,0,0,85
2026-05-25 13:00:03.845546,26.0,50.0,99,0,0,85
2026-05-25 13:00:04.902486,26.0,50.0,100,0,0,85
2026-05-25 13:00:05.950140,26.0,50.0,100,0,0,85
2026-05-25 13:00:06.964165,26.0,50.0,97,0,0,85
2026-05-25 13:00:07.956534,26.0,50.0,99,0,0,85
2026-05-25 13:00:09.048977,26.0,50.0,99,0,0,85
2026-05-25 13:00:10.050041,26.0,50.0,99,0,0,85
2026-05-25 13:00:11.108558,26.0,50.0,99,0,0,85
2026-05-25 13:00:12.114066,26.0,50.0,99,0,0,85
2026-05-25 13:00:13.169732,26.0,50.0,98,0,0,85
2026-05-25 13:00:14.169972,26.0,50.0,99,0,0,85
2026-05-25 13:00:15.226638,26.0,50.0,100,0,0,85
2026-05-25 13:00:16.281417,26.0,50.0,99,0,0,85
2026-05-25 13:00:17.297789,26.0,50.0,99,0,0,85
2026-05-25 13:00:18.287588,26.0,50.0,96,0,0,85
2026-05-25 13:00:19.373238,26.0,50.0,99,0,0,85
2026-05-25 13:00:20.372198,26.0,50.0,99,0,0,85
2026-05-25 13:00:21.431525,26.0,50.0,100,0,0,85
2026-05-25 13:00:22.437404,26.0,50.0,98,0,0,85
2026-05-25 13:00:23.489058,26.0,52.0,100,0,0,85
2026-05-25 13:00:24.489092,26.0,50.0,99,0,250,85
2026-05-25 13:00:25.546166,26.0,50.0,99,0,0,85
2026-05-25 13:00:26.618146,26.0,52.0,99,0,0,85
2026-05-25 13:00:27.611469,26.0,52.0,100,0,250,85
2026-05-25 13:00:28.609608,26.0,52.0,99,0,100,85
2026-05-25 13:00:29.697289,26.0,52.0,98,0,100,85
2026-05-25 13:00:30.696359,26.0,52.0,99,0,100,85
2026-05-25 13:00:31.758201,26.0,52.0,100,0,100,85
2026-05-25 13:00:32.760075,26.0,52.0,99,0,100,85
2026-05-25 13:00:33.826539,26.0,52.0,99,0,100,85
2026-05-25 13:00:34.825279,26.0,52.0,99,0,100,85
2026-05-25 13:00:35.905534,26.0,52.0,100,0,100,85
2026-05-25 13:00:36.954386,26.0,52.0,96,0,100,85
2026-05-25 13:00:37.961508,26.0,52.0,100,0,100,85
2026-05-25 13:00:38.964579,26.0,52.0,99,0,100,85
2026-05-25 13:00:40.021414,26.0,52.0,100,0,100,85
2026-05-25 13:00:41.116310,26.0,52.0,99,0,100,85
2026-05-25 13:00:42.114166,26.0,52.0,100,0,100,85
2026-05-25 13:00:43.114495,26.0,52.0,99,0,100,85
2026-05-25 13:00:44.168071,26.0,52.0,100,0,100,85
2026-05-25 13:00:45.179719,26.0,52.0,99,0,100,85
2026-05-25 13:00:46.228406,26.0,52.0,100,0,100,85
2026-05-25 13:00:47.282673,26.0,52.0,100,0,100,85
2026-05-25 13:00:48.289222,26.0,52.0,100,0,100,85
2026-05-25 13:00:49.291866,26.0,52.0,99,0,100,85
2026-05-25 13:00:50.353966,26.0,52.0,98,0,100,85
2026-05-25 13:00:51.350292,26.0,52.0,99,0,100,85
2026-05-25 13:00:52.433438,26.0,52.0,99,0,100,85
2026-05-25 13:00:53.434685,26.0,52.0,99,0,100,85
2026-05-25 13:00:54.492543,26.0,52.0,100,0,100,85
2026-05-25 13:00:55.492287,26.0,52.0,100,0,100,85
2026-05-25 13:00:56.557530,26.0,52.0,100,0,100,85
2026-05-25 13:00:57.552592,26.0,52.0,99,0,100,85
2026-05-25 13:00:58.638926,26.0,52.0,97,0,100,85
2026-05-25 13:00:59.639033,26.0,52.0,99,0,100,85
2026-05-25 13:01:00.695699,26.0,52.0,100,0,100,85
2026-05-25 13:01:01.703386,26.0,52.0,98,0,100,85
2026-05-25 13:01:02.754547,26.0,52.0,100,0,100,85
2026-05-25 13:01:03.754288,26.0,52.0,99,0,100,85
2026-05-25 13:01:04.810850,26.0,52.0,100,0,100,85
2026-05-25 13:01:05.811348,26.0,52.0,99,0,100,85
2026-05-25 13:01:06.873875,26.0,52.0,100,0,100,85
2026-05-25 13:01:07.946523,26.0,52.0,99,0,100,85
2026-05-25 13:01:08.954067,26.0,52.0,99,0,100,85
2026-05-25 13:01:09.953966,26.0,53.0,99,0,100,85
2026-05-25 13:01:11.008376,26.0,53.0,99,0,100,85
2026-05-25 13:01:12.018843,26.0,53.0,99,0,100,85
2026-05-25 13:01:13.069755,26.0,53.0,97,0,100,85
2026-05-25 13:01:14.070130,26.0,53.0,99,0,100,85
2026-05-25 13:01:15.129625,26.0,53.0,99,0,100,85
2026-05-25 13:01:16.129905,26.0,53.0,99,0,100,85
2026-05-25 13:01:17.192323,26.0,53.0,100,0,100,85
2026-05-25 13:01:18.267844,26.0,53.0,96,0,100,85
2026-05-25 13:01:19.272670,26.0,53.0,99,0,100,85
2026-05-25 13:01:20.270524,26.0,53.0,99,0,100,85
2026-05-25 13:01:21.335583,26.0,53.0,99,0,100,85
2026-05-25 13:01:22.334660,26.0,53.0,96,0,100,85
2026-05-25 13:01:23.405710,26.0,53.0,98,0,100,85
2026-05-25 13:01:24.394896,26.0,53.0,98,0,100,85
2026-05-25 13:01:25.486539,26.0,53.0,100,0,100,85
2026-05-25 13:01:26.487452,26.0,53.0,98,0,100,85
2026-05-25 13:01:27.546910,26.0,53.0,100,0,100,85
2026-05-25 13:01:28.602856,26.0,53.0,99,0,100,85
2026-05-25 13:01:29.604238,26.0,53.0,100,0,100,85
2026-05-25 13:01:30.604552,26.0,53.0,99,0,100,85
2026-05-25 13:01:31.665340,26.0,53.0,100,0,100,85
2026-05-25 13:01:32.665629,26.0,53.0,99,0,100,85
2026-05-25 13:01:33.734007,26.0,53.0,100,0,100,85
2026-05-25 13:01:34.733862,26.0,53.0,99,0,100,85
2026-05-25 13:01:35.810243,26.0,53.0,100,0,100,85
2026-05-25 13:01:36.809827,26.0,53.0,96,0,100,85
2026-05-25 13:01:37.865899,26.0,53.0,99,0,100,85
2026-05-25 13:01:38.916316,26.0,53.0,99,0,100,85
2026-05-25 13:01:39.934532,26.0,53.0,99,0,100,85
2026-05-25 13:01:40.923635,26.0,53.0,98,0,100,85
2026-05-25 13:01:42.018112,26.0,53.0,100,0,100,85
2026-05-25 13:01:43.016871,26.0,53.0,97,0,100,85
2026-05-25 13:01:44.048559,26.0,53.0,99,0,100,85
2026-05-25 13:01:45.055521,26.0,53.0,99,0,100,85
2026-05-25 13:01:46.113086,26.0,53.0,100,0,100,85
2026-05-25 13:01:47.105805,26.0,53.0,99,0,100,85
2026-05-25 13:01:48.200901,26.0,53.0,100,0,100,85
2026-05-25 13:01:49.249471,26.0,53.0,99,0,100,85
2026-05-25 13:01:50.254071,26.0,53.0,100,0,100,85
2026-05-25 13:01:51.262697,26.0,53.0,98,0,100,85
2026-05-25 13:01:52.314697,26.0,53.0,99,0,100,85
2026-05-25 13:01:53.315390,26.0,53.0,99,0,100,85
2026-05-25 13:01:54.370312,26.0,53.0,100,0,100,85
2026-05-25 13:01:55.370796,26.0,53.0,99,0,100,85
2026-05-25 13:01:56.433559,26.0,53.0,100,0,100,85
2026-05-25 13:01:57.426863,26.0,53.0,100,0,100,85
2026-05-25 13:01:58.511754,26.0,53.0,100,0,100,85
2026-05-25 13:01:59.562066,26.0,53.0,98,0,100,85
2026-05-25 13:02:00.515594,26.0,53.0,100,0,100,85
2026-05-25 13:02:01.515940,26.0,53.0,99,0,100,85
2026-05-25 13:02:02.572296,26.0,53.0,100,0,100,85
2026-05-25 13:02:03.571945,26.0,53.0,98,0,100,85
2026-05-25 13:02:04.637972,26.0,53.0,99,0,100,85
2026-05-25 13:02:05.638779,26.0,53.0,99,0,100,85
2026-05-25 13:02:06.710024,26.0,53.0,100,0,100,85
2026-05-25 13:02:07.697829,26.0,53.0,99,0,100,85
2026-05-25 13:02:08.791707,26.0,53.0,100,0,100,85
2026-05-25 13:02:09.839668,26.0,53.0,99,0,100,85
2026-05-25 13:02:10.846637,26.0,53.0,99,0,100,85
2026-05-25 13:02:11.856431,26.0,53.0,99,0,100,85
2026-05-25 13:02:12.898006,26.0,53.0,99,0,100,85
2026-05-25 13:02:13.898670,26.0,53.0,99,0,100,85
2026-05-25 13:02:14.956577,26.0,53.0,99,0,100,85
2026-05-25 13:02:15.953356,26.0,52.0,99,0,100,85
2026-05-25 13:02:17.020264,26.0,52.0,100,0,100,85
2026-05-25 13:02:18.011863,26.0,52.0,99,0,100,85
2026-05-25 13:02:19.108215,26.0,52.0,100,0,100,85
2026-05-25 13:02:20.164654,26.0,52.0,99,0,100,85
2026-05-25 13:02:21.170804,26.0,52.0,100,0,100,85
2026-05-25 13:02:22.182446,26.0,52.0,99,0,100,85
2026-05-25 13:02:23.230963,26.0,52.0,100,0,100,85
2026-05-25 13:02:24.232118,26.0,52.0,100,0,100,85
2026-05-25 13:02:25.292624,26.0,52.0,98,0,100,85
2026-05-25 13:02:26.292332,26.0,52.0,100,0,100,85
2026-05-25 13:02:27.355429,26.0,52.0,100,0,100,85
2026-05-25 13:02:28.350201,26.0,52.0,99,0,100,85
2026-05-25 13:02:29.439168,26.0,52.0,97,0,100,85
2026-05-25 13:02:30.490721,26.0,52.0,99,0,100,85
2026-05-25 13:02:31.498356,26.0,52.0,100,0,100,85
2026-05-25 13:02:32.506692,26.0,52.0,97,0,100,85
2026-05-25 13:02:33.553559,26.0,52.0,100,0,100,85
2026-05-25 13:02:34.553247,26.0,52.0,98,0,100,85
2026-05-25 13:02:35.605883,26.0,52.0,99,0,100,85
2026-05-25 13:02:36.605384,26.0,52.0,99,0,100,85
2026-05-25 13:02:37.674642,26.0,52.0,100,0,100,85
2026-05-25 13:02:38.661348,26.0,52.0,99,0,100,85
2026-05-25 13:02:39.759240,26.0,52.0,99,0,100,85
2026-05-25 13:02:40.809569,26.0,52.0,96,0,100,85
2026-05-25 13:02:41.815968,26.0,52.0,99,0,100,85
2026-05-25 13:02:42.827322,26.0,52.0,99,0,100,85
2026-05-25 13:02:43.872886,26.0,52.0,100,0,100,85
2026-05-25 13:02:44.871946,26.0,52.0,99,0,100,85
2026-05-25 13:02:45.931616,26.0,52.0,100,0,100,85
2026-05-25 13:02:46.936674,26.0,50.0,99,0,100,85
2026-05-25 13:02:47.998579,26.0,50.0,100,0,0,85
2026-05-25 13:02:48.988439,26.0,50.0,99,0,0,85
2026-05-25 13:02:50.072559,26.0,50.0,100,0,0,85
2026-05-25 13:02:51.125848,26.0,50.0,100,0,0,85
2026-05-25 13:02:52.131786,26.0,50.0,99,0,0,85
2026-05-25 13:02:53.140778,26.0,50.0,100,0,0,85
2026-05-25 13:02:54.189916,26.0,50.0,99,0,0,85
2026-05-25 13:02:55.188085,26.0,50.0,99,0,0,85
2026-05-25 13:02:56.257469,26.0,50.0,99,0,0,85
2026-05-25 13:02:57.256999,26.0,50.0,100,0,0,85
2026-05-25 13:02:58.321262,26.0,50.0,99,0,0,85
2026-05-25 13:02:59.312241,26.0,50.0,100,0,0,85
2026-05-25 13:03:00.397726,26.0,50.0,99,0,0,85
2026-05-25 13:03:01.454114,26.0,50.0,99,0,0,85
2026-05-25 13:03:02.461266,26.0,50.0,99,0,0,85
2026-05-25 13:03:03.468617,26.0,50.0,100,0,0,85
2026-05-25 13:03:04.513856,26.0,50.0,99,0,0,85
2026-05-25 13:03:05.515591,26.0,50.0,98,0,0,85
2026-05-25 13:03:06.571298,26.0,50.0,97,0,0,85
2026-05-25 13:03:07.571600,26.0,50.0,100,0,0,85
2026-05-25 13:03:08.635681,26.0,50.0,99,0,0,85
2026-05-25 13:03:09.623534,26.0,49.0,100,0,0,85
2026-05-25 13:03:10.716565,26.0,50.0,100,0,0,85
2026-05-25 13:03:11.764311,26.0,49.0,99,0,0,85
2026-05-25 13:03:12.770495,26.0,49.0,99,0,0,85
2026-05-25 13:03:13.781692,26.0,49.0,100,0,0,85
2026-05-25 13:03:14.827138,26.0,49.0,99,0,0,85
2026-05-25 13:03:15.825863,26.0,49.0,98,0,0,85
2026-05-25 13:03:16.885511,26.0,49.0,97,0,0,85
2026-05-25 13:03:17.886389,26.0,49.0,99,0,0,85
2026-05-25 13:03:18.950964,26.0,49.0,99,0,0,85
2026-05-25 13:03:19.939930,26.0,49.0,99,0,0,85
2026-05-25 13:03:21.030229,26.0,49.0,99,0,0,85
2026-05-25 13:03:22.081308,26.0,49.0,99,0,0,85
2026-05-25 13:03:23.087617,26.0,49.0,99,0,0,85
2026-05-25 13:03:24.101974,26.0,49.0,100,0,0,85
2026-05-25 13:03:25.145925,26.0,49.0,99,0,0,85
2026-05-25 13:03:26.145515,26.0,49.0,99,0,0,85
2026-05-25 13:03:27.201600,26.0,49.0,99,0,0,85
2026-05-25 13:03:28.201697,26.0,49.0,99,0,0,85
2026-05-25 13:03:29.268080,26.0,49.0,96,0,0,85
2026-05-25 13:03:30.257218,26.0,49.0,99,0,0,85
2026-05-25 13:03:31.349907,26.0,47.0,99,0,0,85
2026-05-25 13:03:32.398364,26.0,47.0,99,0,0,85
2026-05-25 13:03:33.404535,26.0,47.0,99,0,0,85
2026-05-25 13:03:34.413231,26.0,47.0,100,0,0,85
2026-05-25 13:03:35.464180,26.0,47.0,99,0,0,85
2026-05-25 13:03:36.465314,26.0,47.0,99,0,0,85
2026-05-25 13:03:37.523405,26.0,47.0,99,0,0,85
2026-05-25 13:03:38.522292,26.0,47.0,100,0,0,85
2026-05-25 13:03:39.590971,26.0,47.0,99,0,0,85
2026-05-25 13:03:40.582370,26.0,47.0,98,0,0,85
2026-05-25 13:03:41.673594,26.0,47.0,97,0,0,85
2026-05-25 13:03:42.724251,26.0,47.0,97,0,0,85
2026-05-25 13:03:43.729737,26.0,47.0,99,0,0,85
2026-05-25 13:03:44.738075,26.0,47.0,100,0,0,85
2026-05-25 13:03:45.767547,26.0,47.0,99,0,0,85
2026-05-25 13:03:46.770181,26.0,47.0,100,0,0,85
2026-05-25 13:03:47.852329,26.0,47.0,99,0,0,85
2026-05-25 13:03:48.851218,26.0,47.0,100,0,0,85
2026-05-25 13:03:49.910868,26.0,47.0,99,0,0,85
2026-05-25 13:03:50.912264,26.0,47.0,100,0,0,85
2026-05-25 13:03:51.977146,26.0,47.0,98,0,0,85
2026-05-25 13:03:53.087356,26.0,47.0,100,0,0,85
2026-05-25 13:03:54.055518,26.0,47.0,98,0,0,85
2026-05-25 13:03:55.057007,26.0,47.0,100,0,0,85
2026-05-25 13:03:56.109811,26.0,47.0,99,0,0,85
2026-05-25 13:03:57.110132,26.0,47.0,98,0,0,85
2026-05-25 13:03:58.185283,26.0,47.0,97,0,0,85
2026-05-25 13:03:59.171534,26.0,47.0,100,0,0,85
2026-05-25 13:04:00.267271,26.0,47.0,100,0,0,85
2026-05-25 13:04:01.266642,26.0,47.0,98,0,0,85
2026-05-25 13:04:02.325570,26.0,47.0,100,0,0,85
2026-05-25 13:04:03.378807,26.0,47.0,99,0,0,85
2026-05-25 13:04:04.382072,26.0,47.0,100,0,0,85
2026-05-25 13:04:05.381784,26.0,47.0,98,0,0,85
2026-05-25 13:04:06.438881,26.0,46.0,100,0,0,85
2026-05-25 13:04:07.439026,26.0,46.0,98,0,0,85
2026-05-25 13:04:08.503934,26.0,46.0,100,0,0,85
2026-05-25 13:04:09.503652,26.0,46.0,99,0,0,85
2026-05-25 13:04:10.587785,26.0,47.0,99,0,0,85
2026-05-25 13:04:11.587052,26.0,46.0,99,0,0,85
2026-05-25 13:04:12.650529,26.0,46.0,98,0,0,85
2026-05-25 13:04:13.701253,26.0,46.0,99,0,0,85
2026-05-25 13:04:14.714334,26.0,46.0,100,0,0,85
2026-05-25 13:04:15.707336,26.0,46.0,99,0,0,85
2026-05-25 13:04:16.799359,26.0,46.0,100,0,0,85
2026-05-25 13:04:17.798302,26.0,46.0,99,0,0,85
2026-05-25 13:04:18.860616,26.0,46.0,100,0,0,85
2026-05-25 13:04:19.867963,26.0,46.0,98,0,0,85
2026-05-25 13:04:20.918506,26.0,46.0,99,0,0,85
2026-05-25 13:04:21.918408,26.0,46.0,99,0,0,85
2026-05-25 13:04:22.972879,26.0,46.0,100,0,0,85
2026-05-25 13:04:24.083175,26.0,46.0,99,0,0,85
2026-05-25 13:04:25.040234,26.0,46.0,100,0,0,85
2026-05-25 13:04:26.029143,26.0,46.0,99,0,0,85
2026-05-25 13:04:27.119107,26.0,46.0,99,0,0,85
2026-05-25 13:04:28.120172,26.0,46.0,98,0,0,85
2026-05-25 13:04:29.185836,26.0,46.0,99,0,0,85
2026-05-25 13:04:30.193320,26.0,46.0,99,0,0,85
2026-05-25 13:04:31.243037,26.0,46.0,99,0,0,85
2026-05-25 13:04:32.243564,26.0,46.0,99,0,0,85
2026-05-25 13:04:33.304573,26.0,46.0,100,0,0,85
2026-05-25 13:04:34.357676,26.0,46.0,100,0,0,85
2026-05-25 13:04:35.372821,26.0,45.0,99,0,0,85
2026-05-25 13:04:36.363490,26.0,45.0,99,0,0,85
2026-05-25 13:04:37.453377,26.0,45.0,99,0,0,85
2026-05-25 13:04:38.452856,26.0,45.0,99,0,0,85
2026-05-25 13:04:39.505108,26.0,45.0,100,0,0,85
2026-05-25 13:04:40.506518,26.0,45.0,99,0,0,85
2026-05-25 13:04:41.560679,26.0,46.0,100,0,0,85
2026-05-25 13:04:42.561334,26.0,46.0,99,0,0,85
2026-05-25 13:04:43.621615,26.0,46.0,100,0,0,85
2026-05-25 13:04:44.673505,26.0,46.0,99,0,0,85
2026-05-25 13:04:45.687013,26.0,46.0,96,0,0,85
2026-05-25 13:04:46.678010,26.0,46.0,98,0,0,85
2026-05-25 13:04:47.769210,26.0,46.0,99,0,0,85
2026-05-25 13:04:48.769901,26.0,46.0,99,0,0,85
2026-05-25 13:04:49.826206,26.0,46.0,99,0,0,85
2026-05-25 13:04:50.832398,26.0,46.0,99,0,0,85
2026-05-25 13:04:51.880180,26.0,46.0,100,0,0,85
2026-05-25 13:04:52.879548,26.0,46.0,99,0,0,85
2026-05-25 13:04:53.936879,26.0,46.0,100,0,0,85
2026-05-25 13:04:55.083871,26.0,46.0,98,0,0,85
2026-05-25 13:04:56.001900,26.0,46.0,99,0,0,85
2026-05-25 13:04:56.992092,26.0,46.0,98,0,0,85
2026-05-25 13:04:58.089591,26.0,46.0,99,0,0,85
2026-05-25 13:04:59.088473,26.0,46.0,99,0,0,85
2026-05-25 13:05:00.139813,26.0,46.0,99,0,0,85
2026-05-25 13:05:01.091937,26.0,46.0,98,0,0,85
2026-05-25 13:05:02.147016,26.0,46.0,99,0,0,85
2026-05-25 13:05:03.148461,26.0,46.0,99,0,0,85
2026-05-25 13:05:04.206827,26.0,46.0,100,0,0,85
2026-05-25 13:05:05.256990,26.0,46.0,99,0,0,85
2026-05-25 13:05:06.273222,26.0,46.0,100,0,0,85
2026-05-25 13:05:07.264495,26.0,46.0,99,0,0,85
2026-05-25 13:05:08.359034,26.0,46.0,98,0,0,85
2026-05-25 13:05:09.358651,26.0,46.0,98,0,0,85
2026-05-25 13:05:10.413539,26.0,46.0,100,0,0,85
2026-05-25 13:05:11.423048,26.0,46.0,99,0,0,85
2026-05-25 13:05:12.472318,26.0,46.0,100,0,0,85
2026-05-25 13:05:13.470211,26.0,46.0,98,0,0,85
2026-05-25 13:05:14.529117,26.0,46.0,100,0,0,85
2026-05-25 13:05:15.582466,26.0,46.0,98,0,0,85
2026-05-25 13:05:16.594876,26.0,46.0,100,0,0,85
2026-05-25 13:05:17.587415,26.0,46.0,99,0,0,85
2026-05-25 13:05:18.674078,26.0,46.0,98,0,0,85
2026-05-25 13:05:19.673983,26.0,46.0,98,0,0,85
2026-05-25 13:05:20.725990,26.0,46.0,99,0,0,85
2026-05-25 13:05:21.734505,26.0,46.0,99,0,0,85
2026-05-25 13:05:22.780886,26.0,46.0,99,0,0,85
2026-05-25 13:05:23.780249,26.0,46.0,97,0,0,85
2026-05-25 13:05:24.836593,26.0,47.0,100,0,0,85
2026-05-25 13:05:25.883883,26.0,47.0,99,0,0,85
2026-05-25 13:05:26.897942,26.0,46.0,100,0,0,85
2026-05-25 13:05:27.902444,26.0,47.0,99,0,0,85
2026-05-25 13:05:28.937560,26.0,47.0,100,0,0,85
2026-05-25 13:05:29.936329,26.0,47.0,99,0,0,85
2026-05-25 13:05:30.989336,26.0,47.0,100,0,0,85
2026-05-25 13:05:31.988955,26.0,47.0,100,0,0,85
2026-05-25 13:05:33.056676,26.0,47.0,100,0,0,85
2026-05-25 13:05:34.050029,26.0,47.0,96,0,0,85
2026-05-25 13:05:35.050371,26.0,47.0,97,0,0,85
2026-05-25 13:05:36.102477,26.0,47.0,99,0,0,85
2026-05-25 13:05:37.053187,26.0,47.0,100,0,0,85
2026-05-25 13:05:38.053118,26.0,47.0,99,0,0,85
2026-05-25 13:05:39.062005,26.0,47.0,99,0,0,85
2026-05-25 13:05:40.112658,26.0,47.0,100,0,0,85
2026-05-25 13:05:41.112704,26.0,47.0,97,0,0,85
2026-05-25 13:05:42.168580,26.0,47.0,100,0,0,85
2026-05-25 13:05:43.168187,26.0,47.0,99,0,0,85
2026-05-25 13:05:44.235358,26.0,47.0,100,0,0,85
2026-05-25 13:05:45.224423,26.0,47.0,97,0,0,85
2026-05-25 13:05:46.286706,26.0,47.0,100,0,0,85
2026-05-25 13:05:47.286978,26.0,47.0,99,0,0,85
2026-05-25 13:05:48.347865,26.0,47.0,99,0,0,85
2026-05-25 13:05:49.352553,26.0,47.0,99,0,0,85
2026-05-25 13:05:50.406384,26.0,47.0,100,0,0,85
2026-05-25 13:05:51.404775,26.0,47.0,97,0,0,85
2026-05-25 13:05:52.465636,26.0,47.0,100,0,0,85
2026-05-25 13:05:53.514778,26.0,47.0,98,0,0,85
2026-05-25 13:05:54.531052,26.0,47.0,100,0,0,85
2026-05-25 13:05:55.520889,26.0,47.0,99,0,0,85
2026-05-25 13:05:56.614740,26.0,47.0,100,0,0,85
2026-05-25 13:05:57.667107,26.0,47.0,100,0,0,85
2026-05-25 13:05:58.676684,26.0,47.0,99,0,0,85
2026-05-25 13:05:59.682601,26.0,47.0,100,0,0,85
2026-05-25 13:06:00.737408,26.0,47.0,99,0,0,85
2026-05-25 13:06:01.738635,26.0,47.0,98,0,0,85
2026-05-25 13:06:02.739496,26.0,47.0,100,0,0,85
2026-05-25 13:06:03.793986,26.0,47.0,99,0,0,85
2026-05-25 13:06:04.809611,26.0,47.0,99,0,0,85
2026-05-25 13:06:05.800800,26.0,47.0,99,0,0,85
2026-05-25 13:06:06.903468,26.0,47.0,99,0,0,85
2026-05-25 13:06:07.902973,26.0,47.0,100,0,0,85
2026-05-25 13:06:08.956804,26.0,47.0,100,0,0,85
2026-05-25 13:06:09.964965,26.0,49.0,96,0,0,85
2026-05-25 13:06:11.022667,26.0,47.0,100,0,0,85
2026-05-25 13:06:12.015347,26.0,49.0,99,0,0,85
2026-05-25 13:06:13.108531,26.0,49.0,99,0,0,85
2026-05-25 13:06:14.155435,26.0,49.0,98,0,0,85
2026-05-25 13:06:15.167848,26.0,49.0,98,0,0,85
2026-05-25 13:06:16.172360,26.0,49.0,100,0,0,85
2026-05-25 13:06:17.238405,26.0,49.0,100,0,0,85
2026-05-25 13:06:18.228576,26.0,49.0,99,0,0,85
2026-05-25 13:06:19.324888,26.0,49.0,100,0,0,85
2026-05-25 13:06:20.324880,26.0,49.0,100,0,0,85
2026-05-25 13:06:21.379020,26.0,49.0,100,0,0,85
2026-05-25 13:06:22.389097,26.0,49.0,98,0,0,85
2026-05-25 13:06:23.446649,26.0,49.0,99,0,0,85
2026-05-25 13:06:24.519490,26.0,49.0,99,0,0,85
2026-05-25 13:06:25.532752,26.0,49.0,100,0,0,85
2026-05-25 13:06:26.528765,26.0,47.0,98,0,0,85
