TIME,TEMP,HUM,SOIL,PUMP,FAN,LED
2026-05-25 14:12:59.479584,26.0,56.0,100,0,0,0
2026-05-25 14:13:00.627409,26.0,56.0,100,0,0,0
2026-05-25 14:13:01.496508,26.0,56.0,100,0,0,0
2026-05-25 14:13:02.511318,26.0,56.0,100,0,0,0
2026-05-25 14:13:03.524201,26.0,56.0,100,0,250,0
2026-05-25 14:13:04.520020,26.0,56.0,100,0,189,0
2026-05-25 14:13:05.620530,26.0,56.0,100,0,200,0
2026-05-25 14:13:06.690667,26.0,56.0,100,0,211,0
2026-05-25 14:13:07.752066,26.0,56.0,100,0,222,0
2026-05-25 14:13:08.834284,26.0,56.0,100,0,232,0
2026-05-25 14:13:09.916403,26.0,56.0,100,0,243,0
2026-05-25 14:13:10.970897,26.0,56.0,100,0,254,0
2026-05-25 14:13:12.030951,26.0,56.0,100,0,265,0
2026-05-25 14:13:13.088290,26.0,54.0,100,0,276,0
2026-05-25 14:13:14.157960,26.0,53.0,100,0,227,0
2026-05-25 14:13:15.247054,26.0,50.0,100,0,204,0
2026-05-25 14:13:16.306995,26.0,49.0,99,0,0,0
2026-05-25 14:13:17.371059,26.0,47.0,100,0,0,0
2026-05-25 14:13:18.432339,26.0,47.0,100,0,0,0
2026-05-25 14:13:19.500750,26.0,46.0,100,0,0,0
2026-05-25 14:13:20.575818,26.0,46.0,100,0,0,0
2026-05-25 14:13:21.638509,26.0,45.0,100,0,0,0
2026-05-25 14:13:22.696857,26.0,45.0,100,0,0,0
2026-05-25 14:13:23.760714,26.0,45.0,100,0,0,0
2026-05-25 14:13:24.835145,26.0,45.0,100,0,0,0
2026-05-25 14:13:25.912604,26.0,43.0,100,0,0,0
2026-05-25 14:13:26.973643,26.0,43.0,100,0,0,0
2026-05-25 14:13:28.031370,26.0,43.0,100,0,0,0
2026-05-25 14:13:29.093039,26.0,43.0,100,0,0,0
2026-05-25 14:13:30.159864,26.0,43.0,100,0,0,0
2026-05-25 14:13:31.249708,26.0,43.0,100,0,0,0
2026-05-25 14:13:32.326965,26.0,43.0,100,0,0,0
2026-05-25 14:13:33.420706,26.0,43.0,100,0,0,0
2026-05-25 14:13:34.484790,26.0,43.0,100,0,0,0
2026-05-25 14:13:35.493823,26.0,43.0,100,0,0,0
2026-05-25 14:13:36.487390,26.0,43.0,100,0,0,0
2026-05-25 14:13:37.496615,26.0,43.0,100,0,0,0
2026-05-25 14:13:38.601956,26.0,43.0,100,0,0,0
2026-05-25 14:13:39.601448,26.0,43.0,100,0,0,0
2026-05-25 14:13:40.681711,26.0,45.0,100,0,0,0
2026-05-25 14:13:41.677904,26.0,45.0,99,0,0,0
2026-05-25 14:13:42.676684,26.0,45.0,100,0,0,0
2026-05-25 14:13:43.675518,26.0,45.0,100,0,0,0
2026-05-25 14:13:44.732799,26.0,45.0,100,0,0,0
2026-05-25 14:13:45.737497,26.0,45.0,100,0,0,0
2026-05-25 14:13:46.794591,26.0,45.0,100,0,0,0
2026-05-25 14:13:47.789767,26.0,45.0,99,0,0,0
2026-05-25 14:13:48.819445,26.0,45.0,100,0,0,0
2026-05-25 14:13:49.820163,26.0,46.0,100,0,0,0
2026-05-25 14:13:50.886472,26.0,46.0,100,0,0,0
2026-05-25 14:13:51.875459,26.0,46.0,100,0,0,0
2026-05-25 14:13:52.974069,26.0,46.0,100,0,0,0
2026-05-25 14:13:53.973713,26.0,46.0,100,0,0,0
2026-05-25 14:13:55.033160,26.0,46.0,100,0,0,0
2026-05-25 14:13:56.045379,26.0,46.0,100,0,0,0
2026-05-25 14:13:57.096758,26.0,47.0,100,0,0,0
2026-05-25 14:13:58.093263,26.0,47.0,100,0,0,0
2026-05-25 14:13:59.157994,26.0,47.0,100,0,0,0
2026-05-25 14:14:00.160703,26.0,47.0,100,0,0,0
2026-05-25 14:14:01.230159,26.0,47.0,100,0,0,0
2026-05-25 14:14:02.218727,26.0,47.0,100,0,0,0
2026-05-25 14:14:03.310291,26.0,47.0,100,0,0,0
2026-05-25 14:14:04.314334,26.0,47.0,100,0,0,0
2026-05-25 14:14:05.365454,26.0,47.0,100,0,0,0
2026-05-25 14:14:06.374621,26.0,47.0,100,0,0,0
2026-05-25 14:14:07.423273,26.0,49.0,100,0,0,0
2026-05-25 14:14:08.464912,26.0,49.0,100,0,0,0
2026-05-25 14:14:09.481873,26.0,49.0,100,0,0,0
2026-05-25 14:14:10.478605,26.0,49.0,100,0,0,0
2026-05-25 14:14:11.555532,26.0,49.0,100,0,0,0
2026-05-25 14:14:12.545123,26.0,49.0,100,0,0,0
2026-05-25 14:14:13.640870,26.0,49.0,100,0,0,0
2026-05-25 14:14:14.647057,26.0,49.0,100,0,0,0
2026-05-25 14:14:15.716143,26.0,49.0,100,0,0,0
2026-05-25 14:14:16.726089,26.0,49.0,100,0,0,0
2026-05-25 14:14:17.785604,26.0,49.0,100,0,0,0
2026-05-25 14:14:18.777028,26.0,49.0,100,0,0,0
2026-05-25 14:14:19.883351,26.0,50.0,100,0,0,0
2026-05-25 14:14:20.876575,26.0,50.0,100,0,0,0
2026-05-25 14:14:21.964244,26.0,50.0,100,0,0,0
2026-05-25 14:14:22.968650,26.0,50.0,100,0,0,0
2026-05-25 14:14:24.024182,26.0,50.0,100,0,0,0
2026-05-25 14:14:25.025865,26.0,50.0,100,0,0,0
2026-05-25 14:14:26.081221,26.0,50.0,100,0,0,0
2026-05-25 14:14:27.085509,26.0,50.0,100,0,0,0
2026-05-25 14:14:28.149432,26.0,50.0,100,0,0,0
2026-05-25 14:14:29.139153,26.0,50.0,100,0,0,0
2026-05-25 14:14:30.227401,26.0,50.0,100,0,0,0
2026-05-25 14:14:31.226094,26.0,50.0,100,0,0,0
2026-05-25 14:14:32.282829,26.0,50.0,100,0,0,0
2026-05-25 14:14:33.286639,26.0,50.0,100,0,0,0
2026-05-25 14:14:34.336679,26.0,50.0,100,0,0,0
2026-05-25 14:14:35.336646,26.0,52.0,100,0,0,0
2026-05-25 14:14:36.392593,26.0,52.0,100,0,250,0
2026-05-25 14:14:37.396261,26.0,52.0,100,0,100,0
2026-05-25 14:14:38.465757,26.0,52.0,100,0,100,0
2026-05-25 14:14:39.449164,26.0,52.0,100,0,100,0
2026-05-25 14:14:40.552659,26.0,52.0,100,0,100,0
2026-05-25 14:14:41.555944,26.0,52.0,100,0,100,0
2026-05-25 14:14:42.613353,26.0,52.0,100,0,100,0
2026-05-25 14:14:43.621276,26.0,52.0,100,0,100,0
2026-05-25 14:14:44.686766,26.0,52.0,100,0,100,0
2026-05-25 14:14:45.681838,26.0,52.0,100,0,100,0
2026-05-25 14:14:46.789743,26.0,52.0,100,0,100,0
2026-05-25 14:14:47.794599,26.0,52.0,100,0,100,0
2026-05-25 14:14:48.801068,26.0,52.0,100,0,100,0
2026-05-25 14:14:49.790895,26.0,52.0,100,0,100,0
2026-05-25 14:14:50.886433,26.0,53.0,100,0,100,0
2026-05-25 14:14:51.889428,26.0,53.0,100,0,100,0
2026-05-25 14:14:52.946713,26.0,53.0,100,0,100,0
2026-05-25 14:14:53.955552,26.0,53.0,100,0,100,0
2026-05-25 14:14:55.005717,26.0,53.0,100,0,100,0
2026-05-25 14:14:56.006106,26.0,53.0,100,0,100,0
2026-05-25 14:14:57.062498,26.0,53.0,100,0,100,0
2026-05-25 14:14:58.066619,26.0,53.0,100,0,100,0
2026-05-25 14:14:59.142992,26.0,53.0,100,0,100,0
2026-05-25 14:15:00.133999,26.0,53.0,100,0,100,0
2026-05-25 14:15:01.224322,26.0,52.0,100,0,100,0
2026-05-25 14:15:02.224196,26.0,52.0,100,0,100,0
2026-05-25 14:15:03.286452,26.0,52.0,100,0,100,0
2026-05-25 14:15:04.299696,26.0,52.0,100,0,100,0
2026-05-25 14:15:05.340529,26.0,52.0,100,0,100,0
2026-05-25 14:15:06.339481,26.0,52.0,100,0,100,0
2026-05-25 14:15:07.401425,26.0,52.0,100,0,100,0
2026-05-25 14:15:08.404667,26.0,52.0,100,0,100,0
2026-05-25 14:15:09.472347,26.0,50.0,100,0,100,0
2026-05-25 14:15:10.460596,26.0,50.0,100,0,0,0
2026-05-25 14:15:11.550343,26.0,50.0,99,0,0,0
2026-05-25 14:15:12.549617,26.0,50.0,100,0,0,0
2026-05-25 14:15:13.607183,26.0,50.0,100,0,0,0
2026-05-25 14:15:14.617978,26.0,50.0,100,0,0,0
2026-05-25 14:15:15.715813,26.0,50.0,100,0,0,0
2026-05-25 14:15:16.716365,26.0,50.0,100,0,0,0
2026-05-25 14:15:17.772473,26.0,50.0,100,0,0,0
2026-05-25 14:15:18.776233,26.0,50.0,100,0,0,0
2026-05-25 14:15:19.844162,26.0,50.0,100,0,0,0
2026-05-25 14:15:20.838552,26.0,50.0,100,0,0,0
2026-05-25 14:15:21.928700,26.0,50.0,100,0,0,0
2026-05-25 14:15:22.929020,26.0,50.0,100,0,0,0
2026-05-25 14:15:23.987078,26.0,50.0,100,0,0,0
2026-05-25 14:15:24.996955,26.0,50.0,100,0,0,0
2026-05-25 14:15:26.044027,26.0,50.0,100,0,0,0
2026-05-25 14:15:27.045094,26.0,50.0,100,0,0,0
2026-05-25 14:15:28.100521,26.0,50.0,100,0,0,0
2026-05-25 14:15:29.105404,26.0,50.0,100,0,0,0
2026-05-25 14:15:30.171094,26.0,50.0,100,0,0,0
2026-05-25 14:15:31.162686,26.0,50.0,100,0,0,0
2026-05-25 14:15:32.248145,26.0,50.0,100,0,0,0
2026-05-25 14:15:33.247600,26.0,50.0,100,0,0,0
2026-05-25 14:15:34.301903,26.0,50.0,100,0,0,0
2026-05-25 14:15:35.315169,26.0,52.0,100,0,0,0
2026-05-25 14:15:36.359103,26.0,52.0,100,0,250,0
2026-05-25 14:15:37.357224,26.0,52.0,100,0,100,0
2026-05-25 14:15:38.419837,26.0,50.0,100,0,100,0
2026-05-25 14:15:39.420484,26.0,52.0,100,0,0,0
2026-05-25 14:15:40.488061,26.0,52.0,100,0,250,0
2026-05-25 14:15:41.484752,26.0,52.0,100,0,100,0
2026-05-25 14:15:42.568522,26.0,52.0,100,0,100,0
2026-05-25 14:15:44.628138,26.0,52.0,100,0,100,0
2026-05-25 14:15:45.628626,26.0,52.0,100,0,100,0
2026-05-25 14:15:46.710413,26.0,52.0,100,0,100,0
2026-05-25 14:15:47.696206,26.0,52.0,100,0,100,0
2026-05-25 14:15:48.791516,26.0,52.0,100,0,100,0
2026-05-25 14:15:49.794831,26.0,52.0,100,0,100,0
2026-05-25 14:15:50.843306,26.0,52.0,100,0,100,0
2026-05-25 14:15:51.852433,26.0,52.0,100,0,100,0
2026-05-25 14:15:52.902107,26.0,52.0,100,0,100,0
2026-05-25 14:15:53.900857,26.0,52.0,100,0,100,0
2026-05-25 14:15:54.960188,26.0,52.0,100,0,100,0
2026-05-25 14:15:55.961977,26.0,52.0,100,0,100,0
2026-05-25 14:15:57.027435,26.0,52.0,100,0,100,0
2026-05-25 14:15:58.024304,26.0,52.0,100,0,100,0
2026-05-25 14:15:59.102627,26.0,52.0,100,0,100,0
2026-05-25 14:16:00.108607,26.0,52.0,100,0,100,0
2026-05-25 14:16:01.158802,26.0,53.0,100,0,100,0
2026-05-25 14:16:02.157235,26.0,53.0,100,0,100,0
2026-05-25 14:16:03.226741,26.0,53.0,100,0,100,0
2026-05-25 14:16:04.227358,26.0,53.0,100,0,100,0
2026-05-25 14:16:05.303865,26.0,53.0,100,0,100,0
2026-05-25 14:16:06.303943,26.0,53.0,100,0,100,0
2026-05-25 14:16:07.360514,26.0,53.0,100,0,100,0
2026-05-25 14:16:08.372615,26.0,53.0,100,0,100,0
2026-05-25 14:16:09.418896,26.0,53.0,100,0,100,0
2026-05-25 14:16:10.424138,26.0,53.0,100,0,100,0
2026-05-25 14:16:11.476807,26.0,53.0,100,0,100,0
2026-05-25 14:16:12.476270,26.0,53.0,100,0,100,0
2026-05-25 14:16:13.542878,26.0,54.0,100,0,100,0
2026-05-25 14:16:14.541440,26.0,54.0,100,0,119,0
2026-05-25 14:16:15.634353,26.0,54.0,100,0,126,0
2026-05-25 14:16:16.626442,26.0,54.0,100,0,133,0
2026-05-25 14:16:17.716748,26.0,54.0,100,0,140,0
2026-05-25 14:16:18.716455,26.0,54.0,100,0,148,0
2026-05-25 14:16:19.771925,26.0,54.0,100,0,155,0
2026-05-25 14:16:20.784497,26.0,54.0,100,0,162,0
2026-05-25 14:16:21.827621,26.0,54.0,100,0,169,0
2026-05-25 14:16:22.827097,26.0,54.0,100,0,176,0
2026-05-25 14:16:23.885953,26.0,54.0,100,0,184,0
2026-05-25 14:16:24.885799,26.0,54.0,99,0,191,0
2026-05-25 14:16:25.951017,26.0,54.0,100,0,198,0
2026-05-25 14:16:28.036090,26.0,54.0,100,0,205,0
2026-05-25 14:16:29.035857,26.0,54.0,100,0,212,0
2026-05-25 14:16:30.095714,26.0,54.0,100,0,220,0
2026-05-25 14:16:31.104242,26.0,54.0,100,0,227,0
2026-05-25 14:16:32.155886,26.0,54.0,100,0,234,0
2026-05-25 14:16:33.155470,26.0,54.0,100,0,241,0
2026-05-25 14:16:34.217487,26.0,54.0,100,0,248,0
2026-05-25 14:16:35.215915,26.0,54.0,100,0,256,0
2026-05-25 14:16:36.282169,26.0,54.0,100,0,263,0
2026-05-25 14:16:37.280071,26.0,54.0,100,0,270,0
2026-05-25 14:16:38.367598,26.0,54.0,100,0,277,0
2026-05-25 14:16:39.358517,26.0,54.0,100,0,284,0
2026-05-25 14:16:40.451195,26.0,54.0,100,0,292,0
2026-05-25 14:16:41.455947,26.0,54.0,100,0,299,0
2026-05-25 14:16:42.504349,26.0,54.0,100,0,306,0
2026-05-25 14:16:43.512839,26.0,54.0,100,0,313,0
2026-05-25 14:16:44.560715,26.0,54.0,100,0,320,0
2026-05-25 14:16:45.558593,26.0,52.0,100,0,328,0
2026-05-25 14:16:46.639471,26.0,50.0,100,0,275,0
2026-05-25 14:16:47.621464,26.0,49.0,100,0,0,0
2026-05-25 14:16:48.741456,26.0,47.0,100,0,0,0
2026-05-25 14:16:49.728807,26.0,46.0,100,0,0,0
2026-05-25 14:16:50.836756,26.0,46.0,100,0,0,0
2026-05-25 14:16:51.841147,26.0,45.0,100,0,0,0
2026-05-25 14:16:52.909427,26.0,43.0,100,0,0,0
2026-05-25 14:16:53.919404,26.0,43.0,100,0,0,0
2026-05-25 14:16:54.977015,26.0,42.0,100,0,0,0
2026-05-25 14:16:55.976377,26.0,40.0,100,0,0,0
2026-05-25 14:16:57.034848,26.0,40.0,100,0,0,0
2026-05-25 14:16:58.035128,26.0,40.0,100,0,0,0
2026-05-25 14:16:59.111624,26.0,40.0,100,0,0,0
2026-05-25 14:17:00.109583,26.0,39.0,100,0,0,0
2026-05-25 14:17:01.183495,26.0,39.0,100,0,0,0
2026-05-25 14:17:02.188456,26.0,39.0,100,0,0,0
2026-05-25 14:17:03.238513,26.0,39.0,100,0,0,0
2026-05-25 14:17:04.238940,26.0,39.0,100,0,0,0
2026-05-25 14:17:05.309752,26.0,39.0,100,0,0,0
2026-05-25 14:17:06.294947,26.0,39.0,100,0,0,0
2026-05-25 14:17:07.387200,26.0,39.0,100,0,0,0
2026-05-25 14:17:08.387433,26.0,39.0,100,0,0,0
2026-05-25 14:17:09.445259,26.0,39.0,100,0,0,0
2026-05-25 14:17:10.456696,26.0,39.0,100,0,0,0
2026-05-25 14:17:11.502022,26.0,39.0,100,0,0,0
2026-05-25 14:17:12.506095,26.0,39.0,100,0,0,0
2026-05-25 14:17:13.555850,26.0,39.0,100,0,0,0
2026-05-25 14:17:14.555048,26.0,39.0,100,0,0,0
2026-05-25 14:17:15.624838,26.0,39.0,100,0,0,0
2026-05-25 14:17:16.610416,26.0,40.0,100,0,0,0
2026-05-25 14:17:17.717967,26.0,40.0,100,0,0,0
2026-05-25 14:17:18.717701,26.0,40.0,100,0,0,0
2026-05-25 14:17:19.780473,26.0,40.0,100,0,0,0
2026-05-25 14:17:20.804875,26.0,40.0,100,0,0,0
2026-05-25 14:17:21.840065,26.0,40.0,100,0,0,0
2026-05-25 14:17:22.844786,26.0,40.0,100,0,0,0
2026-05-25 14:17:23.897660,26.0,42.0,100,0,0,0
2026-05-25 14:17:24.897353,26.0,42.0,100,0,0,0
2026-05-25 14:17:25.969074,26.0,42.0,100,0,0,0
2026-05-25 14:17:26.957088,26.0,42.0,100,0,0,0
2026-05-25 14:17:28.042670,26.0,42.0,100,0,0,0
2026-05-25 14:17:29.043038,26.0,43.0,100,0,0,0
2026-05-25 14:17:30.097637,26.0,43.0,100,0,0,0
2026-05-25 14:17:31.107599,26.0,43.0,100,0,0,0
2026-05-25 14:17:32.153613,26.0,43.0,100,0,0,0
2026-05-25 14:17:33.155841,26.0,43.0,100,0,0,0
2026-05-25 14:17:34.213460,26.0,43.0,100,0,0,0
2026-05-25 14:17:35.212144,26.0,43.0,100,0,0,0
2026-05-25 14:17:36.283301,26.0,45.0,100,0,0,0
2026-05-25 14:17:37.268461,26.0,45.0,100,0,0,0
2026-05-25 14:17:38.380486,26.0,45.0,100,0,0,0
2026-05-25 14:17:39.379797,26.0,45.0,100,0,0,0
2026-05-25 14:17:40.435929,26.0,45.0,100,0,0,0
2026-05-25 14:17:41.449628,26.0,45.0,100,0,0,0
2026-05-25 14:17:42.502046,26.0,45.0,100,0,0,0
2026-05-25 14:17:43.503235,26.0,45.0,100,0,0,0
2026-05-25 14:17:44.586872,26.0,45.0,100,0,0,0
2026-05-25 14:17:45.587327,26.0,45.0,100,0,0,0
2026-05-25 14:17:46.644424,26.0,45.0,100,0,0,0
2026-05-25 14:17:47.652728,26.0,45.0,100,0,0,0
2026-05-25 14:17:48.703003,26.0,45.0,100,0,0,0
2026-05-25 14:17:49.702378,26.0,45.0,100,0,0,0
2026-05-25 14:17:50.762053,26.0,45.0,100,0,0,0
2026-05-25 14:17:51.766082,26.0,45.0,100,0,0,0
2026-05-25 14:17:52.777980,26.0,46.0,100,0,0,0
2026-05-25 14:17:53.781908,26.0,46.0,100,0,0,0
2026-05-25 14:17:54.858898,26.0,46.0,99,0,0,0
2026-05-25 14:17:55.863554,26.0,46.0,100,0,0,0
2026-05-25 14:17:56.920906,26.0,46.0,100,0,0,0
2026-05-25 14:17:57.916579,26.0,46.0,100,0,0,0
2026-05-25 14:17:58.996335,26.0,46.0,100,0,0,0
2026-05-25 14:17:59.986920,26.0,46.0,100,0,0,0
2026-05-25 14:18:01.075240,26.0,46.0,100,0,0,0
2026-05-25 14:18:02.076563,26.0,46.0,100,0,0,0
2026-05-25 14:18:03.132576,26.0,46.0,100,0,0,0
2026-05-25 14:18:04.148377,26.0,46.0,100,0,0,0
2026-05-25 14:18:05.191587,26.0,46.0,100,0,0,0
2026-05-25 14:18:06.190680,26.0,46.0,100,0,0,0
2026-05-25 14:18:07.251456,26.0,46.0,100,0,0,0
2026-05-25 14:18:08.252440,26.0,46.0,100,0,0,0
2026-05-25 14:18:09.316715,26.0,46.0,100,0,0,0
2026-05-25 14:18:10.305907,26.0,46.0,100,0,0,0
2026-05-25 14:18:11.395676,26.0,47.0,100,0,0,0
2026-05-25 14:18:12.396408,26.0,47.0,100,0,0,0
2026-05-25 14:18:13.464782,26.0,47.0,100,0,0,0
2026-05-25 14:18:14.472704,26.0,47.0,100,0,0,0
2026-05-25 14:18:15.535896,26.0,47.0,100,0,0,0
2026-05-25 14:18:16.531419,26.0,47.0,100,0,0,0
2026-05-25 14:18:17.601188,26.0,47.0,100,0,0,0
2026-05-25 14:18:18.599715,26.0,47.0,100,0,0,0
2026-05-25 14:18:19.679021,26.0,47.0,100,0,0,0
2026-05-25 14:18:20.662143,26.0,47.0,100,0,0,0
2026-05-25 14:18:21.770615,26.0,47.0,100,0,0,0
2026-05-25 14:18:22.769345,26.0,47.0,100,0,0,0
2026-05-25 14:18:23.828551,26.0,47.0,100,0,0,0
2026-05-25 14:18:24.840282,26.0,49.0,100,0,0,0
2026-05-25 14:18:25.885599,26.0,49.0,100,0,0,0
2026-05-25 14:18:26.885173,26.0,49.0,100,0,0,0
2026-05-25 14:18:27.946131,26.0,49.0,100,0,0,0
2026-05-25 14:18:28.943958,26.0,49.0,100,0,0,0
2026-05-25 14:18:30.013146,26.0,49.0,100,0,0,0
2026-05-25 14:18:31.009800,26.0,49.0,100,0,0,0
2026-05-25 14:18:32.093595,26.0,49.0,100,0,0,0
2026-05-25 14:18:33.092399,26.0,49.0,100,0,0,0
2026-05-25 14:18:34.149656,26.0,49.0,100,0,0,0
2026-05-25 14:18:35.152759,26.0,49.0,100,0,0,0
2026-05-25 14:18:36.212841,26.0,49.0,100,0,0,0
2026-05-25 14:18:37.204381,26.0,49.0,100,0,0,0
2026-05-25 14:18:38.292104,26.0,50.0,100,0,0,0
2026-05-25 14:18:39.292480,26.0,50.0,100,0,0,0
2026-05-25 14:18:40.295935,26.0,50.0,100,0,0,0
2026-05-25 14:18:41.305342,26.0,50.0,100,0,0,0
2026-05-25 14:18:42.351256,26.0,50.0,100,0,0,0
2026-05-25 14:18:43.350190,26.0,50.0,100,0,0,0
2026-05-25 14:18:44.405264,26.0,50.0,100,0,0,0
2026-05-25 14:18:45.409253,26.0,50.0,100,0,0,0
2026-05-25 14:18:46.474672,26.0,50.0,100,0,0,0
2026-05-25 14:18:47.462930,26.0,50.0,100,0,0,0
2026-05-25 14:18:48.576089,26.0,52.0,100,0,0,0
2026-05-25 14:18:49.561526,26.0,50.0,100,0,250,0
2026-05-25 14:18:50.590201,26.0,52.0,99,0,0,0
2026-05-25 14:18:51.602252,26.0,52.0,100,0,250,0
2026-05-25 14:18:52.645391,26.0,52.0,100,0,100,0
2026-05-25 14:18:53.645752,26.0,52.0,100,0,100,0
2026-05-25 14:18:54.703574,26.0,52.0,100,0,100,0
2026-05-25 14:18:55.707533,26.0,52.0,100,0,100,0
2026-05-25 14:18:56.775423,26.0,52.0,100,0,100,0
2026-05-25 14:18:57.764549,26.0,52.0,100,0,100,0
2026-05-25 14:18:58.853547,26.0,52.0,100,0,100,0
2026-05-25 14:18:59.853336,26.0,52.0,100,0,100,0
2026-05-25 14:19:00.912939,26.0,52.0,100,0,100,0
2026-05-25 14:19:01.921598,26.0,52.0,100,0,100,0
2026-05-25 14:19:02.971499,26.0,53.0,100,0,100,0
2026-05-25 14:19:03.972520,26.0,53.0,100,0,100,0
2026-05-25 14:19:05.036478,26.0,53.0,100,0,100,0
2026-05-25 14:19:06.041398,26.0,53.0,100,0,100,0
2026-05-25 14:19:07.114390,26.0,53.0,100,0,100,0
2026-05-25 14:19:08.101242,26.0,53.0,100,0,100,0
2026-05-25 14:19:09.201959,26.0,53.0,100,0,100,0
2026-05-25 14:19:10.200679,26.0,53.0,100,0,100,0
2026-05-25 14:19:11.259058,26.0,53.0,100,0,100,0
2026-05-25 14:19:12.270270,26.0,53.0,100,0,100,0
2026-05-25 14:19:13.316390,26.0,53.0,100,0,100,0
2026-05-25 14:19:14.320708,26.0,53.0,100,0,100,0
2026-05-25 14:19:15.369063,26.0,53.0,100,0,100,0
2026-05-25 14:19:16.368803,26.0,53.0,100,0,100,0
2026-05-25 14:19:17.440793,26.0,53.0,100,0,100,0
2026-05-25 14:19:18.430347,26.0,53.0,100,0,100,0
2026-05-25 14:19:19.523369,26.0,53.0,100,0,100,0
2026-05-25 14:19:20.524168,26.0,53.0,100,0,100,0
2026-05-25 14:19:21.576223,26.0,53.0,100,0,100,0
2026-05-25 14:19:22.587301,26.0,53.0,100,0,100,0
2026-05-25 14:19:23.634631,26.0,53.0,100,0,100,0
2026-05-25 14:19:24.636140,26.0,53.0,100,0,100,0
2026-05-25 14:19:25.692168,26.0,53.0,100,0,100,0
2026-05-25 14:19:26.695195,26.0,53.0,100,0,100,0
2026-05-25 14:19:27.759545,26.0,53.0,100,0,100,0
2026-05-25 14:19:28.759099,26.0,53.0,100,0,100,0
2026-05-25 14:19:29.841101,26.0,53.0,100,0,100,0
2026-05-25 14:19:30.841807,26.0,53.0,100,0,100,0
2026-05-25 14:19:32.116675,26.0,53.0,100,0,100,0
2026-05-25 14:19:32.901384,26.0,53.0,99,0,100,0
2026-05-25 14:19:33.913468,26.0,53.0,100,0,100,0
2026-05-25 14:19:34.900887,26.0,53.0,100,0,100,0
2026-05-25 14:19:35.901965,26.0,53.0,100,0,100,0
2026-05-25 14:19:36.960678,26.0,53.0,100,0,100,0
2026-05-25 14:19:37.958437,26.0,53.0,100,0,100,0
2026-05-25 14:19:39.016090,26.0,53.0,100,0,100,0
2026-05-25 14:19:40.016029,26.0,53.0,100,0,100,0
2026-05-25 14:19:41.101770,26.0,53.0,100,0,100,0
2026-05-25 14:19:42.102738,26.0,53.0,100,0,100,0
2026-05-25 14:19:43.158174,26.0,53.0,100,0,100,0
2026-05-25 14:19:44.169425,26.0,53.0,100,0,100,0
2026-05-25 14:19:45.220211,26.0,53.0,100,0,100,0
2026-05-25 14:19:46.220845,26.0,53.0,100,0,100,0
2026-05-25 14:19:47.280189,26.0,53.0,100,0,100,0
2026-05-25 14:19:48.281398,26.0,53.0,99,0,100,0
2026-05-25 14:19:49.357920,26.0,53.0,100,0,100,0
2026-05-25 14:19:50.340433,26.0,53.0,100,0,100,0
2026-05-25 14:19:51.398635,26.0,53.0,100,0,100,0
2026-05-25 14:19:52.404089,26.0,52.0,100,0,100,0
2026-05-25 14:19:53.455113,26.0,52.0,100,0,100,0
2026-05-25 14:19:54.465853,26.0,52.0,100,0,100,0
2026-05-25 14:19:55.512547,26.0,52.0,100,0,100,0
2026-05-25 14:19:56.512875,26.0,52.0,100,0,100,0
2026-05-25 14:19:57.567658,26.0,52.0,100,0,100,0
2026-05-25 14:19:58.567893,26.0,52.0,100,0,100,0
2026-05-25 14:19:59.635103,26.0,52.0,100,0,100,0
2026-05-25 14:20:00.625581,26.0,52.0,100,0,100,0
2026-05-25 14:20:01.720653,26.0,52.0,100,0,100,0
2026-05-25 14:20:02.720594,26.0,52.0,100,0,100,0
2026-05-25 14:20:03.781172,26.0,52.0,100,0,100,0
2026-05-25 14:20:04.789384,26.0,52.0,100,0,100,0
2026-05-25 14:20:05.842226,26.0,52.0,100,0,100,0
2026-05-25 14:20:06.840094,26.0,52.0,100,0,100,0
2026-05-25 14:20:07.902493,26.0,52.0,100,0,100,0
2026-05-25 14:20:08.903596,26.0,52.0,100,0,100,0
2026-05-25 14:20:09.976637,26.0,52.0,100,0,100,0
2026-05-25 14:20:10.961956,26.0,52.0,100,0,100,0
2026-05-25 14:20:12.068997,26.0,52.0,100,0,100,0
2026-05-25 14:20:13.073778,26.0,52.0,100,0,100,0
2026-05-25 14:20:14.127570,26.0,52.0,100,0,100,0
2026-05-25 14:20:15.138565,26.0,50.0,100,0,100,0
2026-05-25 14:20:16.190131,26.0,52.0,100,0,0,0
2026-05-25 14:20:17.188656,26.0,50.0,100,0,250,0
2026-05-25 14:20:18.249482,26.0,50.0,100,0,0,0
2026-05-25 14:20:19.249481,26.0,50.0,100,0,0,0
2026-05-25 14:20:20.319406,26.0,50.0,100,0,0,0
2026-05-25 14:20:21.306713,26.0,50.0,100,0,0,0
2026-05-25 14:20:22.402249,26.0,50.0,100,0,0,0
2026-05-25 14:20:23.405606,26.0,50.0,100,0,0,0
2026-05-25 14:20:24.463639,26.0,50.0,100,0,0,0
2026-05-25 14:20:25.473819,26.0,50.0,100,0,0,0
2026-05-25 14:20:26.520982,26.0,50.0,100,0,0,0
2026-05-25 14:20:27.522095,26.0,50.0,100,0,0,0
2026-05-25 14:20:28.579025,26.0,50.0,100,0,0,0
2026-05-25 14:20:29.578803,26.0,50.0,100,0,0,0
2026-05-25 14:20:30.643551,26.0,50.0,100,0,0,0
2026-05-25 14:20:31.631264,26.0,50.0,100,0,0,0
2026-05-25 14:20:32.727353,26.0,50.0,100,0,0,0
2026-05-25 14:20:33.731400,26.0,50.0,100,0,0,0
2026-05-25 14:20:34.786746,26.0,50.0,100,0,0,0
2026-05-25 14:20:35.798322,26.0,50.0,100,0,0,0
2026-05-25 14:20:36.843955,26.0,50.0,100,0,0,0
2026-05-25 14:20:37.844050,26.0,50.0,100,0,0,0
2026-05-25 14:20:38.899202,26.0,50.0,100,0,0,0
2026-05-25 14:20:39.905507,26.0,50.0,100,0,0,0
2026-05-25 14:20:40.963255,26.0,50.0,100,0,0,0
2026-05-25 14:20:41.956619,26.0,50.0,100,0,0,0
2026-05-25 14:20:43.040628,26.0,50.0,100,0,0,0
2026-05-25 14:20:44.044760,26.0,49.0,100,0,0,0
2026-05-25 14:20:45.102917,26.0,49.0,100,0,0,0
2026-05-25 14:20:46.111967,26.0,49.0,100,0,0,0
2026-05-25 14:20:47.165709,26.0,49.0,100,0,0,0
2026-05-25 14:20:48.158618,26.0,49.0,100,0,0,0
2026-05-25 14:20:49.519945,26.0,49.0,100,0,0,0
2026-05-25 14:20:50.252125,26.0,49.0,100,0,0,0
2026-05-25 14:20:51.250735,26.0,49.0,100,0,0,0
2026-05-25 14:20:52.250184,26.0,49.0,100,0,0,0
2026-05-25 14:20:53.250991,26.0,49.0,100,0,0,0
2026-05-25 14:20:54.253031,26.0,49.0,100,0,0,0
2026-05-25 14:20:55.253697,26.0,49.0,100,0,0,0
2026-05-25 14:20:56.313197,26.0,49.0,100,0,0,0
2026-05-25 14:20:57.310620,26.0,49.0,100,0,0,0
2026-05-25 14:20:58.369136,26.0,49.0,100,0,0,0
2026-05-25 14:20:59.372656,26.0,49.0,100,0,0,0
2026-05-25 14:21:00.425522,26.0,49.0,100,0,0,0
2026-05-25 14:21:01.428919,26.0,49.0,100,0,0,0
2026-05-25 14:21:02.485649,26.0,49.0,100,0,0,0
2026-05-25 14:21:03.487471,26.0,49.0,100,0,0,0
2026-05-25 14:21:04.545705,26.0,49.0,100,0,0,0
2026-05-25 14:21:05.545532,26.0,49.0,100,0,0,0
2026-05-25 14:21:06.599472,26.0,49.0,100,0,0,0
2026-05-25 14:21:07.599696,26.0,49.0,100,0,0,0
2026-05-25 14:21:08.670237,26.0,50.0,100,0,0,0
2026-05-25 14:21:09.668082,26.0,50.0,100,0,0,0
2026-05-25 14:21:10.752627,26.0,50.0,100,0,0,0
2026-05-25 14:21:11.749920,26.0,50.0,100,0,0,0
2026-05-25 14:21:12.816701,26.0,50.0,100,0,0,0
2026-05-25 14:21:13.856814,26.0,50.0,100,0,0,0
2026-05-25 14:21:14.886700,26.0,50.0,100,0,0,0
2026-05-25 14:21:15.884139,26.0,50.0,100,0,0,0
2026-05-25 14:21:16.953164,26.0,50.0,100,0,0,0
2026-05-25 14:21:17.954598,26.0,50.0,100,0,0,0
2026-05-25 14:21:19.024613,26.0,50.0,100,0,0,0
2026-05-25 14:21:20.163231,26.0,50.0,100,0,0,0
2026-05-25 14:21:22.011390,26.0,50.0,100,0,0,0
2026-05-25 14:21:23.011274,26.0,50.0,100,0,0,0
2026-05-25 14:21:24.078936,26.0,50.0,100,0,0,0
2026-05-25 14:21:25.075542,26.0,50.0,100,0,0,0
2026-05-25 14:21:26.155000,26.0,50.0,100,0,0,0
2026-05-25 14:21:27.154954,26.0,50.0,100,0,0,0
2026-05-25 14:21:28.214238,26.0,50.0,100,0,0,0
2026-05-25 14:21:29.221671,26.0,50.0,100,0,0,0
2026-05-25 14:21:30.265577,26.0,50.0,100,0,0,0
2026-05-25 14:21:31.265945,26.0,50.0,100,0,0,0
2026-05-25 14:21:32.324161,26.0,50.0,100,0,0,0
2026-05-25 14:21:33.323704,26.0,50.0,100,0,0,0
2026-05-25 14:21:34.393948,26.0,50.0,100,0,0,0
2026-05-25 14:21:35.392478,26.0,50.0,100,0,0,0
2026-05-25 14:21:36.472309,26.0,50.0,100,0,0,0
2026-05-25 14:21:37.475891,26.0,50.0,100,0,0,0
2026-05-25 14:21:38.530786,26.0,52.0,100,0,0,0
2026-05-25 14:21:39.544054,26.0,52.0,100,0,250,0
2026-05-25 14:21:40.583573,26.0,52.0,100,0,100,0
2026-05-25 14:21:41.584126,26.0,52.0,100,0,100,0
2026-05-25 14:21:42.639559,26.0,52.0,100,0,100,0
2026-05-25 14:21:43.639587,26.0,52.0,100,0,100,0
2026-05-25 14:21:44.704688,26.0,52.0,100,0,100,0
2026-05-25 14:21:45.708970,26.0,52.0,100,0,100,0
2026-05-25 14:21:46.696674,26.0,52.0,100,0,100,0
2026-05-25 14:21:47.698517,26.0,52.0,100,0,100,0
2026-05-25 14:21:48.697527,26.0,52.0,100,0,100,0
2026-05-25 14:21:49.776335,26.0,52.0,100,0,100,0
2026-05-25 14:21:50.776299,26.0,52.0,100,0,100,0
2026-05-25 14:21:51.786966,26.0,52.0,100,0,100,0
2026-05-25 14:21:52.786667,26.0,53.0,100,0,100,0
2026-05-25 14:21:53.848554,26.0,53.0,100,0,100,0
2026-05-25 14:21:54.846649,26.0,53.0,100,0,100,0
2026-05-25 14:21:55.919684,26.0,53.0,100,0,100,0
2026-05-25 14:21:56.909474,26.0,53.0,100,0,100,0
2026-05-25 14:21:57.993256,26.0,53.0,100,0,100,0
2026-05-25 14:21:58.993346,26.0,53.0,100,0,100,0
2026-05-25 14:22:00.052668,26.0,53.0,100,0,100,0
2026-05-25 14:22:01.061753,26.0,53.0,100,0,100,0
2026-05-25 14:22:02.107636,26.0,53.0,100,0,100,0
2026-05-25 14:22:03.107986,26.0,53.0,100,0,100,0
2026-05-25 14:22:04.164845,26.0,53.0,100,0,100,0
2026-05-25 14:22:05.165619,26.0,53.0,100,0,100,0
2026-05-25 14:22:06.229807,26.0,53.0,100,0,100,0
2026-05-25 14:22:07.221008,26.0,54.0,100,0,100,0
2026-05-25 14:22:08.312484,26.0,54.0,100,0,119,0
2026-05-25 14:22:09.313381,26.0,54.0,100,0,126,0
2026-05-25 14:22:10.369632,26.0,54.0,100,0,133,0
2026-05-25 14:22:11.378827,26.0,54.0,100,0,140,0
2026-05-25 14:22:12.425586,26.0,54.0,100,0,148,0
2026-05-25 14:22:13.424340,26.0,54.0,100,0,155,0
2026-05-25 14:22:14.500787,26.0,54.0,100,0,162,0
2026-05-25 14:22:15.485463,26.0,54.0,100,0,169,0
2026-05-25 14:22:16.600694,26.0,54.0,100,0,176,0
2026-05-25 14:22:17.591548,26.0,54.0,100,0,184,0
2026-05-25 14:22:18.712631,26.0,54.0,100,0,191,0
2026-05-25 14:22:19.697367,26.0,54.0,100,0,198,0
2026-05-25 14:22:20.782820,26.0,54.0,100,0,205,0
2026-05-25 14:22:21.795605,26.0,54.0,100,0,212,0
2026-05-25 14:22:22.846075,26.0,54.0,100,0,220,0
2026-05-25 14:22:23.846829,26.0,54.0,100,0,227,0
2026-05-25 14:22:24.901380,26.0,54.0,100,0,234,0
2026-05-25 14:22:25.903635,26.0,54.0,100,0,241,0
2026-05-25 14:22:26.965291,26.0,54.0,100,0,248,0
2026-05-25 14:22:27.961003,26.0,54.0,100,0,256,0
2026-05-25 14:22:29.056741,26.0,54.0,100,0,263,0
2026-05-25 14:22:30.056249,26.0,53.0,100,0,270,0
2026-05-25 14:22:31.114069,26.0,53.0,100,0,247,0
2026-05-25 14:22:32.124643,26.0,53.0,100,0,253,0
2026-05-25 14:22:33.173993,26.0,53.0,100,0,258,0
2026-05-25 14:22:34.172936,26.0,53.0,100,0,264,0
2026-05-25 14:22:35.228474,26.0,53.0,100,0,269,0
2026-05-25 14:22:36.228909,26.0,52.0,100,0,274,0
2026-05-25 14:22:37.291617,26.0,52.0,100,0,250,0
2026-05-25 14:22:38.284399,26.0,52.0,100,0,254,0
2026-05-25 14:22:39.371474,26.0,50.0,100,0,257,0
2026-05-25 14:22:40.372461,26.0,50.0,100,0,0,0
2026-05-25 14:22:41.428859,26.0,50.0,100,0,0,0
2026-05-25 14:22:42.441415,26.0,49.0,100,0,0,0
2026-05-25 14:22:43.485008,26.0,49.0,100,0,0,0
2026-05-25 14:22:44.483329,26.0,47.0,100,0,0,0
2026-05-25 14:22:45.542581,26.0,47.0,100,0,0,0
2026-05-25 14:22:46.548950,26.0,46.0,100,0,0,0
2026-05-25 14:22:47.612508,26.0,46.0,100,0,0,0
2026-05-25 14:22:48.602419,26.0,46.0,100,0,0,0
2026-05-25 14:22:49.689828,26.0,45.0,100,0,0,0
2026-05-25 14:22:50.691376,26.0,45.0,100,0,0,0
2026-05-25 14:22:51.745005,26.0,45.0,100,0,0,0
2026-05-25 14:22:52.755435,26.0,43.0,100,0,0,0
2026-05-25 14:22:53.804141,26.0,43.0,100,0,0,0
2026-05-25 14:22:54.802463,26.0,43.0,100,0,0,0
2026-05-25 14:22:55.860993,26.0,42.0,100,0,0,0
2026-05-25 14:22:56.864522,26.0,42.0,100,0,0,0
2026-05-25 14:22:57.861924,26.0,40.0,100,0,0,0
2026-05-25 14:22:58.863134,26.0,40.0,100,0,0,0
2026-05-25 14:22:59.949423,26.0,40.0,100,0,0,0
2026-05-25 14:23:00.948929,26.0,40.0,100,0,0,0
2026-05-25 14:23:02.001973,26.0,40.0,100,0,0,0
2026-05-25 14:23:03.010883,26.0,40.0,100,0,0,0
2026-05-25 14:23:04.056915,26.0,40.0,100,0,0,0
2026-05-25 14:23:05.057607,26.0,40.0,100,0,0,0
2026-05-25 14:23:06.117971,26.0,40.0,100,0,0,0
2026-05-25 14:23:07.118044,26.0,40.0,100,0,0,0
2026-05-25 14:23:08.185314,26.0,40.0,100,0,0,0
2026-05-25 14:23:09.173575,26.0,40.0,100,0,0,0
2026-05-25 14:23:10.269336,26.0,40.0,100,0,0,0
2026-05-25 14:23:11.269348,26.0,40.0,100,0,0,0
2026-05-25 14:23:12.329034,26.0,40.0,100,0,0,0
2026-05-25 14:23:13.340662,26.0,40.0,100,0,0,0
2026-05-25 14:23:14.396122,26.0,42.0,99,0,0,0
2026-05-25 14:23:15.386384,26.0,42.0,100,0,0,0
2026-05-25 14:23:16.481500,26.0,42.0,100,0,0,0
2026-05-25 14:23:17.591084,26.0,42.0,100,0,0,0
2026-05-25 14:23:18.591487,26.0,43.0,100,0,0,0
2026-05-25 14:23:19.606716,26.0,43.0,100,0,0,0
2026-05-25 14:23:20.650437,26.0,43.0,100,0,0,0
2026-05-25 14:23:21.649583,26.0,43.0,100,0,0,0
2026-05-25 14:23:22.708535,26.0,45.0,100,0,0,0
2026-05-25 14:23:23.712454,26.0,45.0,100,0,0,0
2026-05-25 14:23:24.785961,26.0,45.0,100,0,0,0
2026-05-25 14:23:25.765425,26.0,45.0,100,0,0,0
2026-05-25 14:23:26.870091,26.0,45.0,100,0,0,0
2026-05-25 14:23:27.870933,26.0,45.0,100,0,0,0
2026-05-25 14:23:28.927317,26.0,45.0,100,0,0,0
2026-05-25 14:23:29.938752,26.0,46.0,100,0,0,0
2026-05-25 14:23:30.983315,26.0,46.0,100,0,0,0
2026-05-25 14:23:31.983808,26.0,46.0,100,0,0,0
2026-05-25 14:23:33.041954,26.0,46.0,100,0,0,0
2026-05-25 14:23:34.044507,26.0,46.0,100,0,0,0
2026-05-25 14:23:35.112013,26.0,46.0,100,0,0,0
2026-05-25 14:23:36.102650,26.0,46.0,100,0,0,0
2026-05-25 14:23:37.195828,26.0,46.0,100,0,0,0
2026-05-25 14:23:38.197023,26.0,46.0,100,0,0,0
2026-05-25 14:23:39.251695,26.0,46.0,100,0,0,0
2026-05-25 14:23:40.264975,26.0,46.0,100,0,0,0
2026-05-25 14:23:41.306791,26.0,46.0,100,0,0,0
2026-05-25 14:23:42.307209,26.0,46.0,100,0,0,0
2026-05-25 14:23:43.362250,26.0,46.0,100,0,0,0
2026-05-25 14:23:44.362498,26.0,46.0,100,0,0,0
2026-05-25 14:23:45.432367,26.0,46.0,100,0,0,0
2026-05-25 14:23:46.421589,26.0,46.0,100,0,0,0
2026-05-25 14:23:47.521532,26.0,46.0,100,0,0,0
2026-05-25 14:23:48.524777,26.0,46.0,100,0,0,0
2026-05-25 14:23:49.577941,26.0,46.0,100,0,0,0
2026-05-25 14:23:50.700813,26.0,46.0,100,0,0,0
2026-05-25 14:23:51.691920,26.0,46.0,100,0,0,0
2026-05-25 14:23:52.690991,26.0,46.0,100,0,0,0
2026-05-25 14:23:53.752973,26.0,46.0,100,0,0,0
2026-05-25 14:23:54.752288,26.0,46.0,100,0,0,0
2026-05-25 14:23:55.810524,26.0,46.0,100,0,0,0
2026-05-25 14:23:56.809667,26.0,46.0,100,0,0,0
2026-05-25 14:23:57.908864,26.0,46.0,100,0,0,0
2026-05-25 14:23:58.907879,26.0,46.0,100,0,0,0
2026-05-25 14:23:59.968066,26.0,46.0,100,0,0,0
2026-05-25 14:24:00.978445,26.0,46.0,100,0,0,0
2026-05-25 14:24:02.023783,26.0,46.0,100,0,0,0
2026-05-25 14:24:03.022835,26.0,46.0,100,0,0,0
2026-05-25 14:24:04.082591,26.0,47.0,100,0,0,0
2026-05-25 14:24:05.081622,26.0,46.0,100,0,0,0
2026-05-25 14:24:06.148037,26.0,47.0,100,0,0,0
2026-05-25 14:24:07.139561,26.0,47.0,100,0,0,0
2026-05-25 14:24:08.241506,26.0,47.0,100,0,0,0
2026-05-25 14:24:09.245637,26.0,47.0,100,0,0,0
2026-05-25 14:24:10.300073,26.0,47.0,100,0,0,0
2026-05-25 14:24:11.307033,26.0,47.0,100,0,0,0
2026-05-25 14:24:12.359893,26.0,47.0,100,0,0,0
2026-05-25 14:24:13.360290,26.0,47.0,100,0,0,0
2026-05-25 14:24:14.420099,26.0,47.0,100,0,0,0
2026-05-25 14:24:15.418634,26.0,49.0,100,0,0,0
2026-05-25 14:24:16.490045,26.0,49.0,100,0,0,0
2026-05-25 14:24:17.487689,26.0,49.0,100,0,0,0
2026-05-25 14:24:18.573729,26.0,49.0,100,0,0,0
2026-05-25 14:24:19.577298,26.0,49.0,100,0,0,0
2026-05-25 14:24:20.628795,26.0,49.0,100,0,0,0
2026-05-25 14:24:21.628294,26.0,49.0,100,0,0,0
2026-05-25 14:24:22.695143,26.0,49.0,100,0,0,0
2026-05-25 14:24:23.693165,26.0,49.0,100,0,0,0
2026-05-25 14:24:24.778610,26.0,49.0,100,0,0,0
2026-05-25 14:24:25.776798,26.0,49.0,100,0,0,0
2026-05-25 14:24:26.835147,26.0,49.0,100,0,0,0
2026-05-25 14:24:27.847786,26.0,49.0,100,0,0,0
2026-05-25 14:24:28.897766,26.0,49.0,100,0,0,0
2026-05-25 14:24:29.901709,26.0,49.0,100,0,0,0
2026-05-25 14:24:30.960937,26.0,50.0,100,0,0,0
2026-05-25 14:24:31.964642,26.0,49.0,100,0,0,0
2026-05-25 14:24:33.028407,26.0,49.0,100,0,0,0
2026-05-25 14:24:34.025762,26.0,49.0,100,0,0,0
2026-05-25 14:24:35.108441,26.0,50.0,100,0,0,0
2026-05-25 14:24:36.107908,26.0,50.0,100,0,0,0
2026-05-25 14:24:37.162609,26.0,50.0,100,0,0,0
2026-05-25 14:24:38.164082,26.0,50.0,100,0,0,0
2026-05-25 14:24:39.226952,26.0,50.0,100,0,0,0
2026-05-25 14:24:40.231680,26.0,50.0,100,0,0,0
2026-05-25 14:24:41.307008,26.0,50.0,100,0,0,0
2026-05-25 14:24:42.307783,26.0,50.0,100,0,0,0
2026-05-25 14:24:43.364453,26.0,50.0,100,0,0,0
2026-05-25 14:24:44.363139,26.0,50.0,100,0,0,0
2026-05-25 14:24:45.428118,26.0,50.0,100,0,0,0
2026-05-25 14:24:46.426934,26.0,50.0,100,0,0,0
2026-05-25 14:24:47.508824,26.0,50.0,100,0,0,0
2026-05-25 14:24:48.508578,26.0,50.0,100,0,0,0
2026-05-25 14:24:49.566944,26.0,50.0,100,0,0,0
2026-05-25 14:24:50.589811,26.0,50.0,100,0,0,0
2026-05-25 14:24:51.625357,26.0,50.0,100,0,0,0
2026-05-25 14:24:52.627931,26.0,50.0,100,0,0,0
2026-05-25 14:24:53.683349,26.0,50.0,100,0,0,0
2026-05-25 14:24:54.683527,26.0,50.0,100,0,0,0
2026-05-25 14:24:55.747299,26.0,50.0,100,0,0,0
2026-05-25 14:24:56.744236,26.0,50.0,100,0,0,0
2026-05-25 14:24:57.832558,26.0,52.0,100,0,0,0
2026-05-25 14:24:58.832330,26.0,52.0,100,0,250,0
2026-05-25 14:24:59.892420,26.0,52.0,100,0,100,0
2026-05-25 14:25:00.895448,26.0,52.0,100,0,100,0
2026-05-25 14:25:01.956979,26.0,52.0,100,0,100,0
2026-05-25 14:25:02.948717,26.0,52.0,100,0,100,0
2026-05-25 14:25:04.031330,26.0,52.0,100,0,100,0
2026-05-25 14:25:05.031824,26.0,52.0,100,0,100,0
2026-05-25 14:25:06.087694,26.0,53.0,100,0,100,0
2026-05-25 14:25:07.097559,26.0,53.0,100,0,100,0
2026-05-25 14:25:08.145358,26.0,53.0,100,0,100,0
2026-05-25 14:25:09.148037,26.0,53.0,100,0,100,0
2026-05-25 14:25:10.198771,26.0,53.0,100,0,100,0
2026-05-25 14:25:11.203952,26.0,53.0,100,0,100,0
2026-05-25 14:25:12.274814,26.0,53.0,100,0,100,0
2026-05-25 14:25:13.260809,26.0,53.0,100,0,100,0
2026-05-25 14:25:14.350844,26.0,53.0,100,0,100,0
2026-05-25 14:25:15.351363,26.0,54.0,100,0,100,0
2026-05-25 14:25:16.406059,26.0,54.0,100,0,119,0
2026-05-25 14:25:17.416253,26.0,54.0,100,0,126,0
2026-05-25 14:25:18.463077,26.0,54.0,100,0,133,0
2026-05-25 14:25:19.463165,26.0,54.0,100,0,140,0
2026-05-25 14:25:20.520825,26.0,54.0,100,0,148,0
2026-05-25 14:25:21.525062,26.0,54.0,100,0,155,0
2026-05-25 14:25:22.587876,26.0,54.0,100,0,162,0
2026-05-25 14:25:23.580201,26.0,54.0,100,0,169,0
2026-05-25 14:25:24.660280,26.0,54.0,100,0,176,0
2026-05-25 14:25:25.658532,26.0,54.0,100,0,184,0
2026-05-25 14:25:26.721786,26.0,54.0,100,0,191,0
2026-05-25 14:25:27.731665,26.0,54.0,100,0,198,0
2026-05-25 14:25:28.779117,26.0,54.0,100,0,205,0
2026-05-25 14:25:29.777075,26.0,54.0,100,0,212,0
2026-05-25 14:25:30.838832,26.0,54.0,100,0,220,0
2026-05-25 14:25:31.844683,26.0,54.0,100,0,227,0
2026-05-25 14:25:32.922246,26.0,54.0,100,0,234,0
2026-05-25 14:25:33.906555,26.0,54.0,100,0,241,0
2026-05-25 14:25:35.015332,26.0,54.0,100,0,248,0
2026-05-25 14:25:36.016432,26.0,54.0,100,0,256,0
2026-05-25 14:25:37.075216,26.0,54.0,100,0,263,0
2026-05-25 14:25:38.083466,26.0,54.0,100,0,270,0
2026-05-25 14:25:39.138910,26.0,54.0,100,0,277,0
2026-05-25 14:25:40.140552,26.0,54.0,100,0,284,0
2026-05-25 14:25:41.228484,26.0,54.0,100,0,292,0
2026-05-25 14:25:42.231671,26.0,54.0,100,0,299,0
2026-05-25 14:25:43.286840,26.0,54.0,100,0,306,0
2026-05-25 14:25:44.298156,26.0,54.0,100,0,313,0
2026-05-25 14:25:45.352590,26.0,54.0,100,0,320,0
2026-05-25 14:25:46.353529,26.0,54.0,100,0,328,0
2026-05-25 14:25:47.437367,26.0,54.0,100,0,335,0
2026-05-25 14:25:48.436832,26.0,54.0,100,0,342,0
2026-05-25 14:25:49.496100,26.0,54.0,100,0,349,0
2026-05-25 14:25:50.505028,26.0,54.0,100,0,356,0
2026-05-25 14:25:51.556973,26.0,53.0,100,0,364,0
2026-05-25 14:25:52.561248,26.0,53.0,100,0,341,0
2026-05-25 14:25:53.589628,26.0,53.0,100,0,346,0
2026-05-25 14:25:54.589704,26.0,52.0,100,0,352,0
2026-05-25 14:25:55.657138,26.0,52.0,100,0,327,0
2026-05-25 14:25:56.645758,26.0,50.0,100,0,331,0
2026-05-25 14:25:57.748025,26.0,50.0,100,0,0,0
2026-05-25 14:25:58.747581,26.0,49.0,100,0,0,0
2026-05-25 14:25:59.808992,26.0,49.0,100,0,0,0
2026-05-25 14:26:00.816680,26.0,47.0,100,0,0,0
2026-05-25 14:26:01.862534,26.0,46.0,100,0,0,0
2026-05-25 14:26:02.862406,26.0,46.0,100,0,0,0
2026-05-25 14:26:03.919091,26.0,45.0,100,0,0,0
2026-05-25 14:26:04.920776,26.0,45.0,99,0,0,0
2026-05-25 14:26:05.987881,26.0,43.0,100,0,0,0
2026-05-25 14:26:06.984965,26.0,43.0,100,0,0,0
2026-05-25 14:26:08.076640,26.0,43.0,100,0,0,0
2026-05-25 14:26:09.076008,26.0,42.0,100,0,0,0
2026-05-25 14:26:10.142484,26.0,42.0,100,0,0,0
2026-05-25 14:26:11.139540,26.0,42.0,100,0,0,0
2026-05-25 14:26:12.212644,26.0,40.0,100,0,0,0
2026-05-25 14:26:13.205920,26.0,40.0,100,0,0,0
2026-05-25 14:26:14.294347,26.0,40.0,100,0,0,0
2026-05-25 14:26:15.292532,26.0,40.0,100,0,0,0
2026-05-25 14:26:16.350881,26.0,39.0,100,0,0,0
2026-05-25 14:26:17.358016,26.0,38.0,100,0,0,0
2026-05-25 14:26:18.406774,26.0,38.0,100,0,0,0
2026-05-25 14:26:19.464462,26.0,38.0,100,0,0,0
2026-05-25 14:26:20.465057,26.0,36.0,100,0,0,0
2026-05-25 14:26:21.464196,26.0,36.0,100,0,0,0
2026-05-25 14:26:22.532934,26.0,35.0,100,0,0,0
2026-05-25 14:26:23.538924,26.0,35.0,100,0,0,0
2026-05-25 14:26:24.613045,26.0,35.0,100,0,0,0
2026-05-25 14:26:25.612190,26.0,35.0,100,0,0,0
2026-05-25 14:26:26.676447,26.0,35.0,100,0,0,0
2026-05-25 14:26:27.672624,26.0,35.0,100,0,0,0
2026-05-25 14:26:28.746145,26.0,35.0,100,0,0,0
2026-05-25 14:26:29.735467,26.0,35.0,100,0,0,0
2026-05-25 14:26:30.828669,26.0,35.0,100,0,0,0
2026-05-25 14:26:31.825060,26.0,35.0,100,0,0,0
2026-05-25 14:26:32.887973,26.0,35.0,100,0,0,0
2026-05-25 14:26:33.996816,26.0,35.0,100,0,0,0
2026-05-25 14:26:34.951536,26.0,35.0,100,0,0,0
2026-05-25 14:26:35.951799,26.0,35.0,100,0,0,0
2026-05-25 14:26:37.012839,26.0,35.0,100,0,0,0
2026-05-25 14:26:37.994289,26.0,35.0,100,0,0,0
2026-05-25 14:26:39.091347,26.0,35.0,100,0,0,0
2026-05-25 14:26:40.092269,26.0,35.0,100,0,0,0
2026-05-25 14:26:41.205325,26.0,35.0,100,0,0,0
2026-05-25 14:26:42.174685,26.0,35.0,100,0,0,0
2026-05-25 14:26:43.175480,26.0,35.0,100,0,0,0
2026-05-25 14:26:44.180315,26.0,35.0,100,0,0,0
2026-05-25 14:26:45.174700,26.0,36.0,100,0,0,0
2026-05-25 14:26:46.268639,26.0,36.0,100,0,0,0
2026-05-25 14:26:47.268449,26.0,36.0,100,0,0,0
2026-05-25 14:26:48.328476,26.0,36.0,100,0,0,0
2026-05-25 14:26:49.342937,26.0,36.0,100,0,0,0
2026-05-25 14:26:50.386606,26.0,36.0,100,0,0,0
2026-05-25 14:26:51.387081,26.0,36.0,100,0,0,0
2026-05-25 14:26:52.440445,26.0,36.0,100,0,0,0
2026-05-25 14:26:53.439876,26.0,36.0,100,0,0,0
2026-05-25 14:26:54.506941,26.0,36.0,100,0,0,0
2026-05-25 14:26:55.498574,26.0,38.0,100,0,0,0
2026-05-25 14:26:56.501777,26.0,38.0,100,0,0,0
2026-05-25 14:26:57.501658,26.0,38.0,100,0,0,0
2026-05-25 14:26:58.557226,26.0,38.0,100,0,0,0
2026-05-25 14:26:59.561077,26.0,38.0,100,0,0,0
2026-05-25 14:27:00.622402,26.0,38.0,100,0,0,0
2026-05-25 14:27:01.614025,26.0,38.0,100,0,0,0
2026-05-25 14:27:02.707779,26.0,38.0,100,0,0,0
2026-05-25 14:27:04.764339,26.0,38.0,100,0,0,0
2026-05-25 14:27:05.778440,26.0,38.0,100,0,0,0
2026-05-25 14:27:06.832764,26.0,38.0,100,0,0,0
2026-05-25 14:27:07.824531,26.0,38.0,100,0,0,0
2026-05-25 14:27:08.916173,26.0,38.0,100,0,0,0
2026-05-25 14:27:09.918637,26.0,38.0,100,0,0,0
2026-05-25 14:27:10.972189,26.0,39.0,100,0,0,0
2026-05-25 14:27:11.988008,26.0,39.0,100,0,0,0
2026-05-25 14:27:13.030901,26.0,39.0,100,0,0,0
2026-05-25 14:27:14.030155,26.0,39.0,100,0,0,0
2026-05-25 14:27:15.087318,26.0,39.0,100,0,0,0
2026-05-25 14:27:16.088373,26.0,39.0,99,0,0,0
2026-05-25 14:27:17.098517,26.0,40.0,100,0,0,0
2026-05-25 14:27:18.091477,26.0,40.0,100,0,0,0
2026-05-25 14:27:19.182437,26.0,40.0,100,0,0,0
2026-05-25 14:27:20.185837,26.0,40.0,100,0,0,0
2026-05-25 14:27:21.250802,26.0,40.0,100,0,0,0
2026-05-25 14:27:22.262594,26.0,42.0,100,0,0,0
2026-05-25 14:27:23.303719,26.0,42.0,100,0,0,0
2026-05-25 14:27:24.306555,26.0,42.0,100,0,0,0
2026-05-25 14:27:25.358736,26.0,42.0,100,0,0,0
2026-05-25 14:27:26.359234,26.0,42.0,100,0,0,0
2026-05-25 14:27:27.426127,26.0,42.0,100,0,0,0
2026-05-25 14:27:28.423689,26.0,42.0,100,0,0,0
2026-05-25 14:27:29.513833,26.0,43.0,100,0,0,0
2026-05-25 14:27:30.514025,26.0,43.0,100,0,0,0
2026-05-25 14:27:31.598540,26.0,43.0,100,0,0,0
2026-05-25 14:27:32.599634,26.0,43.0,100,0,0,0
2026-05-25 14:27:33.652716,26.0,43.0,100,0,0,0
2026-05-25 14:27:34.663653,26.0,43.0,100,0,0,0
2026-05-25 14:27:35.715697,26.0,43.0,100,0,0,0
2026-05-25 14:27:36.711004,26.0,43.0,100,0,0,0
2026-05-25 14:27:37.797362,26.0,43.0,100,0,0,0
2026-05-25 14:27:38.797221,26.0,43.0,100,0,0,0
2026-05-25 14:27:39.852700,26.0,45.0,100,0,0,0
2026-05-25 14:27:40.863636,26.0,45.0,100,0,0,0
2026-05-25 14:27:41.933581,26.0,45.0,100,0,0,0
2026-05-25 14:27:42.911006,26.0,45.0,100,0,0,0
2026-05-25 14:27:43.942734,26.0,45.0,100,0,0,0
2026-05-25 14:27:44.943267,26.0,45.0,100,0,0,0
2026-05-25 14:27:46.028766,26.0,45.0,100,0,0,0
2026-05-25 14:27:47.034020,26.0,45.0,100,0,0,0
2026-05-25 14:27:47.999967,26.0,45.0,100,0,0,0
2026-05-25 14:27:49.000107,26.0,45.0,100,0,0,0
2026-05-25 14:27:50.001989,26.0,45.0,100,0,0,0
2026-05-25 14:27:51.063678,26.0,45.0,100,0,0,0
2026-05-25 14:27:52.061366,26.0,45.0,100,0,0,0
2026-05-25 14:27:53.144325,26.0,46.0,100,0,0,0
2026-05-25 14:27:54.143331,26.0,46.0,100,0,0,0
2026-05-25 14:27:55.202231,26.0,46.0,100,0,0,0
2026-05-25 14:27:56.203310,26.0,46.0,100,0,0,0
2026-05-25 14:27:57.258298,26.0,46.0,100,0,0,0
2026-05-25 14:27:58.257075,26.0,46.0,100,0,0,0
2026-05-25 14:27:59.309784,26.0,46.0,100,0,0,0
2026-05-25 14:28:00.310817,26.0,46.0,100,0,0,0
2026-05-25 14:28:01.375028,26.0,46.0,100,0,0,0
2026-05-25 14:28:02.365053,26.0,46.0,100,0,0,0
2026-05-25 14:28:03.452101,26.0,46.0,100,0,0,0
2026-05-25 14:28:04.452200,26.0,47.0,100,0,0,0
2026-05-25 14:28:05.512684,26.0,47.0,100,0,0,0
2026-05-25 14:28:06.524048,26.0,47.0,100,0,0,0
2026-05-25 14:28:07.569953,26.0,47.0,100,0,0,0
2026-05-25 14:28:08.567000,26.0,47.0,100,0,0,0
2026-05-25 14:28:09.629393,26.0,47.0,100,0,0,0
2026-05-25 14:28:10.628827,26.0,47.0,100,0,0,0
2026-05-25 14:28:11.697106,26.0,49.0,100,0,0,0
2026-05-25 14:28:12.685572,26.0,49.0,100,0,0,0
2026-05-25 14:28:13.688279,26.0,49.0,100,0,0,0
2026-05-25 14:28:14.689739,26.0,49.0,100,0,0,0
2026-05-25 14:28:15.745851,26.0,49.0,100,0,0,0
2026-05-25 14:28:16.758035,26.0,49.0,100,0,0,0
2026-05-25 14:28:17.816047,26.0,49.0,100,0,0,0
2026-05-25 14:28:18.820099,26.0,49.0,100,0,0,0
2026-05-25 14:28:19.875235,26.0,49.0,100,0,0,0
2026-05-25 14:28:20.876257,26.0,49.0,100,0,0,0
2026-05-25 14:28:21.942666,26.0,49.0,100,0,0,0
2026-05-25 14:28:22.934822,26.0,49.0,100,0,0,0
2026-05-25 14:28:24.031939,26.0,49.0,100,0,0,0
2026-05-25 14:28:25.028199,26.0,50.0,100,0,0,0
2026-05-25 14:28:26.087162,26.0,50.0,100,0,0,0
2026-05-25 14:28:27.101824,26.0,50.0,100,0,0,0
2026-05-25 14:28:28.142248,26.0,50.0,100,0,0,0
2026-05-25 14:28:29.142010,26.0,50.0,100,0,0,0
2026-05-25 14:28:30.204330,26.0,50.0,100,0,0,0
2026-05-25 14:28:31.200198,26.0,50.0,100,0,0,0
2026-05-25 14:28:32.269699,26.0,50.0,100,0,0,0
2026-05-25 14:28:33.261871,26.0,50.0,100,0,0,0
2026-05-25 14:28:34.358585,26.0,50.0,100,0,0,0
2026-05-25 14:28:35.358652,26.0,50.0,100,0,0,0
2026-05-25 14:28:36.415849,26.0,50.0,100,0,0,0
2026-05-25 14:28:37.425359,26.0,50.0,100,0,0,0
2026-05-25 14:28:38.472505,26.0,50.0,100,0,0,0
2026-05-25 14:28:39.475867,26.0,50.0,100,0,0,0
2026-05-25 14:28:40.528656,26.0,50.0,100,0,0,0
2026-05-25 14:28:41.527887,26.0,50.0,100,0,0,0
2026-05-25 14:28:42.604007,26.0,50.0,100,0,0,0
2026-05-25 14:28:43.602423,26.0,52.0,100,0,0,0
2026-05-25 14:28:44.690565,26.0,52.0,100,0,250,0
2026-05-25 14:28:45.688440,26.0,52.0,100,0,100,0
2026-05-25 14:28:46.745990,26.0,52.0,100,0,100,0
2026-05-25 14:28:47.748726,26.0,52.0,100,0,100,0
2026-05-25 14:28:48.817887,26.0,52.0,100,0,100,0
2026-05-25 14:28:49.815440,26.0,52.0,100,0,100,0
2026-05-25 14:28:50.913323,26.0,52.0,100,0,100,0
2026-05-25 14:28:51.902641,26.0,52.0,100,0,100,0
2026-05-25 14:28:53.153370,26.0,52.0,100,0,100,0
2026-05-25 14:28:53.980524,26.0,52.0,100,0,100,0
2026-05-25 14:28:55.043378,26.0,52.0,100,0,100,0
2026-05-25 14:28:55.982896,26.0,52.0,100,0,100,0
2026-05-25 14:28:56.980704,26.0,52.0,100,0,100,0
2026-05-25 14:28:58.045506,26.0,52.0,100,0,100,0
2026-05-25 14:28:59.044888,26.0,52.0,100,0,100,0
2026-05-25 14:29:00.046993,26.0,52.0,100,0,100,0
2026-05-25 14:29:01.046931,26.0,52.0,100,0,100,0
2026-05-25 14:29:02.121320,26.0,52.0,100,0,100,0
2026-05-25 14:29:03.121304,26.0,52.0,100,0,100,0
2026-05-25 14:29:04.180285,26.0,52.0,100,0,100,0
2026-05-25 14:29:05.188771,26.0,52.0,100,0,100,0
2026-05-25 14:29:06.238752,26.0,53.0,100,0,100,0
2026-05-25 14:29:07.239211,26.0,53.0,100,0,100,0
2026-05-25 14:29:08.292028,26.0,53.0,100,0,100,0
2026-05-25 14:29:09.295863,26.0,53.0,100,0,100,0
2026-05-25 14:29:10.361519,26.0,53.0,100,0,100,0
2026-05-25 14:29:11.350426,26.0,53.0,100,0,100,0
2026-05-25 14:29:12.442718,26.0,53.0,100,0,100,0
2026-05-25 14:29:13.445070,26.0,53.0,100,0,100,0
2026-05-25 14:29:14.501885,26.0,53.0,100,0,100,0
2026-05-25 14:29:15.513701,26.0,53.0,100,0,100,0
2026-05-25 14:29:16.557361,26.0,53.0,100,0,100,0
2026-05-25 14:29:17.557171,26.0,53.0,100,0,100,0
2026-05-25 14:29:18.613457,26.0,53.0,100,0,100,0
2026-05-25 14:29:19.613963,26.0,53.0,100,0,100,0
2026-05-25 14:29:20.683311,26.0,53.0,100,0,100,0
2026-05-25 14:29:21.676696,26.0,53.0,100,0,100,0
2026-05-25 14:29:22.769041,26.0,53.0,100,0,100,0
2026-05-25 14:29:23.771375,26.0,54.0,100,0,100,0
2026-05-25 14:29:24.831692,26.0,54.0,100,0,119,0
2026-05-25 14:29:25.837837,26.0,54.0,100,0,126,0
2026-05-25 14:29:26.889319,26.0,54.0,100,0,133,0
2026-05-25 14:29:27.890949,26.0,54.0,100,0,140,0
2026-05-25 14:29:28.948767,26.0,54.0,100,0,148,0
2026-05-25 14:29:29.947141,26.0,54.0,100,0,155,0
2026-05-25 14:29:31.014434,26.0,54.0,100,0,162,0
2026-05-25 14:29:32.006786,26.0,54.0,100,0,169,0
2026-05-25 14:29:33.093113,26.0,54.0,100,0,176,0
2026-05-25 14:29:34.096817,26.0,54.0,100,0,184,0
2026-05-25 14:29:35.148800,26.0,54.0,100,0,191,0
2026-05-25 14:29:36.158339,26.0,54.0,100,0,198,0
2026-05-25 14:29:37.214673,26.0,54.0,100,0,205,0
2026-05-25 14:29:38.204798,26.0,54.0,100,0,212,0
2026-05-25 14:29:39.300837,26.0,53.0,100,0,220,0
2026-05-25 14:29:40.304154,26.0,53.0,100,0,197,0
2026-05-25 14:29:41.360233,26.0,53.0,100,0,202,0
2026-05-25 14:29:42.370416,26.0,53.0,100,0,208,0
2026-05-25 14:29:43.423315,26.0,53.0,100,0,213,0
2026-05-25 14:29:44.426163,26.0,53.0,100,0,219,0
2026-05-25 14:29:45.477001,26.0,53.0,100,0,224,0
2026-05-25 14:29:46.477370,26.0,53.0,100,0,229,0
2026-05-25 14:29:47.545531,26.0,53.0,100,0,235,0
2026-05-25 14:29:48.540635,26.0,53.0,100,0,240,0
2026-05-25 14:29:49.633576,26.0,53.0,100,0,246,0
2026-05-25 14:29:50.633468,26.0,53.0,100,0,251,0
2026-05-25 14:29:51.699102,26.0,53.0,100,0,256,0
2026-05-25 14:29:52.700390,26.0,53.0,100,0,262,0
2026-05-25 14:29:53.791857,26.0,53.0,100,0,267,0
2026-05-25 14:29:54.797533,26.0,53.0,100,0,273,0
2026-05-25 14:29:55.888171,26.0,53.0,100,0,278,0
2026-05-25 14:29:56.865609,26.0,53.0,100,0,283,0
2026-05-25 14:29:57.864645,26.0,53.0,100,0,289,0
2026-05-25 14:29:58.865012,26.0,53.0,100,0,294,0
2026-05-25 14:29:59.868622,26.0,53.0,100,0,300,0
2026-05-25 14:30:00.932620,26.0,52.0,100,0,305,0
2026-05-25 14:30:01.924212,26.0,52.0,100,0,281,0
2026-05-25 14:30:03.020558,26.0,52.0,100,0,284,0
2026-05-25 14:30:04.021364,26.0,52.0,100,0,288,0
2026-05-25 14:30:05.080215,26.0,52.0,100,0,291,0
2026-05-25 14:30:06.093149,26.0,52.0,100,0,295,0
2026-05-25 14:30:07.137160,26.0,52.0,100,0,299,0
2026-05-25 14:30:08.136659,26.0,52.0,100,0,302,0
2026-05-25 14:30:09.191459,26.0,52.0,100,0,306,0
2026-05-25 14:30:10.199557,26.0,50.0,100,0,309,0
2026-05-25 14:30:11.259802,26.0,50.0,100,0,0,0
2026-05-25 14:30:12.246326,26.0,50.0,100,0,0,0
2026-05-25 14:30:13.340620,26.0,49.0,100,0,0,0
2026-05-25 14:30:14.339399,26.0,49.0,100,0,0,0
2026-05-25 14:30:15.400440,26.0,47.0,100,0,0,0
2026-05-25 14:30:16.409720,26.0,46.0,100,0,0,0
2026-05-25 14:30:17.457877,26.0,45.0,100,0,0,0
2026-05-25 14:30:18.458901,26.0,45.0,100,0,0,0
2026-05-25 14:30:19.514727,26.0,43.0,100,0,0,0
2026-05-25 14:30:20.518501,26.0,43.0,100,0,0,0
2026-05-25 14:30:21.579828,26.0,42.0,100,0,0,0
2026-05-25 14:30:22.572647,26.0,42.0,100,0,0,0
2026-05-25 14:30:23.666706,26.0,40.0,100,0,0,0
2026-05-25 14:30:24.666529,26.0,40.0,100,0,0,0
2026-05-25 14:30:25.724487,26.0,40.0,100,0,0,0
2026-05-25 14:30:26.737888,26.0,39.0,100,0,0,0
2026-05-25 14:30:27.784320,26.0,39.0,100,0,0,0
2026-05-25 14:30:28.784295,26.0,39.0,100,0,0,0
2026-05-25 14:30:29.839143,26.0,37.0,100,0,0,0
2026-05-25 14:30:30.844126,26.0,37.0,100,0,0,0
2026-05-25 14:30:31.899073,26.0,37.0,100,0,0,0
2026-05-25 14:30:32.892963,26.0,36.0,100,0,0,0
2026-05-25 14:30:33.929420,26.0,36.0,100,0,0,0
2026-05-25 14:30:34.929462,26.0,36.0,100,0,0,0
2026-05-25 14:30:35.986982,26.0,35.0,100,0,0,0
2026-05-25 14:30:36.998306,26.0,35.0,100,0,0,0
2026-05-25 14:30:38.044400,26.0,35.0,100,0,0,0
2026-05-25 14:30:39.044780,26.0,33.0,100,0,0,0
2026-05-25 14:30:40.100360,26.0,33.0,100,0,0,0
2026-05-25 14:30:41.101077,26.0,33.0,100,0,0,0
2026-05-25 14:30:42.174999,26.0,33.0,100,0,0,0
2026-05-25 14:30:43.164124,26.0,33.0,100,0,0,0
2026-05-25 14:30:44.252416,26.0,33.0,100,0,0,0
2026-05-25 14:30:45.251202,26.0,33.0,100,0,0,0
2026-05-25 14:30:46.309163,26.0,33.0,100,0,0,0
2026-05-25 14:30:47.322018,26.0,32.0,100,0,0,0
2026-05-25 14:30:48.375668,26.0,32.0,100,0,0,0
2026-05-25 14:30:49.376319,26.0,32.0,100,0,0,0
2026-05-25 14:30:50.434526,26.0,32.0,100,0,0,0
2026-05-25 14:30:51.438008,26.0,32.0,100,0,0,0
2026-05-25 14:30:52.494994,26.0,32.0,100,0,0,0
2026-05-25 14:30:53.486929,26.0,32.0,100,0,0,0
2026-05-25 14:30:54.582981,26.0,33.0,100,0,0,0
2026-05-25 14:30:55.584807,26.0,33.0,100,0,0,0
2026-05-25 14:30:56.640231,26.0,33.0,100,0,0,0
2026-05-25 14:30:57.650156,26.0,33.0,100,0,0,0
2026-05-25 14:30:58.706194,26.0,33.0,100,0,0,0
2026-05-25 14:30:59.707082,26.0,33.0,100,0,0,0
2026-05-25 14:31:00.797539,26.0,33.0,100,0,0,0
2026-05-25 14:31:01.801472,26.0,33.0,100,0,0,0
2026-05-25 14:31:02.878474,26.0,33.0,100,0,0,0
2026-05-25 14:31:03.869032,26.0,33.0,100,0,0,0
2026-05-25 14:31:04.976674,26.0,33.0,100,0,0,0
2026-05-25 14:31:05.969237,26.0,33.0,100,0,0,0
2026-05-25 14:31:07.040597,26.0,33.0,100,0,0,0
2026-05-25 14:31:08.051404,26.0,33.0,100,0,0,0
2026-05-25 14:31:09.105318,26.0,33.0,100,0,0,0
2026-05-25 14:31:10.097498,26.0,33.0,100,0,0,0
2026-05-25 14:31:11.179901,26.0,33.0,100,0,0,0
2026-05-25 14:31:12.208339,26.0,35.0,100,0,0,0
2026-05-25 14:31:13.236488,26.0,35.0,100,0,0,0
2026-05-25 14:31:14.246581,26.0,35.0,100,0,0,0
2026-05-25 14:31:15.295965,26.0,35.0,100,0,0,0
2026-05-25 14:31:16.291235,26.0,35.0,100,0,0,0
2026-05-25 14:31:17.356293,26.0,35.0,100,0,0,0
2026-05-25 14:31:18.355418,26.0,36.0,100,0,0,0
2026-05-25 14:31:19.424601,26.0,36.0,100,0,0,0
2026-05-25 14:31:20.415412,26.0,36.0,100,0,0,0
2026-05-25 14:31:21.510099,26.0,36.0,100,0,0,0
2026-05-25 14:31:22.513834,26.0,36.0,100,0,0,0
2026-05-25 14:31:23.566628,26.0,37.0,100,0,0,0
2026-05-25 14:31:24.575139,26.0,37.0,100,0,0,0
2026-05-25 14:31:25.621111,26.0,37.0,100,0,0,0
2026-05-25 14:31:26.621800,26.0,37.0,100,0,0,0
2026-05-25 14:31:27.679561,26.0,37.0,100,0,0,0
2026-05-25 14:31:28.679817,26.0,37.0,100,0,0,0
2026-05-25 14:31:29.753008,26.0,37.0,100,0,0,0
2026-05-25 14:31:30.743134,26.0,37.0,100,0,0,0
2026-05-25 14:31:31.834608,26.0,39.0,100,0,0,0
2026-05-25 14:31:32.839605,26.0,39.0,100,0,0,0
2026-05-25 14:31:33.890183,26.0,39.0,100,0,0,0
2026-05-25 14:31:34.900331,26.0,39.0,100,0,0,0
2026-05-25 14:31:35.948661,26.0,39.0,100,0,0,0
2026-05-25 14:31:36.946671,26.0,39.0,100,0,0,0
2026-05-25 14:31:38.008606,26.0,39.0,100,0,0,0
2026-05-25 14:31:39.005199,26.0,39.0,100,0,0,0
2026-05-25 14:31:40.080052,26.0,39.0,100,0,0,0
2026-05-25 14:31:41.070351,26.0,39.0,100,0,0,0
2026-05-25 14:31:42.157331,26.0,39.0,100,0,0,0
2026-05-25 14:31:43.159965,26.0,39.0,100,0,0,0
2026-05-25 14:31:44.214478,26.0,39.0,100,0,0,0
2026-05-25 14:31:45.228751,26.0,40.0,100,0,0,0
2026-05-25 14:31:46.271615,26.0,40.0,100,0,0,0
2026-05-25 14:31:47.271283,26.0,40.0,100,0,0,0
2026-05-25 14:31:48.331950,26.0,40.0,100,0,0,0
2026-05-25 14:31:49.328497,26.0,40.0,100,0,0,0
2026-05-25 14:31:50.407352,26.0,40.0,100,0,0,0
2026-05-25 14:31:51.389456,26.0,40.0,100,0,0,0
2026-05-25 14:31:52.502963,26.0,40.0,100,0,0,0
2026-05-25 14:31:53.502854,26.0,40.0,100,0,0,0
2026-05-25 14:31:54.580827,26.0,40.0,100,0,0,0
2026-05-25 14:31:55.592343,26.0,40.0,100,0,0,0
2026-05-25 14:31:56.638565,26.0,40.0,100,0,0,0
2026-05-25 14:31:57.637996,26.0,42.0,100,0,0,0
2026-05-25 14:31:58.699868,26.0,42.0,100,0,0,0
2026-05-25 14:31:59.697519,26.0,42.0,100,0,0,0
2026-05-25 14:32:00.763260,26.0,42.0,100,0,0,0
2026-05-25 14:32:01.756854,26.0,42.0,100,0,0,0
2026-05-25 14:32:02.842221,26.0,42.0,100,0,0,0
2026-05-25 14:32:03.845715,26.0,42.0,100,0,0,0
2026-05-25 14:32:04.902407,26.0,43.0,100,0,0,0
2026-05-25 14:32:05.922024,26.0,43.0,100,0,0,0
2026-05-25 14:32:06.972593,26.0,43.0,100,0,0,0
2026-05-25 14:32:07.965252,26.0,43.0,100,0,0,0
2026-05-25 14:32:09.207682,26.0,43.0,100,0,0,0
2026-05-25 14:32:10.033870,26.0,43.0,100,0,0,0
2026-05-25 14:32:11.035162,26.0,43.0,100,0,0,0
2026-05-25 14:32:12.031432,26.0,43.0,100,0,0,0
2026-05-25 14:32:13.031625,26.0,43.0,100,0,0,0
2026-05-25 14:32:14.090986,26.0,43.0,100,0,0,0
2026-05-25 14:32:15.091821,26.0,45.0,100,0,0,0
2026-05-25 14:32:16.151959,26.0,45.0,100,0,0,0
2026-05-25 14:32:17.149093,26.0,45.0,100,0,0,0
2026-05-25 14:32:18.247540,26.0,45.0,100,0,0,0
2026-05-25 14:32:19.256839,26.0,45.0,100,0,0,0
2026-05-25 14:32:20.306325,26.0,45.0,100,0,0,0
2026-05-25 14:32:21.316796,26.0,45.0,100,0,0,0
2026-05-25 14:32:22.362217,26.0,45.0,100,0,0,0
2026-05-25 14:32:23.361999,26.0,45.0,100,0,0,0
2026-05-25 14:32:24.417250,26.0,45.0,100,0,0,0
2026-05-25 14:32:25.416371,26.0,45.0,100,0,0,0
2026-05-25 14:32:26.481773,26.0,46.0,100,0,0,0
2026-05-25 14:32:27.473114,26.0,46.0,100,0,0,0
2026-05-25 14:32:28.567908,26.0,46.0,100,0,0,0
2026-05-25 14:32:29.571392,26.0,46.0,100,0,0,0
2026-05-25 14:32:30.627180,26.0,46.0,99,0,0,0
2026-05-25 14:32:31.640730,26.0,46.0,100,0,0,0
2026-05-25 14:32:32.686643,26.0,46.0,100,0,0,0
2026-05-25 14:32:33.686139,26.0,46.0,100,0,0,0
2026-05-25 14:32:34.745855,26.0,46.0,100,0,0,0
2026-05-25 14:32:35.746808,26.0,46.0,100,0,0,0
2026-05-25 14:32:36.813528,26.0,46.0,100,0,0,0
2026-05-25 14:32:37.808460,26.0,46.0,100,0,0,0
2026-05-25 14:32:38.900899,26.0,46.0,100,0,0,0
2026-05-25 14:32:39.905718,26.0,46.0,100,0,0,0
2026-05-25 14:32:40.956685,26.0,46.0,100,0,0,0
2026-05-25 14:32:41.955515,26.0,46.0,100,0,0,0
2026-05-25 14:32:43.022364,26.0,46.0,100,0,0,0
2026-05-25 14:32:44.013351,26.0,46.0,100,0,0,0
2026-05-25 14:32:45.098853,26.0,46.0,100,0,0,0
2026-05-25 14:32:46.099175,26.0,47.0,100,0,0,0
2026-05-25 14:32:47.154928,26.0,47.0,100,0,0,0
2026-05-25 14:32:48.169128,26.0,47.0,100,0,0,0
2026-05-25 14:32:49.208614,26.0,47.0,100,0,0,0
2026-05-25 14:32:50.212549,26.0,47.0,100,0,0,0
2026-05-25 14:32:51.262226,26.0,47.0,100,0,0,0
2026-05-25 14:32:52.261171,26.0,47.0,100,0,0,0
2026-05-25 14:32:53.331391,26.0,47.0,100,0,0,0
2026-05-25 14:32:54.324857,26.0,47.0,100,0,0,0
2026-05-25 14:32:55.411780,26.0,47.0,100,0,0,0
2026-05-25 14:32:56.408860,26.0,47.0,100,0,0,0
2026-05-25 14:32:57.468420,26.0,47.0,100,0,0,0
2026-05-25 14:32:58.477784,26.0,47.0,100,0,0,0
2026-05-25 14:32:59.529901,26.0,47.0,100,0,0,0
2026-05-25 14:33:00.533205,26.0,47.0,100,0,0,0
2026-05-25 14:33:01.586284,26.0,47.0,100,0,0,0
2026-05-25 14:33:02.588551,26.0,47.0,100,0,0,0
2026-05-25 14:33:03.655660,26.0,47.0,100,0,0,0
2026-05-25 14:33:04.651121,26.0,47.0,100,0,0,0
2026-05-25 14:33:05.735474,26.0,47.0,100,0,0,0
2026-05-25 14:33:06.735365,26.0,47.0,100,0,0,0
2026-05-25 14:33:07.794560,26.0,47.0,100,0,0,0
2026-05-25 14:33:08.794808,26.0,49.0,100,0,0,0
2026-05-25 14:33:09.884101,26.0,49.0,100,0,0,0
2026-05-25 14:33:10.882310,26.0,49.0,100,0,0,0
2026-05-25 14:33:11.850436,26.0,49.0,100,0,0,0
2026-05-25 14:33:12.851309,26.0,49.0,100,0,0,0
2026-05-25 14:33:13.852399,26.0,49.0,100,0,0,0
2026-05-25 14:33:14.917646,26.0,49.0,100,0,0,0
2026-05-25 14:33:15.918042,26.0,49.0,100,0,0,0
2026-05-25 14:33:17.017006,26.0,49.0,100,0,0,0
2026-05-25 14:33:18.016566,26.0,49.0,100,0,0,0
2026-05-25 14:33:19.078779,26.0,49.0,100,0,0,0
2026-05-25 14:33:20.090805,26.0,49.0,100,0,0,0
2026-05-25 14:33:21.138273,26.0,49.0,100,0,0,0
2026-05-25 14:33:22.137614,26.0,49.0,100,0,0,0
2026-05-25 14:33:23.192673,26.0,49.0,100,0,0,0
2026-05-25 14:33:24.194276,26.0,49.0,100,0,0,0
2026-05-25 14:33:25.259344,26.0,49.0,100,0,0,0
2026-05-25 14:33:26.261611,26.0,49.0,100,0,0,0
2026-05-25 14:33:27.343510,26.0,49.0,100,0,0,0
2026-05-25 14:33:28.342676,26.0,49.0,100,0,0,0
2026-05-25 14:33:29.401414,26.0,49.0,100,0,0,0
2026-05-25 14:33:30.409953,26.0,49.0,100,0,0,0
2026-05-25 14:33:31.460654,26.0,49.0,100,0,0,0
2026-05-25 14:33:32.459303,26.0,50.0,100,0,0,0
2026-05-25 14:33:33.514582,26.0,50.0,100,0,0,0
2026-05-25 14:33:34.513962,26.0,50.0,100,0,0,0
2026-05-25 14:33:35.581630,26.0,50.0,100,0,0,0
2026-05-25 14:33:36.581358,26.0,50.0,100,0,0,0
2026-05-25 14:33:37.659526,26.0,50.0,100,0,0,0
2026-05-25 14:33:38.658105,26.0,50.0,100,0,0,0
2026-05-25 14:33:39.712628,26.0,50.0,100,0,0,0
2026-05-25 14:33:40.722691,26.0,50.0,100,0,0,0
2026-05-25 14:33:41.776009,26.0,50.0,100,0,0,0
2026-05-25 14:33:42.777101,26.0,50.0,100,0,0,0
2026-05-25 14:33:43.835626,26.0,50.0,100,0,0,0
2026-05-25 14:33:44.836247,26.0,50.0,100,0,0,0
2026-05-25 14:33:45.904417,26.0,50.0,100,0,0,0
2026-05-25 14:33:46.907700,26.0,50.0,100,0,0,0
2026-05-25 14:33:47.978632,26.0,50.0,100,0,0,0
2026-05-25 14:33:48.976880,26.0,52.0,100,0,0,0
2026-05-25 14:33:50.039985,26.0,52.0,100,0,250,0
2026-05-25 14:33:51.050942,26.0,52.0,100,0,100,0
2026-05-25 14:33:52.172733,26.0,52.0,100,0,100,0
2026-05-25 14:33:53.112835,26.0,52.0,100,0,100,0
2026-05-25 14:33:54.096238,26.0,52.0,100,0,100,0
2026-05-25 14:33:55.100382,26.0,52.0,100,0,100,0
2026-05-25 14:33:56.109744,26.0,52.0,100,0,100,0
2026-05-25 14:33:57.097342,26.0,52.0,100,0,100,0
2026-05-25 14:33:58.096661,26.0,52.0,100,0,100,0
2026-05-25 14:33:59.155932,26.0,52.0,100,0,100,0
2026-05-25 14:34:00.155100,26.0,52.0,100,0,100,0
2026-05-25 14:34:01.212172,26.0,52.0,100,0,100,0
2026-05-25 14:34:02.224741,26.0,52.0,100,0,100,0
2026-05-25 14:34:03.300164,26.0,52.0,100,0,100,0
2026-05-25 14:34:04.289746,26.0,52.0,100,0,100,0
2026-05-25 14:34:05.392442,26.0,52.0,100,0,100,0
2026-05-25 14:34:06.392833,26.0,52.0,100,0,100,0
2026-05-25 14:34:07.449121,26.0,52.0,100,0,100,0
2026-05-25 14:34:08.458485,26.0,52.0,100,0,100,0
2026-05-25 14:34:09.507769,26.0,52.0,100,0,100,0
2026-05-25 14:34:10.508200,26.0,52.0,100,0,100,0
2026-05-25 14:34:11.561332,26.0,52.0,100,0,100,0
2026-05-25 14:34:12.564527,26.0,52.0,100,0,100,0
2026-05-25 14:34:13.625783,26.0,52.0,100,0,100,0
2026-05-25 14:34:14.616619,26.0,52.0,100,0,100,0
2026-05-25 14:34:15.713861,26.0,53.0,100,0,100,0
2026-05-25 14:34:16.709178,26.0,53.0,100,0,100,0
2026-05-25 14:34:17.772709,26.0,53.0,100,0,100,0
2026-05-25 14:34:18.781418,26.0,53.0,100,0,100,0
2026-05-25 14:34:19.833731,26.0,53.0,100,0,100,0
2026-05-25 14:34:20.838088,26.0,53.0,100,0,100,0
2026-05-25 14:34:21.899053,26.0,53.0,100,0,100,0
2026-05-25 14:34:22.903081,26.0,53.0,100,0,100,0
2026-05-25 14:34:23.965776,26.0,53.0,100,0,100,0
2026-05-25 14:34:24.956069,26.0,53.0,100,0,100,0
2026-05-25 14:34:26.036690,26.0,53.0,100,0,100,0
2026-05-25 14:34:27.036945,26.0,53.0,100,0,100,0
2026-05-25 14:34:28.094339,26.0,53.0,100,0,100,0
2026-05-25 14:34:29.109800,26.0,53.0,100,0,100,0
2026-05-25 14:34:30.149982,26.0,53.0,100,0,100,0
2026-05-25 14:34:31.150738,26.0,53.0,100,0,100,0
2026-05-25 14:34:32.204611,26.0,53.0,100,0,100,0
2026-05-25 14:34:33.207539,26.0,53.0,100,0,100,0
2026-05-25 14:34:34.277632,26.0,53.0,100,0,100,0
2026-05-25 14:34:35.266425,26.0,53.0,100,0,100,0
2026-05-25 14:34:36.355127,26.0,53.0,100,0,100,0
2026-05-25 14:34:37.355875,26.0,53.0,100,0,100,0
2026-05-25 14:34:38.414382,26.0,53.0,99,0,100,0
2026-05-25 14:34:39.423662,26.0,53.0,100,0,100,0
2026-05-25 14:34:40.473253,26.0,53.0,100,0,100,0
2026-05-25 14:34:41.476854,26.0,53.0,100,0,100,0
2026-05-25 14:34:42.531236,26.0,53.0,100,0,100,0
2026-05-25 14:34:43.536350,26.0,53.0,100,0,100,0
2026-05-25 14:34:44.599881,26.0,52.0,100,0,100,0
2026-05-25 14:34:45.590350,26.0,52.0,100,0,100,0
2026-05-25 14:34:46.676365,26.0,52.0,100,0,100,0
2026-05-25 14:34:47.676908,26.0,52.0,100,0,100,0
2026-05-25 14:34:48.735642,26.0,52.0,100,0,100,0
2026-05-25 14:34:49.746448,26.0,52.0,100,0,100,0
2026-05-25 14:34:50.790925,26.0,52.0,100,0,100,0
2026-05-25 14:34:51.789661,26.0,52.0,100,0,100,0
2026-05-25 14:34:52.850055,26.0,53.0,100,0,100,0
2026-05-25 14:34:53.853358,26.0,53.0,100,0,100,0
2026-05-25 14:34:54.939657,26.0,53.0,100,0,100,0
2026-05-25 14:34:55.908310,26.0,53.0,100,0,100,0
2026-05-25 14:34:56.977807,26.0,53.0,100,0,100,0
2026-05-25 14:34:57.977950,26.0,52.0,100,0,100,0
2026-05-25 14:34:59.038434,26.0,52.0,100,0,100,0
2026-05-25 14:35:00.050420,26.0,52.0,100,0,100,0
2026-05-25 14:35:01.096578,26.0,52.0,100,0,100,0
2026-05-25 14:35:02.096338,26.0,52.0,100,0,100,0
2026-05-25 14:35:03.158741,26.0,52.0,100,0,100,0
2026-05-25 14:35:04.161683,26.0,52.0,100,0,100,0
2026-05-25 14:35:05.222958,26.0,52.0,100,0,100,0
2026-05-25 14:35:06.215125,26.0,52.0,100,0,100,0
2026-05-25 14:35:07.304328,26.0,52.0,100,0,100,0
2026-05-25 14:35:08.305969,26.0,52.0,100,0,100,0
2026-05-25 14:35:09.358095,26.0,52.0,100,0,100,0
2026-05-25 14:35:10.369459,26.0,52.0,100,0,100,0
2026-05-25 14:35:11.423338,26.0,52.0,100,0,100,0
2026-05-25 14:35:12.413420,26.0,50.0,100,0,100,0
2026-05-25 14:35:13.509914,26.0,50.0,100,0,0,0
2026-05-25 14:35:14.512151,26.0,50.0,100,0,0,0
2026-05-25 14:35:15.564364,26.0,50.0,100,0,0,0
2026-05-25 14:35:16.574352,26.0,50.0,100,0,0,0
2026-05-25 14:35:17.567101,26.0,50.0,100,0,0,0
2026-05-25 14:35:18.565971,26.0,50.0,100,0,0,0
2026-05-25 14:35:19.659246,26.0,50.0,100,0,0,0
2026-05-25 14:35:20.626672,26.0,50.0,100,0,0,0
2026-05-25 14:35:21.747398,26.0,50.0,100,0,0,0
2026-05-25 14:35:22.735157,26.0,50.0,100,0,0,0
2026-05-25 14:35:23.843214,26.0,50.0,100,0,0,0
2026-05-25 14:35:24.848749,26.0,50.0,100,0,0,0
2026-05-25 14:35:25.908469,26.0,50.0,100,0,0,0
2026-05-25 14:35:26.917902,26.0,50.0,100,0,0,0
2026-05-25 14:35:27.975165,26.0,50.0,100,0,0,0
2026-05-25 14:35:28.966167,26.0,50.0,100,0,0,0
2026-05-25 14:35:30.067428,26.0,50.0,100,0,0,0
2026-05-25 14:35:31.066365,26.0,50.0,100,0,0,0
2026-05-25 14:35:32.127573,26.0,50.0,100,0,0,0
2026-05-25 14:35:33.140480,26.0,50.0,100,0,0,0
2026-05-25 14:35:34.196064,26.0,50.0,100,0,0,0
2026-05-25 14:35:35.196727,26.0,50.0,100,0,0,0
2026-05-25 14:35:36.277937,26.0,50.0,100,0,0,0
2026-05-25 14:35:37.277333,26.0,50.0,100,0,0,0
2026-05-25 14:35:38.335559,26.0,49.0,100,0,0,0
2026-05-25 14:35:39.346526,26.0,49.0,100,0,0,0
2026-05-25 14:35:40.401697,26.0,49.0,100,0,0,0
2026-05-25 14:35:41.391298,26.0,49.0,100,0,0,0
2026-05-25 14:35:42.484442,26.0,49.0,100,0,0,0
2026-05-25 14:35:43.484851,26.0,49.0,100,0,0,0
2026-05-25 14:35:44.541693,26.0,49.0,100,0,0,0
2026-05-25 14:35:45.553304,26.0,49.0,100,0,0,0
2026-05-25 14:35:46.600512,26.0,49.0,100,0,0,0
2026-05-25 14:35:47.599949,26.0,49.0,100,0,0,0
2026-05-25 14:35:48.657952,26.0,49.0,100,0,0,0
2026-05-25 14:35:49.654730,26.0,49.0,100,0,0,0
2026-05-25 14:35:50.728613,26.0,49.0,100,0,0,0
2026-05-25 14:35:51.738123,26.0,49.0,100,0,0,0
2026-05-25 14:35:52.792110,26.0,49.0,100,0,0,0
2026-05-25 14:35:53.796487,26.0,49.0,100,0,0,0
2026-05-25 14:35:54.846977,26.0,49.0,100,0,0,0
2026-05-25 14:35:55.850683,26.0,49.0,100,0,0,0
2026-05-25 14:35:56.916316,26.0,49.0,100,0,0,0
2026-05-25 14:35:57.906904,26.0,49.0,100,0,0,0
2026-05-25 14:35:59.001550,26.0,49.0,100,0,0,0
2026-05-25 14:36:00.001135,26.0,49.0,100,0,0,0
2026-05-25 14:36:01.059924,26.0,49.0,100,0,0,0
2026-05-25 14:36:02.064932,26.0,49.0,100,0,0,0
2026-05-25 14:36:03.121413,26.0,49.0,100,0,0,0
2026-05-25 14:36:04.124878,26.0,49.0,100,0,0,0
2026-05-25 14:36:05.182101,26.0,49.0,100,0,0,0
2026-05-25 14:36:06.186640,26.0,49.0,100,0,0,0
2026-05-25 14:36:07.247329,26.0,49.0,100,0,0,0
2026-05-25 14:36:08.237838,26.0,49.0,100,0,0,0
2026-05-25 14:36:09.335070,26.0,49.0,100,0,0,0
2026-05-25 14:36:10.334361,26.0,49.0,100,0,0,0
2026-05-25 14:36:11.393205,26.0,49.0,100,0,0,0
2026-05-25 14:36:12.401272,26.0,49.0,100,0,0,0
2026-05-25 14:36:13.460225,26.0,49.0,100,0,0,0
2026-05-25 14:36:14.454471,26.0,49.0,99,0,0,0
2026-05-25 14:36:15.545859,26.0,49.0,100,0,0,0
2026-05-25 14:36:16.548614,26.0,49.0,100,0,0,0
2026-05-25 14:36:17.603938,26.0,49.0,100,0,0,0
2026-05-25 14:36:18.610974,26.0,49.0,100,0,0,0
2026-05-25 14:36:19.672725,26.0,49.0,100,0,0,0
2026-05-25 14:36:20.660037,26.0,49.0,100,0,0,0
2026-05-25 14:36:21.760638,26.0,49.0,100,0,0,0
2026-05-25 14:36:22.758130,26.0,49.0,100,0,0,0
2026-05-25 14:36:23.822006,26.0,49.0,100,0,0,0
2026-05-25 14:36:24.841735,26.0,49.0,100,0,0,0
2026-05-25 14:36:25.883205,26.0,49.0,100,0,0,0
2026-05-25 14:36:26.888552,26.0,49.0,100,0,0,0
2026-05-25 14:36:27.939288,26.0,49.0,100,0,0,0
2026-05-25 14:36:28.943133,26.0,49.0,100,0,0,0
2026-05-25 14:36:30.020488,26.0,49.0,100,0,0,0
2026-05-25 14:36:30.999408,26.0,49.0,100,0,0,0
2026-05-25 14:36:32.211200,26.0,49.0,100,0,0,0
2026-05-25 14:36:33.099582,26.0,49.0,100,0,0,0
2026-05-25 14:36:34.098319,26.0,49.0,100,0,0,0
2026-05-25 14:36:35.110306,26.0,49.0,100,0,0,0
2026-05-25 14:36:36.100077,26.0,49.0,100,0,0,0
2026-05-25 14:36:37.107434,26.0,49.0,100,0,0,0
2026-05-25 14:36:38.104383,26.0,49.0,100,0,0,0
2026-05-25 14:36:39.172983,26.0,49.0,100,0,0,0
2026-05-25 14:36:40.180029,26.0,49.0,100,0,0,0
2026-05-25 14:36:41.229536,26.0,50.0,100,0,0,0
2026-05-25 14:36:42.233925,26.0,50.0,100,0,0,0
2026-05-25 14:36:43.286383,26.0,50.0,100,0,0,0
2026-05-25 14:36:44.284653,26.0,50.0,100,0,0,0
2026-05-25 14:36:45.352462,26.0,50.0,100,0,0,0
2026-05-25 14:36:46.341817,26.0,50.0,100,0,0,0
2026-05-25 14:36:47.432435,26.0,50.0,100,0,0,0
2026-05-25 14:36:48.432402,26.0,50.0,100,0,0,0
2026-05-25 14:36:49.489691,26.0,50.0,100,0,0,0
2026-05-25 14:36:50.499157,26.0,50.0,100,0,0,0
2026-05-25 14:36:51.545995,26.0,50.0,100,0,0,0
2026-05-25 14:36:52.549753,26.0,50.0,100,0,0,0
2026-05-25 14:36:53.603313,26.0,50.0,100,0,0,0
2026-05-25 14:36:55.675249,26.0,50.0,100,0,0,0
2026-05-25 14:36:56.780505,26.0,50.0,100,0,0,0
2026-05-25 14:36:57.725191,26.0,50.0,100,0,0,0
2026-05-25 14:36:58.726638,26.0,50.0,100,0,0,0
2026-05-25 14:36:59.778812,26.0,50.0,100,0,0,0
2026-05-25 14:37:00.789759,26.0,50.0,100,0,0,0
2026-05-25 14:37:01.834753,26.0,50.0,100,0,0,0
2026-05-25 14:37:02.837299,26.0,50.0,100,0,0,0
2026-05-25 14:37:03.890888,26.0,50.0,100,0,0,0
2026-05-25 14:37:04.890038,26.0,50.0,100,0,0,0
2026-05-25 14:37:05.961280,26.0,50.0,100,0,0,0
2026-05-25 14:37:06.951130,26.0,50.0,100,0,0,0
2026-05-25 14:37:08.045051,26.0,50.0,100,0,0,0
2026-05-25 14:37:09.043489,26.0,50.0,100,0,0,0
2026-05-25 14:37:10.100934,26.0,52.0,100,0,0,0
2026-05-25 14:37:11.112459,26.0,52.0,100,0,250,0
2026-05-25 14:37:12.155349,26.0,52.0,100,0,100,0
2026-05-25 14:37:13.159058,26.0,52.0,100,0,100,0
2026-05-25 14:37:14.214726,26.0,52.0,100,0,100,0
2026-05-25 14:37:15.213406,26.0,52.0,100,0,100,0
2026-05-25 14:37:16.284312,26.0,52.0,100,0,100,0
2026-05-25 14:37:17.279673,26.0,52.0,100,0,100,0
2026-05-25 14:37:18.366527,26.0,52.0,100,0,100,0
2026-05-25 14:37:19.366674,26.0,52.0,100,0,100,0
2026-05-25 14:37:20.421606,26.0,52.0,100,0,100,0
2026-05-25 14:37:21.431656,26.0,52.0,100,0,100,0
2026-05-25 14:37:22.485316,26.0,52.0,100,0,100,0
2026-05-25 14:37:23.490243,26.0,52.0,100,0,100,0
2026-05-25 14:37:24.542622,26.0,52.0,100,0,100,0
2026-05-25 14:37:25.546551,26.0,52.0,100,0,100,0
2026-05-25 14:37:26.612067,26.0,52.0,99,0,100,0
2026-05-25 14:37:27.603660,26.0,52.0,100,0,100,0
2026-05-25 14:37:28.702181,26.0,52.0,100,0,100,0
2026-05-25 14:37:29.700840,26.0,52.0,100,0,100,0
2026-05-25 14:37:30.760791,26.0,52.0,100,0,100,0
2026-05-25 14:37:31.776227,26.0,52.0,100,0,100,0
2026-05-25 14:37:32.873150,26.0,52.0,100,0,100,0
2026-05-25 14:37:33.874415,26.0,52.0,100,0,100,0
2026-05-25 14:37:34.879556,26.0,52.0,100,0,100,0
2026-05-25 14:37:35.879599,26.0,52.0,100,0,100,0
2026-05-25 14:37:36.951682,26.0,53.0,100,0,100,0
2026-05-25 14:37:37.939867,26.0,53.0,100,0,100,0
2026-05-25 14:37:39.034278,26.0,53.0,100,0,100,0
2026-05-25 14:37:40.032610,26.0,53.0,100,0,100,0
2026-05-25 14:37:41.096396,26.0,53.0,100,0,100,0
2026-05-25 14:37:42.105458,26.0,53.0,100,0,100,0
2026-05-25 14:37:43.152425,26.0,53.0,100,0,100,0
2026-05-25 14:37:44.156487,26.0,53.0,100,0,100,0
2026-05-25 14:37:45.210256,26.0,53.0,100,0,100,0
2026-05-25 14:37:46.210303,26.0,53.0,100,0,100,0
2026-05-25 14:37:47.281002,26.0,53.0,100,0,100,0
2026-05-25 14:37:48.268484,26.0,53.0,100,0,100,0
2026-05-25 14:37:49.361823,26.0,53.0,100,0,100,0
2026-05-25 14:37:50.362842,26.0,53.0,100,0,100,0
2026-05-25 14:37:51.419138,26.0,53.0,100,0,100,0
2026-05-25 14:37:52.429359,26.0,53.0,100,0,100,0
2026-05-25 14:37:53.472365,26.0,53.0,100,0,100,0
2026-05-25 14:37:54.486797,26.0,53.0,100,0,100,0
2026-05-25 14:37:55.533451,26.0,53.0,100,0,100,0
2026-05-25 14:37:56.534624,26.0,53.0,100,0,100,0
2026-05-25 14:37:57.605873,26.0,53.0,100,0,100,0
2026-05-25 14:37:58.592679,26.0,53.0,100,0,100,0
2026-05-25 14:37:59.697559,26.0,53.0,100,0,100,0
2026-05-25 14:38:00.697379,26.0,53.0,100,0,100,0
2026-05-25 14:38:01.755423,26.0,53.0,100,0,100,0
2026-05-25 14:38:02.763409,26.0,53.0,100,0,100,0
2026-05-25 14:38:03.816596,26.0,52.0,100,0,100,0
2026-05-25 14:38:04.816351,26.0,53.0,100,0,100,0
2026-05-25 14:38:05.874765,26.0,53.0,100,0,100,0
2026-05-25 14:38:06.874662,26.0,53.0,100,0,100,0
2026-05-25 14:38:07.938152,26.0,53.0,100,0,100,0
2026-05-25 14:38:08.929031,26.0,53.0,100,0,100,0
2026-05-25 14:38:10.024150,26.0,53.0,100,0,100,0
2026-05-25 14:38:11.022551,26.0,53.0,100,0,100,0
2026-05-25 14:38:12.083900,26.0,53.0,100,0,100,0
2026-05-25 14:38:13.092666,26.0,53.0,100,0,100,0
2026-05-25 14:38:14.148516,26.0,53.0,100,0,100,0
2026-05-25 14:38:15.147493,26.0,53.0,100,0,100,0
2026-05-25 14:38:16.206699,26.0,53.0,100,0,100,0
2026-05-25 14:38:17.206068,26.0,53.0,100,0,100,0
2026-05-25 14:38:18.207516,26.0,53.0,100,0,100,0
2026-05-25 14:38:19.208508,26.0,53.0,100,0,100,0
2026-05-25 14:38:20.289973,26.0,53.0,100,0,100,0
2026-05-25 14:38:22.342980,26.0,54.0,100,0,100,0
2026-05-25 14:38:23.352656,26.0,54.0,100,0,119,0
2026-05-25 14:38:24.398059,26.0,54.0,100,0,126,0
2026-05-25 14:38:25.402268,26.0,54.0,100,0,133,0
2026-05-25 14:38:26.453438,26.0,54.0,100,0,140,0
2026-05-25 14:38:27.455853,26.0,54.0,100,0,148,0
2026-05-25 14:38:28.516090,26.0,54.0,100,0,155,0
2026-05-25 14:38:29.506280,26.0,53.0,100,0,162,0
2026-05-25 14:38:30.593045,26.0,53.0,100,0,139,0
2026-05-25 14:38:31.594645,26.0,53.0,100,0,145,0
2026-05-25 14:38:32.652682,26.0,53.0,100,0,150,0
2026-05-25 14:38:33.676899,26.0,53.0,100,0,156,0
2026-05-25 14:38:34.714370,26.0,53.0,100,0,161,0
2026-05-25 14:38:35.716811,26.0,53.0,100,0,166,0
2026-05-25 14:38:36.773793,26.0,53.0,99,0,172,0
2026-05-25 14:38:37.779622,26.0,53.0,100,0,177,0
2026-05-25 14:38:38.843484,26.0,53.0,100,0,183,0
2026-05-25 14:38:39.828806,26.0,53.0,100,0,188,0
2026-05-25 14:38:40.931893,26.0,53.0,100,0,193,0
2026-05-25 14:38:41.931621,26.0,53.0,100,0,199,0
2026-05-25 14:38:42.991351,26.0,53.0,100,0,204,0
2026-05-25 14:38:44.003460,26.0,53.0,100,0,210,0
2026-05-25 14:38:45.043909,26.0,53.0,100,0,215,0
2026-05-25 14:38:46.046842,26.0,53.0,100,0,220,0
2026-05-25 14:38:47.099279,26.0,53.0,100,0,226,0
2026-05-25 14:38:48.099475,26.0,53.0,100,0,231,0
2026-05-25 14:38:49.163050,26.0,53.0,100,0,237,0
2026-05-25 14:38:50.155450,26.0,53.0,100,0,242,0
2026-05-25 14:38:51.253638,26.0,52.0,100,0,247,0
2026-05-25 14:38:52.254809,26.0,52.0,100,0,223,0
2026-05-25 14:38:53.308189,26.0,52.0,100,0,227,0
2026-05-25 14:38:54.320493,26.0,52.0,100,0,230,0
2026-05-25 14:38:55.364664,26.0,52.0,100,0,234,0
2026-05-25 14:38:56.368974,26.0,52.0,100,0,237,0
2026-05-25 14:38:57.422077,26.0,52.0,100,0,241,0
2026-05-25 14:38:58.421155,26.0,52.0,100,0,245,0
2026-05-25 14:38:59.479017,26.0,52.0,100,0,248,0
2026-05-25 14:39:00.487126,26.0,52.0,100,0,252,0
2026-05-25 14:39:01.536624,26.0,50.0,100,0,255,0
2026-05-25 14:39:02.538142,26.0,50.0,100,0,0,0
2026-05-25 14:39:03.596412,26.0,50.0,100,0,0,0
2026-05-25 14:39:04.596513,26.0,50.0,100,0,0,0
2026-05-25 14:39:05.659421,26.0,50.0,100,0,0,0
2026-05-25 14:39:06.650154,26.0,50.0,100,0,0,0
2026-05-25 14:39:07.736534,26.0,50.0,100,0,0,0
2026-05-25 14:39:08.736877,26.0,50.0,100,0,0,0
2026-05-25 14:39:09.794787,26.0,49.0,100,0,0,0
2026-05-25 14:39:10.806254,26.0,49.0,100,0,0,0
2026-05-25 14:39:11.850659,26.0,49.0,100,0,0,0
2026-05-25 14:39:12.849465,26.0,49.0,100,0,0,0
2026-05-25 14:39:13.907432,26.0,49.0,100,0,0,0
2026-05-25 14:39:14.907330,26.0,49.0,100,0,0,0
2026-05-25 14:39:15.975160,26.0,49.0,100,0,0,0
2026-05-25 14:39:16.974915,26.0,49.0,100,0,0,0
2026-05-25 14:39:18.055683,26.0,49.0,100,0,0,0
2026-05-25 14:39:19.055407,26.0,49.0,100,0,0,0
2026-05-25 14:39:20.112047,26.0,49.0,100,0,0,0
2026-05-25 14:39:21.121731,26.0,49.0,100,0,0,0
2026-05-25 14:39:22.178802,26.0,49.0,100,0,0,0
2026-05-25 14:39:23.170934,26.0,49.0,100,0,0,0
2026-05-25 14:39:24.257251,26.0,49.0,100,0,0,0
2026-05-25 14:39:25.258115,26.0,49.0,100,0,0,0
2026-05-25 14:39:26.320054,26.0,47.0,100,0,0,0
2026-05-25 14:39:27.330290,26.0,47.0,100,0,0,0
2026-05-25 14:39:28.356211,26.0,47.0,100,0,0,0
2026-05-25 14:39:29.357021,26.0,47.0,100,0,0,0
2026-05-25 14:39:30.415932,26.0,46.0,99,0,0,0
2026-05-25 14:39:31.413009,26.0,46.0,100,0,0,0
2026-05-25 14:39:32.494523,26.0,46.0,100,0,0,0
2026-05-25 14:39:33.470583,26.0,46.0,99,0,0,0
2026-05-25 14:39:34.572253,26.0,46.0,100,0,0,0
2026-05-25 14:39:35.572785,26.0,45.0,100,0,0,0
2026-05-25 14:39:36.625825,26.0,45.0,100,0,0,0
2026-05-25 14:39:37.649978,26.0,45.0,100,0,0,0
2026-05-25 14:39:38.682741,26.0,43.0,100,0,0,0
2026-05-25 14:39:39.681592,26.0,43.0,100,0,0,0
2026-05-25 14:39:40.738415,26.0,42.0,100,0,0,0
2026-05-25 14:39:41.738864,26.0,42.0,100,0,0,0
2026-05-25 14:39:42.818184,26.0,40.0,100,0,0,0
2026-05-25 14:39:43.797958,26.0,40.0,100,0,0,0
2026-05-25 14:39:44.909583,26.0,39.0,100,0,0,0
2026-05-25 14:39:45.912713,26.0,39.0,100,0,0,0
2026-05-25 14:39:46.966543,26.0,39.0,100,0,0,0
2026-05-25 14:39:47.981970,26.0,39.0,100,0,0,0
2026-05-25 14:39:49.027444,26.0,37.0,100,0,0,0
2026-05-25 14:39:50.027073,26.0,37.0,100,0,0,0
2026-05-25 14:39:51.086250,26.0,37.0,100,0,0,0
2026-05-25 14:39:52.089526,26.0,37.0,100,0,0,0
2026-05-25 14:39:53.157666,26.0,37.0,100,0,0,0
2026-05-25 14:39:54.144514,26.0,36.0,100,0,0,0
2026-05-25 14:39:55.235922,26.0,36.0,100,0,0,0
2026-05-25 14:39:56.232864,26.0,36.0,100,0,0,0
2026-05-25 14:39:57.294159,26.0,36.0,100,0,0,0
2026-05-25 14:39:58.302800,26.0,36.0,100,0,0,0
2026-05-25 14:39:59.325080,26.0,36.0,100,0,0,0
2026-05-25 14:40:00.325613,26.0,36.0,100,0,0,0
2026-05-25 14:40:01.384052,26.0,36.0,100,0,0,0
2026-05-25 14:40:02.385430,26.0,35.0,100,0,0,0
2026-05-25 14:40:03.497047,26.0,35.0,100,0,0,0
2026-05-25 14:40:04.440471,26.0,35.0,100,0,0,0
2026-05-25 14:40:05.440679,26.0,36.0,100,0,0,0
2026-05-25 14:40:06.441426,26.0,36.0,100,0,0,0
2026-05-25 14:40:07.441129,26.0,36.0,100,0,0,0
2026-05-25 14:40:08.498365,26.0,36.0,100,0,0,0
2026-05-25 14:40:09.510012,26.0,36.0,100,0,0,0
2026-05-25 14:40:10.552703,26.0,36.0,100,0,0,0
2026-05-25 14:40:11.552954,26.0,36.0,100,0,0,0
2026-05-25 14:40:12.607064,26.0,36.0,100,0,0,0
2026-05-25 14:40:13.610700,26.0,36.0,100,0,0,0
2026-05-25 14:40:14.678657,26.0,36.0,100,0,0,0
2026-05-25 14:40:15.667653,26.0,36.0,100,0,0,0
2026-05-25 14:40:16.757000,26.0,37.0,100,0,0,0
2026-05-25 14:40:17.757021,26.0,37.0,100,0,0,0
2026-05-25 14:40:18.813317,26.0,37.0,100,0,0,0
2026-05-25 14:40:19.820593,26.0,37.0,100,0,0,0
2026-05-25 14:40:20.874019,26.0,37.0,100,0,0,0
2026-05-25 14:40:21.873603,26.0,37.0,100,0,0,0
2026-05-25 14:40:22.930807,26.0,37.0,100,0,0,0
2026-05-25 14:40:24.039375,26.0,37.0,100,0,0,0
2026-05-25 14:40:24.998761,26.0,37.0,100,0,0,0
2026-05-25 14:40:25.995577,26.0,37.0,100,0,0,0
2026-05-25 14:40:27.078752,26.0,37.0,100,0,0,0
2026-05-25 14:40:28.075407,26.0,37.0,100,0,0,0
2026-05-25 14:40:29.078127,26.0,39.0,100,0,0,0
2026-05-25 14:40:30.083183,26.0,39.0,100,0,0,0
2026-05-25 14:40:31.143148,26.0,39.0,100,0,0,0
2026-05-25 14:40:32.136326,26.0,39.0,100,0,0,0
2026-05-25 14:40:33.228880,26.0,39.0,100,0,0,0
2026-05-25 14:40:34.232323,26.0,39.0,100,0,0,0
2026-05-25 14:40:35.231094,26.0,40.0,100,0,0,0
2026-05-25 14:40:36.233191,26.0,40.0,100,0,0,0
2026-05-25 14:40:37.293335,26.0,40.0,100,0,0,0
2026-05-25 14:40:38.292601,26.0,40.0,100,0,0,0
2026-05-25 14:40:39.348433,26.0,40.0,100,0,0,0
2026-05-25 14:40:40.354997,26.0,40.0,100,0,0,0
2026-05-25 14:40:41.417896,26.0,40.0,100,0,0,0
2026-05-25 14:40:42.405713,26.0,40.0,100,0,0,0
2026-05-25 14:40:43.511394,26.0,40.0,100,0,0,0
2026-05-25 14:40:44.508635,26.0,42.0,100,0,0,0
2026-05-25 14:40:45.594979,26.0,42.0,100,0,0,0
2026-05-25 14:40:46.607187,26.0,42.0,100,0,0,0
2026-05-25 14:40:47.659685,26.0,42.0,100,0,0,0
2026-05-25 14:40:48.655673,26.0,42.0,100,0,0,0
2026-05-25 14:40:49.721392,26.0,42.0,100,0,0,0
2026-05-25 14:40:50.720410,26.0,42.0,100,0,0,0
2026-05-25 14:40:51.786458,26.0,42.0,100,0,0,0
2026-05-25 14:40:52.785474,26.0,42.0,100,0,0,0
2026-05-25 14:40:53.880817,26.0,42.0,100,0,0,0
2026-05-25 14:40:54.880479,26.0,42.0,100,0,0,0
2026-05-25 14:40:55.882201,26.0,42.0,100,0,0,0
2026-05-25 14:40:56.884089,26.0,42.0,100,0,0,0
2026-05-25 14:40:57.954823,26.0,43.0,100,0,0,0
2026-05-25 14:40:58.945172,26.0,43.0,100,0,0,0
2026-05-25 14:41:00.004482,26.0,43.0,100,0,0,0
2026-05-25 14:41:01.004675,26.0,43.0,100,0,0,0
2026-05-25 14:41:02.059121,26.0,43.0,100,0,0,0
2026-05-25 14:41:03.074215,26.0,43.0,100,0,0,0
2026-05-25 14:41:04.116498,26.0,43.0,100,0,0,0
2026-05-25 14:41:05.119820,26.0,43.0,100,0,0,0
2026-05-25 14:41:06.171457,26.0,43.0,100,0,0,0
2026-05-25 14:41:07.171371,26.0,43.0,100,0,0,0
2026-05-25 14:41:08.238658,26.0,43.0,100,0,0,0
2026-05-25 14:41:09.228494,26.0,43.0,100,0,0,0
2026-05-25 14:41:10.317810,26.0,43.0,100,0,0,0
2026-05-25 14:41:11.318654,26.0,43.0,100,0,0,0
2026-05-25 14:41:12.377053,26.0,43.0,100,0,0,0
2026-05-25 14:41:13.389376,26.0,43.0,100,0,0,0
2026-05-25 14:41:14.435918,26.0,43.0,100,0,0,0
2026-05-25 14:41:15.440635,26.0,45.0,100,0,0,0
2026-05-25 14:41:16.491438,26.0,45.0,100,0,0,0
2026-05-25 14:41:17.492578,26.0,45.0,100,0,0,0
2026-05-25 14:41:18.555909,26.0,45.0,99,0,0,0
2026-05-25 14:41:19.546018,26.0,45.0,100,0,0,0
2026-05-25 14:41:20.640442,26.0,45.0,100,0,0,0
2026-05-25 14:41:21.641868,26.0,45.0,100,0,0,0
2026-05-25 14:41:22.704908,26.0,45.0,100,0,0,0
2026-05-25 14:41:23.715704,26.0,45.0,100,0,0,0
2026-05-25 14:41:24.768476,26.0,45.0,100,0,0,0
2026-05-25 14:41:25.763991,26.0,45.0,100,0,0,0
2026-05-25 14:41:26.857225,26.0,45.0,100,0,0,0
2026-05-25 14:41:27.852504,26.0,45.0,100,0,0,0
2026-05-25 14:41:28.931961,26.0,45.0,100,0,0,0
2026-05-25 14:41:29.940205,26.0,45.0,100,0,0,0
2026-05-25 14:41:30.987976,26.0,45.0,100,0,0,0
2026-05-25 14:41:31.987825,26.0,45.0,100,0,0,0
2026-05-25 14:41:33.046962,26.0,45.0,100,0,0,0
2026-05-25 14:41:34.047654,26.0,45.0,100,0,0,0
2026-05-25 14:41:35.107429,26.0,46.0,100,0,0,0
2026-05-25 14:41:36.115239,26.0,46.0,100,0,0,0
2026-05-25 14:41:37.192068,26.0,46.0,100,0,0,0
2026-05-25 14:41:38.198325,26.0,46.0,100,0,0,0
2026-05-25 14:41:39.249551,26.0,46.0,100,0,0,0
2026-05-25 14:41:40.250804,26.0,46.0,100,0,0,0
2026-05-25 14:41:41.315253,26.0,46.0,100,0,0,0
2026-05-25 14:41:42.310657,26.0,46.0,100,0,0,0
2026-05-25 14:41:43.392351,26.0,46.0,100,0,0,0
2026-05-25 14:41:45.448595,26.0,46.0,100,0,0,0
2026-05-25 14:41:46.461029,26.0,46.0,100,0,0,0
2026-05-25 14:41:47.546181,26.0,46.0,100,0,0,0
2026-05-25 14:41:48.506595,26.0,46.0,100,0,0,0
2026-05-25 14:41:49.507111,26.0,46.0,100,0,0,0
2026-05-25 14:41:50.506760,26.0,46.0,100,0,0,0
2026-05-25 14:41:51.639551,26.0,46.0,100,0,0,0
2026-05-25 14:41:52.572559,26.0,46.0,100,0,0,0
2026-05-25 14:41:53.567898,26.0,46.0,100,0,0,0
2026-05-25 14:41:54.632523,26.0,46.0,100,0,0,0
2026-05-25 14:41:55.632040,26.0,46.0,100,0,0,0
2026-05-25 14:41:56.707526,26.0,46.0,100,0,0,0
2026-05-25 14:41:57.698183,26.0,46.0,100,0,0,0
2026-05-25 14:41:58.789806,26.0,46.0,100,0,0,0
2026-05-25 14:41:59.787925,26.0,47.0,100,0,0,0
2026-05-25 14:42:00.817176,26.0,47.0,100,0,0,0
2026-05-25 14:42:01.823043,26.0,47.0,100,0,0,0
2026-05-25 14:42:02.883559,26.0,47.0,100,0,0,0
2026-05-25 14:42:04.956962,26.0,47.0,100,0,0,0
2026-05-25 14:42:05.957289,26.0,47.0,100,0,0,0
2026-05-25 14:42:07.013552,26.0,47.0,100,0,0,0
2026-05-25 14:42:08.021456,26.0,47.0,100,0,0,0
2026-05-25 14:42:09.070020,26.0,47.0,100,0,0,0
2026-05-25 14:42:10.068866,26.0,47.0,100,0,0,0
2026-05-25 14:42:11.125611,26.0,47.0,100,0,0,0
2026-05-25 14:42:12.128118,26.0,47.0,100,0,0,0
2026-05-25 14:42:13.192621,26.0,47.0,100,0,0,0
2026-05-25 14:42:14.182933,26.0,47.0,100,0,0,0
2026-05-25 14:42:15.276733,26.0,47.0,100,0,0,0
2026-05-25 14:42:16.276466,26.0,47.0,100,0,0,0
2026-05-25 14:42:17.332640,26.0,47.0,100,0,0,0
2026-05-25 14:42:18.344518,26.0,47.0,100,0,0,0
2026-05-25 14:42:19.391348,26.0,47.0,100,0,0,0
2026-05-25 14:42:20.391239,26.0,49.0,100,0,0,0
2026-05-25 14:42:21.448916,26.0,49.0,100,0,0,0
2026-05-25 14:42:22.445574,26.0,49.0,100,0,0,0
2026-05-25 14:42:23.524041,26.0,49.0,100,0,0,0
2026-05-25 14:42:24.515943,26.0,49.0,100,0,0,0
2026-05-25 14:42:25.612336,26.0,49.0,100,0,0,0
2026-05-25 14:42:26.612492,26.0,49.0,100,0,0,0
2026-05-25 14:42:27.669251,26.0,49.0,100,0,0,0
2026-05-25 14:42:28.677775,26.0,49.0,100,0,0,0
2026-05-25 14:42:29.731188,26.0,49.0,100,0,0,0
2026-05-25 14:42:30.736587,26.0,49.0,100,0,0,0
2026-05-25 14:42:31.792179,26.0,49.0,99,0,0,0
2026-05-25 14:42:32.795598,26.0,49.0,100,0,0,0
2026-05-25 14:42:33.858597,26.0,49.0,100,0,0,0
2026-05-25 14:42:34.861358,26.0,49.0,100,0,0,0
2026-05-25 14:42:35.940033,26.0,49.0,100,0,0,0
2026-05-25 14:42:36.940943,26.0,49.0,100,0,0,0
2026-05-25 14:42:37.998906,26.0,50.0,100,0,0,0
2026-05-25 14:42:39.000519,26.0,50.0,100,0,0,0
2026-05-25 14:42:40.062936,26.0,50.0,100,0,0,0
2026-05-25 14:42:41.055929,26.0,50.0,100,0,0,0
2026-05-25 14:42:42.143411,26.0,50.0,100,0,0,0
2026-05-25 14:42:43.146079,26.0,50.0,100,0,0,0
2026-05-25 14:42:44.200398,26.0,50.0,100,0,0,0
2026-05-25 14:42:45.212062,26.0,50.0,100,0,0,0
2026-05-25 14:42:46.258470,26.0,50.0,100,0,0,0
2026-05-25 14:42:47.260077,26.0,50.0,100,0,0,0
2026-05-25 14:42:48.318113,26.0,50.0,100,0,0,0
2026-05-25 14:42:49.315640,26.0,50.0,100,0,0,0
2026-05-25 14:42:50.382520,27.0,50.0,100,0,0,0
2026-05-25 14:42:51.376944,27.0,50.0,100,0,0,0
2026-05-25 14:42:52.463234,27.0,50.0,100,0,0,0
2026-05-25 14:42:53.468629,27.0,50.0,100,0,0,0
2026-05-25 14:42:54.525350,27.0,50.0,100,0,0,0
2026-05-25 14:42:55.536865,27.0,50.0,100,0,0,0
2026-05-25 14:42:56.608312,26.0,50.0,100,0,0,0
2026-05-25 14:42:58.691538,27.0,52.0,100,0,0,0
2026-05-25 14:42:59.693460,27.0,52.0,100,0,250,0
2026-05-25 14:43:00.704072,27.0,52.0,100,0,100,0
2026-05-25 14:43:01.697015,27.0,52.0,100,0,100,0
2026-05-25 14:43:02.692421,27.0,52.0,100,0,100,0
2026-05-25 14:43:03.704222,27.0,52.0,100,0,100,0
2026-05-25 14:43:04.693672,27.0,52.0,100,0,100,0
2026-05-25 14:43:05.694058,27.0,52.0,100,0,100,0
2026-05-25 14:43:06.704731,27.0,52.0,100,0,100,0
2026-05-25 14:43:07.760091,27.0,52.0,100,0,100,0
2026-05-25 14:43:08.761295,27.0,52.0,100,0,100,0
2026-05-25 14:43:09.842093,27.0,52.0,100,0,100,0
2026-05-25 14:43:10.848645,27.0,52.0,100,0,100,0
2026-05-25 14:43:11.901177,27.0,52.0,100,0,100,0
2026-05-25 14:43:12.914130,27.0,52.0,100,0,100,0
2026-05-25 14:43:13.956061,27.0,52.0,100,0,100,0
2026-05-25 14:43:14.956535,27.0,52.0,100,0,100,0
2026-05-25 14:43:16.013698,27.0,52.0,100,0,100,0
2026-05-25 14:43:17.013341,27.0,52.0,100,0,100,0
2026-05-25 14:43:18.081331,27.0,52.0,100,0,100,0
2026-05-25 14:43:19.079788,27.0,53.0,100,0,100,0
2026-05-25 14:43:20.173522,27.0,53.0,100,0,100,0
2026-05-25 14:43:21.173039,27.0,53.0,100,0,100,0
2026-05-25 14:43:22.230438,27.0,53.0,100,0,100,0
2026-05-25 14:43:23.242166,27.0,53.0,100,0,100,0
2026-05-25 14:43:24.286280,27.0,53.0,100,0,100,0
2026-05-25 14:43:25.284796,27.0,53.0,100,0,100,0
2026-05-25 14:43:26.344886,27.0,53.0,100,0,100,0
2026-05-25 14:43:27.343030,27.0,53.0,100,0,100,0
2026-05-25 14:43:28.413556,27.0,53.0,100,0,100,0
2026-05-25 14:43:29.419800,27.0,53.0,99,0,100,0
2026-05-25 14:43:30.504483,27.0,53.0,100,0,100,0
2026-05-25 14:43:31.494863,27.0,53.0,100,0,100,0
2026-05-25 14:43:32.585802,27.0,53.0,100,0,100,0
2026-05-25 14:43:33.585779,27.0,53.0,100,0,100,0
2026-05-25 14:43:34.639858,27.0,53.0,100,0,100,0
2026-05-25 14:43:35.653118,27.0,53.0,100,0,100,0
2026-05-25 14:43:36.704871,27.0,53.0,100,0,100,0
2026-05-25 14:43:37.697045,27.0,53.0,100,0,100,0
2026-05-25 14:43:38.787775,27.0,53.0,100,0,100,0
2026-05-25 14:43:39.793006,27.0,53.0,100,0,100,0
2026-05-25 14:43:40.789621,27.0,54.0,100,0,100,0
2026-05-25 14:43:41.801930,27.0,54.0,100,0,119,0
2026-05-25 14:43:42.849949,27.0,54.0,100,0,126,0
2026-05-25 14:43:43.850045,27.0,54.0,100,0,133,0
2026-05-25 14:43:45.111447,27.0,54.0,100,0,140,0
2026-05-25 14:43:45.903687,27.0,54.0,100,0,148,0
2026-05-25 14:43:46.915895,27.0,54.0,100,0,155,0
2026-05-25 14:43:47.904336,27.0,54.0,100,0,162,0
2026-05-25 14:43:48.904921,27.0,54.0,100,0,169,0
2026-05-25 14:43:49.907702,27.0,54.0,100,0,176,0
2026-05-25 14:43:50.909805,27.0,54.0,100,0,184,0
2026-05-25 14:43:51.964417,27.0,54.0,100,0,191,0
2026-05-25 14:43:52.964534,27.0,54.0,100,0,198,0
2026-05-25 14:43:54.043090,27.0,54.0,100,0,205,0
2026-05-25 14:43:55.042668,27.0,54.0,100,0,212,0
2026-05-25 14:43:56.120332,27.0,54.0,100,0,220,0
2026-05-25 14:43:57.121400,27.0,54.0,100,0,227,0
2026-05-25 14:43:58.208739,27.0,54.0,100,0,234,0
2026-05-25 14:43:59.208014,27.0,54.0,100,0,241,0
2026-05-25 14:44:00.273160,27.0,54.0,100,0,248,0
2026-05-25 14:44:01.298765,27.0,54.0,100,0,256,0
2026-05-25 14:44:02.315691,27.0,54.0,100,0,263,0
2026-05-25 14:44:03.302833,27.0,54.0,100,0,270,0
2026-05-25 14:44:04.412430,27.0,54.0,100,0,277,0
2026-05-25 14:44:05.418375,27.0,54.0,100,0,284,0
2026-05-25 14:44:06.474576,27.0,54.0,100,0,292,0
2026-05-25 14:44:07.480045,27.0,54.0,100,0,299,0
2026-05-25 14:44:08.534474,27.0,54.0,100,0,306,0
2026-05-25 14:44:09.535882,27.0,54.0,100,0,313,0
2026-05-25 14:44:10.592686,27.0,54.0,100,0,320,0
2026-05-25 14:44:11.593964,27.0,54.0,100,0,328,0
2026-05-25 14:44:12.660810,27.0,54.0,100,0,335,0
2026-05-25 14:44:13.649924,27.0,54.0,100,0,342,0
2026-05-25 14:44:14.734015,27.0,54.0,100,0,349,0
2026-05-25 14:44:15.738844,27.0,54.0,100,0,356,0
2026-05-25 14:44:16.791761,27.0,54.0,100,0,364,0
2026-05-25 14:44:17.800600,27.0,54.0,100,0,371,0
2026-05-25 14:44:18.847196,27.0,54.0,100,0,378,0
2026-05-25 14:44:19.848543,27.0,54.0,100,0,385,0
2026-05-25 14:44:20.851119,27.0,54.0,100,0,392,0
2026-05-25 14:44:21.852572,27.0,54.0,100,0,400,0
2026-05-25 14:44:22.917839,27.0,54.0,100,0,407,0
2026-05-25 14:44:23.910765,27.0,54.0,100,0,414,0
2026-05-25 14:44:25.013927,27.0,54.0,100,0,421,0
2026-05-25 14:44:26.014431,27.0,54.0,100,0,428,0
2026-05-25 14:44:27.074471,27.0,54.0,100,0,436,0
2026-05-25 14:44:28.087146,27.0,54.0,100,0,443,0
2026-05-25 14:44:29.125825,27.0,54.0,100,0,450,0
2026-05-25 14:44:30.127081,27.0,53.0,100,0,457,0
2026-05-25 14:44:31.185035,27.0,53.0,100,0,435,0
2026-05-25 14:44:32.185167,27.0,53.0,100,0,440,0
2026-05-25 14:44:33.253778,27.0,53.0,100,0,445,0
2026-05-25 14:44:34.241831,27.0,53.0,100,0,451,0
2026-05-25 14:44:35.332997,27.0,53.0,100,0,456,0
2026-05-25 14:44:36.336940,27.0,53.0,100,0,462,0
2026-05-25 14:44:37.386543,27.0,53.0,100,0,467,0
2026-05-25 14:44:38.398900,27.0,53.0,100,0,472,0
2026-05-25 14:44:39.448154,27.0,53.0,100,0,478,0
2026-05-25 14:44:40.446049,27.0,53.0,100,0,483,0
2026-05-25 14:44:41.508816,27.0,53.0,100,0,489,0
2026-05-25 14:44:42.509611,27.0,53.0,100,0,494,0
2026-05-25 14:44:43.575552,27.0,53.0,100,0,499,0
2026-05-25 14:44:44.574504,27.0,53.0,100,0,505,0
2026-05-25 14:44:45.664826,27.0,53.0,100,0,510,0
2026-05-25 14:44:46.668713,27.0,52.0,100,0,516,0
2026-05-25 14:44:47.718981,27.0,52.0,100,0,491,0
2026-05-25 14:44:48.731654,27.0,52.0,100,0,495,0
2026-05-25 14:44:49.777477,27.0,52.0,100,0,498,0
2026-05-25 14:44:50.778304,27.0,52.0,100,0,502,0
2026-05-25 14:44:51.835363,27.0,52.0,100,0,506,0
2026-05-25 14:44:52.840569,27.0,52.0,100,0,509,0
2026-05-25 14:44:53.905994,27.0,52.0,100,0,513,0
2026-05-25 14:44:54.897647,27.0,52.0,100,0,516,0
2026-05-25 14:44:55.986547,27.0,50.0,100,0,520,0
2026-05-25 14:44:56.984539,27.0,50.0,100,0,0,0
2026-05-25 14:44:58.045325,27.0,49.0,100,0,0,0
2026-05-25 14:44:59.052412,27.0,49.0,100,0,0,0
2026-05-25 14:45:00.108680,27.0,47.0,100,0,0,0
2026-05-25 14:45:01.103852,27.0,47.0,100,0,0,0
2026-05-25 14:45:02.192162,27.0,46.0,100,0,0,0
2026-05-25 14:45:03.192069,27.0,46.0,100,0,0,0
2026-05-25 14:45:04.246982,27.0,44.0,100,0,0,0
2026-05-25 14:45:05.258550,27.0,43.0,100,0,0,0
2026-05-25 14:45:06.344983,27.0,42.0,100,0,0,0
2026-05-25 14:45:07.456541,27.0,42.0,100,0,0,0
2026-05-25 14:45:08.305835,27.0,42.0,100,0,0,0
2026-05-25 14:45:09.307959,27.0,40.0,100,0,0,0
2026-05-25 14:45:10.306721,27.0,39.0,100,0,0,0
2026-05-25 14:45:11.314152,27.0,39.0,100,0,0,0
2026-05-25 14:45:12.308549,27.0,39.0,100,0,0,0
2026-05-25 14:45:13.377263,27.0,37.0,100,0,0,0
2026-05-25 14:45:14.380656,27.0,37.0,100,0,0,0
2026-05-25 14:45:15.452902,26.0,36.0,100,0,0,0
2026-05-25 14:45:16.442382,26.0,36.0,100,0,0,0
2026-05-25 14:45:17.543321,26.0,36.0,100,0,0,0
2026-05-25 14:45:18.541358,26.0,35.0,100,0,0,0
2026-05-25 14:45:19.600161,26.0,35.0,100,0,0,0
2026-05-25 14:45:20.617289,26.0,35.0,100,0,0,0
2026-05-25 14:45:21.675425,26.0,35.0,100,0,0,0
2026-05-25 14:45:22.679271,26.0,33.0,100,0,0,0
2026-05-25 14:45:23.737865,26.0,33.0,100,0,0,0
2026-05-25 14:45:24.739399,26.0,33.0,100,0,0,0
2026-05-25 14:45:25.805112,26.0,33.0,100,0,0,0
2026-05-25 14:45:26.810060,26.0,32.0,100,0,0,0
2026-05-25 14:45:27.879448,26.0,32.0,100,0,0,0
2026-05-25 14:45:28.879387,26.0,32.0,100,0,0,0
2026-05-25 14:45:29.934166,26.0,32.0,100,0,0,0
2026-05-25 14:45:30.934403,26.0,32.0,100,0,0,0
2026-05-25 14:45:31.997477,26.0,32.0,100,0,0,0
2026-05-25 14:45:32.998859,26.0,32.0,100,0,0,0
2026-05-25 14:45:34.070144,26.0,32.0,100,0,0,0
2026-05-25 14:45:35.071272,26.0,32.0,100,0,0,0
2026-05-25 14:45:36.127036,26.0,32.0,100,0,0,0
2026-05-25 14:45:37.135869,26.0,30.0,100,0,0,0
2026-05-25 14:45:38.192862,26.0,30.0,100,0,0,0
2026-05-25 14:45:39.191111,26.0,30.0,100,0,0,0
2026-05-25 14:45:40.251471,26.0,30.0,100,0,0,0
2026-05-25 14:45:41.251030,26.0,30.0,100,0,0,0
2026-05-25 14:45:42.319855,26.0,30.0,100,0,0,0
2026-05-25 14:45:43.321620,26.0,30.0,100,0,0,0
2026-05-25 14:45:44.400214,26.0,30.0,100,0,0,0
2026-05-25 14:45:45.400677,26.0,30.0,100,0,0,0
2026-05-25 14:45:46.460703,26.0,29.0,100,0,0,0
2026-05-25 14:45:47.470206,26.0,29.0,100,0,0,0
2026-05-25 14:45:48.520179,26.0,29.0,100,0,0,0
2026-05-25 14:45:49.519268,26.0,29.0,100,0,0,0
2026-05-25 14:45:50.578024,26.0,29.0,100,0,0,0
2026-05-25 14:45:51.577624,26.0,29.0,100,0,0,0
2026-05-25 14:45:52.648829,26.0,29.0,100,0,0,0
2026-05-25 14:45:53.648719,26.0,29.0,100,0,0,0
2026-05-25 14:45:54.739472,26.0,29.0,100,0,0,0
2026-05-25 14:45:55.735540,26.0,29.0,100,0,0,0
2026-05-25 14:45:56.811282,26.0,29.0,100,0,0,0
2026-05-25 14:45:57.817879,26.0,29.0,100,0,0,0
2026-05-25 14:45:58.886936,26.0,29.0,100,0,0,0
2026-05-25 14:45:59.887216,26.0,29.0,100,0,0,0
2026-05-25 14:46:00.941065,26.0,29.0,100,0,0,0
2026-05-25 14:46:01.944869,26.0,29.0,100,0,0,0
2026-05-25 14:46:03.011222,26.0,29.0,100,0,0,0
2026-05-25 14:46:04.010705,26.0,29.0,100,0,0,0
2026-05-25 14:46:05.090955,26.0,29.0,100,0,0,0
2026-05-25 14:46:06.090766,26.0,29.0,100,0,0,0
2026-05-25 14:46:07.152655,26.0,29.0,100,0,0,0
2026-05-25 14:46:08.160678,26.0,29.0,100,0,0,0
2026-05-25 14:46:09.209098,26.0,29.0,100,0,0,0
2026-05-25 14:46:10.209339,26.0,29.0,100,0,0,0
2026-05-25 14:46:11.285347,26.0,30.0,100,0,0,0
2026-05-25 14:46:12.267642,26.0,30.0,100,0,0,0
2026-05-25 14:46:13.379142,26.0,30.0,100,0,0,0
2026-05-25 14:46:14.382899,26.0,30.0,100,0,0,0
2026-05-25 14:46:15.485966,26.0,30.0,100,0,0,0
2026-05-25 14:46:16.465950,26.0,30.0,100,0,0,0
2026-05-25 14:46:17.562053,26.0,30.0,100,0,0,0
2026-05-25 14:46:18.570949,26.0,30.0,100,0,0,0
2026-05-25 14:46:19.623124,26.0,30.0,100,0,0,0
2026-05-25 14:46:21.683172,26.0,32.0,100,0,0,0
2026-05-25 14:46:22.681366,26.0,32.0,100,0,0,0
2026-05-25 14:46:23.755575,26.0,32.0,100,0,0,0
2026-05-25 14:46:24.760987,26.0,32.0,100,0,0,0
2026-05-25 14:46:25.841072,26.0,32.0,100,0,0,0
2026-05-25 14:46:26.829523,26.0,32.0,100,0,0,0
2026-05-25 14:46:27.924067,26.0,32.0,100,0,0,0
2026-05-25 14:46:28.922866,26.0,32.0,100,0,0,0
2026-05-25 14:46:29.979393,26.0,32.0,100,0,0,0
2026-05-25 14:46:30.991322,26.0,32.0,100,0,0,0
2026-05-25 14:46:32.037451,26.0,32.0,100,0,0,0
2026-05-25 14:46:33.037132,26.0,32.0,100,0,0,0
2026-05-25 14:46:34.094822,26.0,32.0,100,0,0,0
2026-05-25 14:46:35.099160,26.0,32.0,100,0,0,0
2026-05-25 14:46:36.157945,26.0,33.0,99,0,0,0
2026-05-25 14:46:37.158777,26.0,33.0,100,0,0,0
2026-05-25 14:46:38.236627,26.0,32.0,100,0,0,0
2026-05-25 14:46:39.236649,26.0,33.0,100,0,0,0
2026-05-25 14:46:40.299160,26.0,33.0,100,0,0,0
2026-05-25 14:46:41.297280,26.0,33.0,100,0,0,0
2026-05-25 14:46:42.364995,26.0,33.0,100,0,0,0
2026-05-25 14:46:43.363783,26.0,33.0,100,0,0,0
2026-05-25 14:46:44.450966,26.0,33.0,100,0,0,0
2026-05-25 14:46:45.449644,26.0,33.0,100,0,0,0
2026-05-25 14:46:46.536037,26.0,33.0,100,0,0,0
2026-05-25 14:46:47.536565,26.0,33.0,100,0,0,0
2026-05-25 14:46:48.596456,26.0,33.0,100,0,0,0
2026-05-25 14:46:49.603471,26.0,33.0,100,0,0,0
2026-05-25 14:46:50.666723,26.0,33.0,100,0,0,0
2026-05-25 14:46:51.655661,26.0,35.0,100,0,0,0
2026-05-25 14:46:52.745758,26.0,35.0,100,0,0,0
2026-05-25 14:46:53.746777,26.0,35.0,100,0,0,0
2026-05-25 14:46:54.802143,26.0,35.0,100,0,0,0
2026-05-25 14:46:55.812344,26.0,35.0,100,0,0,0
2026-05-25 14:46:56.872703,26.0,35.0,100,0,0,0
2026-05-25 14:46:57.864589,26.0,35.0,100,0,0,0
2026-05-25 14:46:58.956588,26.0,36.0,100,0,0,0
2026-05-25 14:46:59.952768,26.0,36.0,100,0,0,0
2026-05-25 14:47:01.013518,26.0,36.0,100,0,0,0
2026-05-25 14:47:02.022048,26.0,36.0,100,0,0,0
2026-05-25 14:47:03.014512,26.0,36.0,100,0,0,0
2026-05-25 14:47:04.016555,26.0,36.0,100,0,0,0
2026-05-25 14:47:05.013972,26.0,36.0,100,0,0,0
2026-05-25 14:47:06.075067,26.0,37.0,100,0,0,0
2026-05-25 14:47:07.080531,26.0,37.0,100,0,0,0
2026-05-25 14:47:08.132710,26.0,37.0,100,0,0,0
2026-05-25 14:47:09.133536,26.0,37.0,100,0,0,0
2026-05-25 14:47:10.192691,26.0,37.0,100,0,0,0
2026-05-25 14:47:11.192854,26.0,37.0,100,0,0,0
2026-05-25 14:47:12.257016,26.0,37.0,100,0,0,0
2026-05-25 14:47:13.246738,26.0,39.0,100,0,0,0
2026-05-25 14:47:14.337725,26.0,39.0,100,0,0,0
2026-05-25 14:47:15.338759,26.0,39.0,100,0,0,0
2026-05-25 14:47:16.397921,26.0,39.0,100,0,0,0
2026-05-25 14:47:17.407893,26.0,39.0,100,0,0,0
2026-05-25 14:47:18.459482,26.0,39.0,100,0,0,0
2026-05-25 14:47:19.457229,26.0,39.0,100,0,0,0
2026-05-25 14:47:20.520612,26.0,39.0,100,0,0,0
2026-05-25 14:47:21.523307,26.0,39.0,100,0,0,0
2026-05-25 14:47:22.596219,26.0,39.0,100,0,0,0
2026-05-25 14:47:23.583868,26.0,39.0,100,0,0,0
2026-05-25 14:47:24.690861,26.0,39.0,100,0,0,0
2026-05-25 14:47:25.693760,26.0,40.0,100,0,0,0
2026-05-25 14:47:26.793917,26.0,40.0,100,0,0,0
2026-05-25 14:47:27.803222,26.0,40.0,100,0,0,0
2026-05-25 14:47:28.849813,26.0,40.0,100,0,0,0
2026-05-25 14:47:29.850775,26.0,40.0,100,0,0,0
2026-05-25 14:47:30.909109,26.0,40.0,100,0,0,0
2026-05-25 14:47:31.916254,26.0,40.0,100,0,0,0
2026-05-25 14:47:32.978236,26.0,40.0,100,0,0,0
2026-05-25 14:47:33.966475,26.0,40.0,100,0,0,0
2026-05-25 14:47:35.064746,26.0,40.0,100,0,0,0
2026-05-25 14:47:36.066165,26.0,40.0,100,0,0,0
2026-05-25 14:47:37.121801,26.0,42.0,100,0,0,0
2026-05-25 14:47:38.131866,26.0,42.0,100,0,0,0
2026-05-25 14:47:39.179662,26.0,42.0,100,0,0,0
2026-05-25 14:47:40.181351,26.0,42.0,100,0,0,0
2026-05-25 14:47:41.235085,26.0,42.0,100,0,0,0
2026-05-25 14:47:42.238326,26.0,42.0,100,0,0,0
2026-05-25 14:47:43.297784,26.0,42.0,100,0,0,0
2026-05-25 14:47:44.289073,26.0,42.0,100,0,0,0
2026-05-25 14:47:45.384136,26.0,42.0,100,0,0,0
2026-05-25 14:47:46.383938,26.0,42.0,100,0,0,0
2026-05-25 14:47:47.440500,26.0,42.0,100,0,0,0
2026-05-25 14:47:48.454251,26.0,42.0,100,0,0,0
2026-05-25 14:47:49.495482,26.0,42.0,100,0,0,0
2026-05-25 14:47:50.495696,26.0,42.0,100,0,0,0
2026-05-25 14:47:51.554704,26.0,42.0,100,0,0,0
2026-05-25 14:47:52.557865,26.0,42.0,100,0,0,0
2026-05-25 14:47:53.618724,26.0,43.0,100,0,0,0
2026-05-25 14:47:54.610083,26.0,43.0,100,0,0,0
2026-05-25 14:47:55.707660,26.0,43.0,100,0,0,0
2026-05-25 14:47:56.705113,26.0,43.0,100,0,0,0
2026-05-25 14:47:57.771826,26.0,43.0,100,0,0,0
2026-05-25 14:47:58.781841,26.0,43.0,100,0,0,0
2026-05-25 14:47:59.837438,26.0,43.0,100,0,0,0
2026-05-25 14:48:00.837611,26.0,43.0,100,0,0,0
2026-05-25 14:48:01.895355,26.0,43.0,100,0,0,0
2026-05-25 14:48:02.897124,26.0,43.0,100,0,0,0
2026-05-25 14:48:03.964848,26.0,43.0,100,0,0,0
2026-05-25 14:48:04.952804,26.0,43.0,100,0,0,0
2026-05-25 14:48:06.050064,26.0,43.0,100,0,0,0
2026-05-25 14:48:07.050963,26.0,43.0,100,0,0,0
2026-05-25 14:48:08.107068,26.0,44.0,100,0,0,0
2026-05-25 14:48:09.116923,26.0,44.0,100,0,0,0
2026-05-25 14:48:10.166209,26.0,44.0,100,0,0,0
2026-05-25 14:48:11.165618,27.0,44.0,100,0,0,0
2026-05-25 14:48:12.225102,26.0,44.0,100,0,0,0
2026-05-25 14:48:13.229095,27.0,44.0,100,0,0,0
2026-05-25 14:48:14.293035,27.0,44.0,100,0,0,0
2026-05-25 14:48:15.280716,26.0,44.0,100,0,0,0
2026-05-25 14:48:16.377748,27.0,44.0,100,0,0,0
2026-05-25 14:48:17.380636,27.0,44.0,100,0,0,0
2026-05-25 14:48:18.438181,27.0,44.0,100,0,0,0
2026-05-25 14:48:19.448606,27.0,44.0,100,0,0,0
2026-05-25 14:48:20.519487,27.0,44.0,100,0,0,0
2026-05-25 14:48:21.503145,27.0,44.0,100,0,0,0
2026-05-25 14:48:22.530511,27.0,44.0,100,0,0,0
2026-05-25 14:48:23.533324,27.0,44.0,100,0,0,0
2026-05-25 14:48:24.607408,27.0,44.0,100,0,0,0
2026-05-25 14:48:25.598584,27.0,46.0,100,0,0,0
2026-05-25 14:48:26.593742,27.0,46.0,100,0,0,0
2026-05-25 14:48:27.593623,27.0,46.0,100,0,0,0
2026-05-25 14:48:28.596478,27.0,46.0,100,0,0,0
2026-05-25 14:48:29.655366,27.0,46.0,100,0,0,0
2026-05-25 14:48:30.673700,27.0,46.0,100,0,0,0
2026-05-25 14:48:31.716693,27.0,46.0,100,0,0,0
2026-05-25 14:48:32.711833,27.0,46.0,100,0,0,0
2026-05-25 14:48:33.778497,27.0,46.0,100,0,0,0
2026-05-25 14:48:34.781969,27.0,46.0,100,0,0,0
2026-05-25 14:48:35.845990,27.0,46.0,100,0,0,0
2026-05-25 14:48:36.834196,27.0,46.0,100,0,0,0
2026-05-25 14:48:37.932689,27.0,46.0,100,0,0,0
2026-05-25 14:48:38.932749,27.0,46.0,100,0,0,0
2026-05-25 14:48:39.992299,27.0,46.0,100,0,0,0
2026-05-25 14:48:41.001234,27.0,46.0,100,0,0,0
2026-05-25 14:48:42.061727,27.0,46.0,100,0,0,0
2026-05-25 14:48:43.054572,27.0,46.0,100,0,0,0
2026-05-25 14:48:44.145440,27.0,46.0,100,0,0,0
2026-05-25 14:48:45.146391,27.0,46.0,100,0,0,0
2026-05-25 14:48:46.204490,27.0,46.0,100,0,0,0
2026-05-25 14:48:47.213641,27.0,46.0,100,0,0,0
2026-05-25 14:48:48.267855,27.0,46.0,100,0,0,0
2026-05-25 14:48:49.261240,27.0,46.0,100,0,0,0
2026-05-25 14:48:50.352652,27.0,46.0,100,0,0,0
2026-05-25 14:48:51.349814,27.0,46.0,100,0,0,0
2026-05-25 14:48:52.413501,27.0,47.0,100,0,0,0
2026-05-25 14:48:53.424965,27.0,47.0,100,0,0,0
2026-05-25 14:48:54.472203,27.0,47.0,100,0,0,0
2026-05-25 14:48:55.470013,27.0,47.0,100,0,0,0
2026-05-25 14:48:56.530984,27.0,47.0,100,0,0,0
2026-05-25 14:48:57.533027,27.0,47.0,100,0,0,0
2026-05-25 14:48:58.541067,27.0,47.0,100,0,0,0
2026-05-25 14:48:59.531992,27.0,47.0,100,0,0,0
2026-05-25 14:49:00.608658,27.0,47.0,100,0,0,0
2026-05-25 14:49:01.610240,27.0,47.0,100,0,0,0
2026-05-25 14:49:02.666222,27.0,47.0,100,0,0,0
2026-05-25 14:49:03.677644,27.0,47.0,100,0,0,0
2026-05-25 14:49:04.725136,27.0,47.0,100,0,0,0
2026-05-25 14:49:05.722429,27.0,47.0,100,0,0,0
2026-05-25 14:49:06.782425,27.0,47.0,100,0,0,0
2026-05-25 14:49:07.790142,27.0,47.0,100,0,0,0
2026-05-25 14:49:08.897725,27.0,47.0,100,0,0,0
2026-05-25 14:49:09.845632,27.0,47.0,100,0,0,0
2026-05-25 14:49:10.844655,27.0,47.0,100,0,0,0
2026-05-25 14:49:11.845890,27.0,47.0,100,0,0,0
2026-05-25 14:49:12.845748,27.0,47.0,100,0,0,0
2026-05-25 14:49:13.898959,27.0,47.0,100,0,0,0
2026-05-25 14:49:14.906038,27.0,47.0,100,0,0,0
2026-05-25 14:49:15.953373,27.0,47.0,100,0,0,0
2026-05-25 14:49:16.953976,27.0,47.0,100,0,0,0
2026-05-25 14:49:18.013356,27.0,47.0,100,0,0,0
2026-05-25 14:49:19.016249,27.0,47.0,100,0,0,0
2026-05-25 14:49:20.081113,27.0,47.0,100,0,0,0
2026-05-25 14:49:21.071210,27.0,47.0,100,0,0,0
2026-05-25 14:49:22.158839,27.0,49.0,100,0,0,0
2026-05-25 14:49:23.158692,27.0,49.0,100,0,0,0
2026-05-25 14:49:24.417981,27.0,49.0,100,0,0,0
2026-05-25 14:49:25.223064,27.0,49.0,100,0,0,0
2026-05-25 14:49:26.220328,27.0,49.0,100,0,0,0
2026-05-25 14:49:27.218101,27.0,49.0,100,0,0,0
2026-05-25 14:49:28.217120,27.0,49.0,100,0,0,0
2026-05-25 14:49:29.278254,27.0,49.0,100,0,0,0
2026-05-25 14:49:30.281617,27.0,49.0,100,0,0,0
2026-05-25 14:49:31.341014,27.0,49.0,100,0,0,0
2026-05-25 14:49:32.335996,27.0,49.0,100,0,0,0
2026-05-25 14:49:33.400226,27.0,49.0,100,0,0,0
2026-05-25 14:49:34.399690,27.0,49.0,100,0,0,0
2026-05-25 14:49:35.472513,27.0,49.0,100,0,0,0
2026-05-25 14:49:36.472750,27.0,49.0,100,0,0,0
2026-05-25 14:49:37.556072,27.0,49.0,100,0,0,0
2026-05-25 14:49:38.560669,27.0,49.0,100,0,0,0
2026-05-25 14:49:39.627530,27.0,49.0,100,0,0,0
2026-05-25 14:49:40.626755,27.0,49.0,100,0,0,0
2026-05-25 14:49:41.694669,27.0,49.0,100,0,0,0
2026-05-25 14:49:42.691596,27.0,49.0,100,0,0,0
2026-05-25 14:49:43.780501,27.0,49.0,100,0,0,0
2026-05-25 14:49:44.778898,27.0,49.0,100,0,0,0
2026-05-25 14:49:45.872850,27.0,49.0,100,0,0,0
2026-05-25 14:49:46.872519,27.0,49.0,100,0,0,0
2026-05-25 14:49:47.932722,27.0,49.0,100,0,0,0
2026-05-25 14:49:48.939400,27.0,49.0,100,0,0,0
2026-05-25 14:49:49.998737,27.0,49.0,100,0,0,0
2026-05-25 14:49:50.993814,27.0,49.0,100,0,0,0
2026-05-25 14:49:52.080751,27.0,49.0,100,0,0,0
2026-05-25 14:49:53.079544,27.0,49.0,100,0,0,0
2026-05-25 14:49:54.099756,27.0,49.0,100,0,0,0
