TIME,TEMP,HUM,SOIL,PUMP,FAN,LED
2026-05-24 13:27:53.582149,25.0,52.0,100,0,0,0
2026-05-24 13:27:54.589010,25.0,52.0,100,0,0,0
2026-05-24 13:27:55.586602,25.0,52.0,99,0,0,0
2026-05-24 13:27:56.595501,25.0,52.0,100,0,0,31
2026-05-24 13:27:57.587826,25.0,52.0,100,0,0,31
2026-05-24 13:27:58.598161,25.0,52.0,99,0,0,31
2026-05-24 13:27:59.667664,25.0,52.0,99,0,0,31
2026-05-24 13:28:00.728922,25.0,52.0,99,0,0,31
2026-05-24 13:28:01.802940,25.0,52.0,99,0,0,31
2026-05-24 13:28:02.918386,25.0,52.0,99,0,0,31
2026-05-24 13:28:03.919088,25.0,52.0,99,0,0,31
2026-05-24 13:28:04.944778,25.0,52.0,100,0,250,31
2026-05-24 13:28:05.920108,25.0,52.0,100,0,208,31
2026-05-24 13:28:07.005492,25.0,52.0,100,0,221,31
2026-05-24 13:28:08.006325,25.0,52.0,99,0,233,31
2026-05-24 13:28:09.006782,25.0,52.0,98,0,246,31
2026-05-24 13:28:10.014215,25.0,52.0,99,0,259,31
2026-05-24 13:28:11.059348,25.0,52.0,100,0,271,31
2026-05-24 13:28:12.057820,25.0,50.0,100,0,284,31
2026-05-24 13:28:13.113468,25.0,50.0,99,0,237,31
2026-05-24 13:28:14.113416,25.0,50.0,99,0,246,31
2026-05-24 13:28:15.183155,25.0,50.0,99,0,255,31
2026-05-24 13:28:16.168533,25.0,49.0,99,0,264,31
2026-05-24 13:28:17.260715,25.0,47.0,99,0,243,31
2026-05-24 13:28:18.260775,25.0,47.0,99,0,191,31
2026-05-24 13:28:19.314796,25.0,46.0,100,0,194,31
2026-05-24 13:28:20.324357,25.0,46.0,100,0,168,31
2026-05-24 13:28:21.373760,25.0,46.0,98,0,170,31
2026-05-24 13:28:22.368767,25.0,45.0,99,0,172,31
2026-05-24 13:28:23.427718,25.0,45.0,100,0,0,31
2026-05-24 13:28:24.427426,25.0,45.0,99,0,0,31
2026-05-24 13:28:25.486807,25.0,45.0,100,0,0,31
2026-05-24 13:28:26.478381,25.0,45.0,100,0,0,31
2026-05-24 13:28:27.487655,25.0,45.0,99,0,0,31
2026-05-24 13:28:28.489042,25.0,45.0,100,0,0,31
2026-05-24 13:28:29.489895,25.0,45.0,100,0,0,31
2026-05-24 13:28:30.491050,25.0,43.0,100,0,0,31
2026-05-24 13:28:31.491127,25.0,43.0,99,0,0,31
2026-05-24 13:28:32.503258,25.0,43.0,100,0,0,31
2026-05-24 13:28:33.494534,25.0,43.0,100,0,0,31
2026-05-24 13:28:34.529418,25.0,43.0,99,0,0,87
2026-05-24 13:28:35.491652,25.0,43.0,99,0,0,100
2026-05-24 13:28:36.588509,25.0,43.0,99,0,0,100
2026-05-24 13:28:37.575058,25.0,43.0,100,0,0,100
2026-05-24 13:28:38.576255,25.0,43.0,99,0,0,100
2026-05-24 13:28:39.629885,25.0,43.0,99,0,0,100
2026-05-24 13:28:40.684776,25.0,43.0,100,0,0,100
2026-05-24 13:28:41.748001,25.0,43.0,100,0,0,100
2026-05-24 13:28:42.739735,25.0,43.0,98,0,0,100
2026-05-24 13:28:43.740631,25.0,43.0,99,0,0,100
2026-05-24 13:28:44.796602,25.0,43.0,99,0,0,100
2026-05-24 13:28:45.796279,25.0,43.0,100,0,0,100
2026-05-24 13:28:46.852105,25.0,43.0,99,0,0,100
2026-05-24 13:28:47.851135,25.0,43.0,100,0,0,100
2026-05-24 13:28:48.922209,25.0,43.0,99,0,0,100
2026-05-24 13:28:49.921063,25.0,43.0,100,0,0,100
2026-05-24 13:28:50.975778,25.0,43.0,99,0,0,100
2026-05-24 13:28:51.983079,25.0,43.0,100,0,0,100
2026-05-24 13:28:53.027905,25.0,45.0,98,0,0,100
2026-05-24 13:28:54.027667,25.0,45.0,100,0,0,100
2026-05-24 13:28:55.079028,25.0,45.0,100,0,0,100
2026-05-24 13:28:56.087433,25.0,45.0,99,0,0,100
2026-05-24 13:28:57.143520,25.0,45.0,99,0,0,100
2026-05-24 13:28:58.140060,25.0,45.0,100,0,0,100
2026-05-24 13:28:59.221879,25.0,45.0,98,0,0,100
2026-05-24 13:29:00.224976,25.0,45.0,100,0,0,100
2026-05-24 13:29:01.275358,25.0,45.0,99,0,0,100
2026-05-24 13:29:02.276324,25.0,45.0,100,0,0,100
2026-05-24 13:29:03.340995,25.0,45.0,99,0,0,100
2026-05-24 13:29:04.332104,25.0,45.0,100,0,0,100
2026-05-24 13:29:05.435339,25.0,45.0,100,0,0,100
2026-05-24 13:29:06.431096,25.0,45.0,100,0,0,100
2026-05-24 13:29:07.631681,25.0,45.0,100,0,0,100
2026-05-24 13:29:08.503277,25.0,45.0,100,0,0,100
2026-05-24 13:29:09.495502,25.0,45.0,96,0,0,100
2026-05-24 13:29:10.494635,25.0,45.0,99,0,0,100
2026-05-24 13:29:11.491851,25.0,45.0,99,0,0,100
2026-05-24 13:29:12.550333,25.0,45.0,100,0,0,100
2026-05-24 13:29:13.552075,25.0,45.0,97,0,0,100
2026-05-24 13:29:14.618484,25.0,46.0,100,0,0,100
2026-05-24 13:29:15.618880,25.0,46.0,99,0,0,100
2026-05-24 13:29:16.696282,25.0,46.0,100,0,0,100
2026-05-24 13:29:17.852286,25.0,46.0,99,0,0,100
2026-05-24 13:29:18.747868,25.0,46.0,99,0,0,100
2026-05-24 13:29:19.748559,25.0,46.0,99,0,0,100
2026-05-24 13:29:20.814487,25.0,46.0,99,0,0,100
2026-05-24 13:29:21.806230,25.0,46.0,99,0,0,100
2026-05-24 13:29:22.808357,25.0,46.0,100,0,0,100
2026-05-24 13:29:23.809106,25.0,46.0,99,0,0,100
2026-05-24 13:29:24.864371,25.0,46.0,100,0,0,100
2026-05-24 13:29:25.863800,25.0,47.0,99,0,0,100
2026-05-24 13:29:26.915700,25.0,47.0,100,0,0,100
2026-05-24 13:29:27.916013,25.0,47.0,99,0,0,100
2026-05-24 13:29:28.968690,25.0,47.0,100,0,0,100
2026-05-24 13:29:29.969438,25.0,47.0,97,0,0,100
2026-05-24 13:29:31.033487,25.0,47.0,99,0,0,100
2026-05-24 13:29:32.019305,25.0,47.0,100,0,0,100
2026-05-24 13:29:33.111097,25.0,47.0,100,0,0,100
2026-05-24 13:29:34.111698,25.0,47.0,99,0,0,100
2026-05-24 13:29:35.162914,25.0,47.0,100,0,0,100
2026-05-24 13:29:36.176986,25.0,47.0,99,0,0,100
2026-05-24 13:29:37.215289,25.0,47.0,100,0,0,100
2026-05-24 13:29:38.217051,25.0,47.0,99,0,0,100
2026-05-24 13:29:39.269358,25.0,47.0,100,0,0,100
2026-05-24 13:29:40.266158,25.0,47.0,100,0,0,100
2026-05-24 13:29:41.330489,25.0,47.0,100,0,0,100
2026-05-24 13:29:42.322243,25.0,47.0,99,0,0,100
2026-05-24 13:29:43.418799,25.0,47.0,100,0,0,100
2026-05-24 13:29:44.416281,25.0,47.0,100,0,0,100
2026-05-24 13:29:45.468766,25.0,47.0,100,0,0,100
2026-05-24 13:29:46.480569,25.0,47.0,99,0,0,100
2026-05-24 13:29:47.522611,25.0,47.0,99,0,0,100
2026-05-24 13:29:48.522976,25.0,47.0,99,0,0,100
2026-05-24 13:29:49.577078,25.0,47.0,100,0,0,100
2026-05-24 13:29:50.578340,25.0,47.0,98,0,0,100
2026-05-24 13:29:51.640979,25.0,47.0,100,0,0,100
2026-05-24 13:29:52.632360,25.0,47.0,99,0,0,100
2026-05-24 13:29:53.727135,25.0,47.0,100,0,0,100
2026-05-24 13:29:54.727912,25.0,47.0,99,0,0,100
2026-05-24 13:29:55.783222,25.0,47.0,99,0,0,100
2026-05-24 13:29:56.804676,25.0,47.0,99,0,0,100
2026-05-24 13:29:57.841565,25.0,47.0,100,0,0,100
2026-05-24 13:29:58.841683,25.0,47.0,99,0,0,100
2026-05-24 13:29:59.895776,25.0,47.0,100,0,0,100
2026-05-24 13:30:00.896870,25.0,47.0,99,0,0,100
2026-05-24 13:30:01.959690,25.0,47.0,100,0,0,100
2026-05-24 13:30:02.950942,25.0,47.0,99,0,0,100
2026-05-24 13:30:04.039176,25.0,47.0,100,0,0,100
2026-05-24 13:30:05.039694,25.0,47.0,99,0,0,100
2026-05-24 13:30:06.098046,25.0,47.0,100,0,0,100
2026-05-24 13:30:07.101460,25.0,49.0,98,0,0,100
2026-05-24 13:30:08.149083,25.0,49.0,100,0,0,100
2026-05-24 13:30:09.154343,25.0,49.0,99,0,0,100
2026-05-24 13:30:10.202614,25.0,49.0,100,0,0,100
2026-05-24 13:30:11.203216,25.0,49.0,99,0,0,100
2026-05-24 13:30:12.270328,25.0,49.0,100,0,0,100
2026-05-24 13:30:13.264880,25.0,49.0,99,0,0,100
2026-05-24 13:30:14.358167,25.0,49.0,100,0,0,100
2026-05-24 13:30:15.357946,25.0,49.0,99,0,0,100
2026-05-24 13:30:16.410332,25.0,49.0,100,0,0,100
2026-05-24 13:30:17.433577,25.0,49.0,98,0,0,100
2026-05-24 13:30:18.466244,25.0,49.0,100,0,0,100
2026-05-24 13:30:19.466030,25.0,49.0,99,0,0,100
2026-05-24 13:30:20.522043,25.0,49.0,100,0,0,100
2026-05-24 13:30:21.521714,25.0,49.0,99,0,0,100
2026-05-24 13:30:22.586609,25.0,49.0,100,0,0,100
2026-05-24 13:30:23.577595,25.0,49.0,99,0,0,100
2026-05-24 13:30:24.670754,25.0,49.0,100,0,0,100
2026-05-24 13:30:25.668749,25.0,49.0,99,0,0,100
2026-05-24 13:30:26.728759,25.0,49.0,100,0,0,100
2026-05-24 13:30:27.737128,25.0,49.0,99,0,0,100
2026-05-24 13:30:28.776569,25.0,49.0,100,0,0,100
2026-05-24 13:30:29.775736,25.0,49.0,99,0,0,100
2026-05-24 13:30:30.828045,25.0,49.0,100,0,0,100
2026-05-24 13:30:31.829043,25.0,49.0,99,0,0,100
2026-05-24 13:30:32.887814,25.0,49.0,100,0,0,100
2026-05-24 13:30:33.889797,25.0,49.0,100,0,0,100
2026-05-24 13:30:34.973444,25.0,49.0,100,0,0,100
2026-05-24 13:30:35.972866,25.0,49.0,99,0,0,100
2026-05-24 13:30:37.026609,25.0,49.0,100,0,0,100
2026-05-24 13:30:38.026735,25.0,49.0,99,0,0,100
2026-05-24 13:30:39.091039,25.0,49.0,100,0,0,100
2026-05-24 13:30:40.081419,25.0,49.0,99,0,0,100
2026-05-24 13:30:41.180592,25.0,49.0,100,0,0,100
2026-05-24 13:30:42.181249,25.0,49.0,100,0,0,100
2026-05-24 13:30:43.232586,25.0,49.0,100,0,0,100
2026-05-24 13:30:44.242636,25.0,49.0,96,0,0,100
2026-05-24 13:30:45.302043,25.0,49.0,98,0,0,100
2026-05-24 13:30:46.291841,25.0,49.0,100,0,0,100
2026-05-24 13:30:47.380860,25.0,50.0,100,0,0,100
2026-05-24 13:30:48.382136,25.0,50.0,98,0,0,100
2026-05-24 13:30:49.434418,25.0,49.0,100,0,0,100
2026-05-24 13:30:50.442753,25.0,50.0,99,0,0,100
2026-05-24 13:30:51.486627,25.0,50.0,99,0,0,100
2026-05-24 13:30:52.486923,25.0,49.0,99,0,0,100
2026-05-24 13:30:53.544046,25.0,50.0,100,0,0,100
2026-05-24 13:30:54.545623,25.0,50.0,99,0,0,100
2026-05-24 13:30:55.606811,25.0,50.0,100,0,0,100
2026-05-24 13:30:56.597746,25.0,50.0,98,0,0,100
2026-05-24 13:30:57.692077,25.0,50.0,100,0,0,100
2026-05-24 13:30:58.693917,25.0,50.0,99,0,0,100
2026-05-24 13:30:59.746669,25.0,50.0,100,0,0,100
2026-05-24 13:31:00.754844,25.0,50.0,100,0,0,100
2026-05-24 13:31:01.805113,25.0,50.0,100,0,0,100
2026-05-24 13:31:02.803743,25.0,50.0,99,0,0,100
2026-05-24 13:31:03.826080,25.0,50.0,100,0,0,100
2026-05-24 13:31:04.824047,25.0,50.0,98,0,0,100
2026-05-24 13:31:05.891955,25.0,50.0,100,0,0,100
2026-05-24 13:31:06.884179,25.0,50.0,99,0,0,100
2026-05-24 13:31:07.967222,25.0,50.0,100,0,0,100
2026-05-24 13:31:08.967735,25.0,50.0,99,0,0,100
2026-05-24 13:31:10.018600,25.0,50.0,100,0,0,100
2026-05-24 13:31:11.125547,25.0,50.0,99,0,0,100
2026-05-24 13:31:12.074324,25.0,50.0,100,0,0,100
2026-05-24 13:31:13.074864,25.0,50.0,99,0,0,100
2026-05-24 13:31:14.125377,25.0,50.0,100,0,0,100
2026-05-24 13:31:15.123932,25.0,50.0,99,0,0,100
2026-05-24 13:31:16.185301,25.0,50.0,99,0,0,100
2026-05-24 13:31:17.176203,25.0,50.0,99,0,0,100
2026-05-24 13:31:18.277735,25.0,50.0,100,0,0,100
2026-05-24 13:31:19.278293,25.0,50.0,99,0,0,100
2026-05-24 13:31:20.275914,25.0,50.0,100,0,0,100
2026-05-24 13:31:21.288596,25.0,50.0,99,0,0,100
2026-05-24 13:31:22.278564,25.0,50.0,100,0,0,100
2026-05-24 13:31:23.377840,25.0,50.0,99,0,0,100
2026-05-24 13:31:24.375907,25.0,50.0,100,0,0,100
2026-05-24 13:31:25.445109,25.0,50.0,99,0,0,100
2026-05-24 13:31:26.458327,25.0,50.0,99,0,0,100
2026-05-24 13:31:27.501303,25.0,50.0,98,0,0,100
2026-05-24 13:31:28.501413,25.0,50.0,100,0,0,100
2026-05-24 13:31:29.560307,25.0,50.0,99,0,0,100
2026-05-24 13:31:30.558847,25.0,50.0,100,0,0,100
2026-05-24 13:31:31.626343,25.0,52.0,99,0,0,100
2026-05-24 13:31:32.628580,25.0,52.0,99,0,0,100
2026-05-24 13:31:33.709527,25.0,52.0,99,0,0,100
2026-05-24 13:31:34.708433,25.0,52.0,100,0,0,100
2026-05-24 13:31:35.761863,25.0,52.0,99,0,0,100
2026-05-24 13:31:36.765650,25.0,52.0,100,0,0,100
2026-05-24 13:31:37.831103,25.0,52.0,99,0,0,100
2026-05-24 13:31:38.827206,25.0,52.0,100,0,0,100
2026-05-24 13:31:39.916723,25.0,52.0,99,0,0,100
2026-05-24 13:31:40.919049,25.0,52.0,100,0,0,100
2026-05-24 13:31:41.967598,25.0,52.0,99,0,0,100
2026-05-24 13:31:42.975869,25.0,52.0,100,0,0,100
2026-05-24 13:31:44.022723,25.0,52.0,99,0,0,100
2026-05-24 13:31:45.021554,25.0,52.0,100,0,0,100
2026-05-24 13:31:46.073768,25.0,52.0,99,0,0,100
2026-05-24 13:31:47.074833,25.0,52.0,100,0,0,100
2026-05-24 13:31:48.082994,25.0,52.0,99,0,0,100
2026-05-24 13:31:49.081893,25.0,52.0,100,0,0,100
2026-05-24 13:31:50.166208,25.0,52.0,98,0,0,100
2026-05-24 13:31:51.170185,25.0,52.0,99,0,0,100
2026-05-24 13:31:52.170017,25.0,52.0,99,0,0,100
2026-05-24 13:31:53.168212,25.0,52.0,100,0,0,100
2026-05-24 13:31:54.224022,25.0,52.0,99,0,0,100
2026-05-24 13:31:55.429793,25.0,52.0,100,50,0,100
2026-05-24 13:31:56.314533,25.0,52.0,96,52,0,100
2026-05-24 13:31:57.232910,25.0,52.0,100,52,0,100
2026-05-24 13:31:58.247004,25.0,52.0,98,70,0,100
2026-05-24 13:31:59.253984,25.0,53.0,100,40,0,100
2026-05-24 13:32:00.291092,25.0,53.0,99,67,0,100
2026-05-24 13:32:01.298680,25.0,53.0,100,89,0,100
2026-05-24 13:32:02.248065,25.0,53.0,100,93,0,100
2026-05-24 13:32:03.330994,25.0,53.0,100,0,0,100
2026-05-24 13:32:04.251166,25.0,53.0,100,0,0,100
2026-05-24 13:32:05.252790,25.0,53.0,100,0,0,100
2026-05-24 13:32:06.254066,25.0,53.0,98,0,0,100
2026-05-24 13:32:07.254027,25.0,53.0,100,0,0,100
2026-05-24 13:32:08.256697,25.0,53.0,100,0,0,100
2026-05-24 13:32:09.319148,25.0,53.0,100,0,0,100
2026-05-24 13:32:10.309905,25.0,53.0,100,0,0,100
2026-05-24 13:32:11.399869,25.0,53.0,100,0,0,100
2026-05-24 13:32:12.399465,25.0,53.0,100,0,0,100
2026-05-24 13:32:13.453550,25.0,53.0,100,0,0,100
2026-05-24 13:32:14.464399,25.0,53.0,100,0,0,100
2026-05-24 13:32:15.515939,25.0,53.0,100,0,0,100
2026-05-24 13:32:16.517122,25.0,53.0,100,0,0,100
2026-05-24 13:32:17.592920,25.0,53.0,100,0,0,100
2026-05-24 13:32:18.596140,25.0,53.0,100,0,0,100
2026-05-24 13:32:19.648846,25.0,53.0,100,0,0,100
2026-05-24 13:32:20.648292,25.0,53.0,100,0,0,100
2026-05-24 13:32:21.720160,25.0,53.0,100,0,0,100
2026-05-24 13:32:22.709828,25.0,53.0,100,0,0,100
2026-05-24 13:32:23.821738,25.0,53.0,100,0,0,100
2026-05-24 13:32:24.817693,25.0,53.0,100,0,0,100
2026-05-24 13:32:25.877421,25.0,53.0,100,0,0,100
2026-05-24 13:32:26.889366,25.0,53.0,100,0,0,100
2026-05-24 13:32:27.945043,25.0,53.0,100,0,0,100
2026-05-24 13:32:28.941697,25.0,53.0,100,0,0,100
2026-05-24 13:32:30.006134,25.0,53.0,100,0,0,100
2026-05-24 13:32:31.005475,25.0,53.0,99,0,0,100
2026-05-24 13:32:32.005619,25.0,52.0,100,0,0,100
2026-05-24 13:32:33.074412,25.0,52.0,100,17,0,100
2026-05-24 13:32:34.038237,25.0,52.0,100,34,0,100
2026-05-24 13:32:35.085625,25.0,52.0,99,39,0,100
2026-05-24 13:32:36.017282,25.0,52.0,100,56,0,100
2026-05-24 13:32:37.018319,25.0,52.0,100,56,0,100
2026-05-24 13:32:38.018090,25.0,53.0,100,60,0,100
2026-05-24 13:32:39.030924,25.0,53.0,100,62,0,100
2026-05-24 13:32:40.020101,25.0,53.0,100,68,0,100
2026-05-24 13:32:41.020737,25.0,53.0,99,68,0,100
2026-05-24 13:32:42.105391,25.0,53.0,100,46,0,100
2026-05-24 13:32:43.038217,25.0,53.0,100,0,0,100
2026-05-24 13:32:44.027134,25.0,53.0,100,0,0,100
2026-05-24 13:32:45.030245,25.0,53.0,100,0,0,100
2026-05-24 13:32:46.031070,25.0,53.0,100,0,0,100
2026-05-24 13:32:47.085132,25.0,53.0,99,0,0,100
2026-05-24 13:32:48.090903,25.0,53.0,100,0,0,100
2026-05-24 13:32:49.150306,25.0,53.0,100,0,0,100
2026-05-24 13:32:50.140590,25.0,53.0,99,0,0,100
2026-05-24 13:32:51.233168,25.0,53.0,100,0,0,100
2026-05-24 13:32:52.232870,25.0,53.0,100,0,0,100
2026-05-24 13:32:53.286157,25.0,53.0,100,0,0,100
2026-05-24 13:32:54.294235,25.0,53.0,100,0,0,100
2026-05-24 13:32:55.342013,25.0,53.0,100,0,0,100
2026-05-24 13:32:56.345628,25.0,53.0,100,0,0,100
2026-05-24 13:32:57.400621,25.0,53.0,100,0,0,100
2026-05-24 13:32:58.399439,25.0,53.0,100,0,0,100
2026-05-24 13:32:59.474557,25.0,53.0,100,0,0,100
2026-05-24 13:33:00.466254,25.0,53.0,100,0,0,100
2026-05-24 13:33:01.564665,25.0,53.0,100,0,0,100
2026-05-24 13:33:02.565748,25.0,54.0,100,0,0,100
2026-05-24 13:33:03.622089,25.0,54.0,100,0,0,100
2026-05-24 13:33:04.634655,25.0,54.0,100,0,0,100
2026-05-24 13:33:05.675113,25.0,54.0,100,0,0,100
2026-05-24 13:33:06.675851,25.0,54.0,100,0,0,100
2026-05-24 13:33:07.730211,25.0,54.0,100,0,0,100
2026-05-24 13:33:08.732172,25.0,54.0,99,0,0,100
2026-05-24 13:33:09.788922,25.0,54.0,100,0,0,100
2026-05-24 13:33:10.781586,25.0,54.0,100,0,0,100
2026-05-24 13:33:11.869778,25.0,54.0,100,0,0,100
2026-05-24 13:33:12.869929,25.0,54.0,100,0,0,100
2026-05-24 13:33:13.930220,25.0,54.0,100,0,0,100
2026-05-24 13:33:14.940308,25.0,54.0,100,0,0,100
2026-05-24 13:33:15.986719,25.0,56.0,100,0,0,100
2026-05-24 13:33:16.988599,25.0,56.0,100,0,0,100
2026-05-24 13:33:18.043415,25.0,56.0,100,0,0,100
2026-05-24 13:33:19.042168,25.0,56.0,100,0,0,100
2026-05-24 13:33:20.104565,25.0,56.0,99,0,0,100
2026-05-24 13:33:21.096856,25.0,56.0,99,0,0,100
2026-05-24 13:33:22.183714,25.0,56.0,99,0,0,100
2026-05-24 13:33:23.189761,25.0,56.0,100,0,0,100
2026-05-24 13:33:24.237061,25.0,56.0,100,0,0,100
2026-05-24 13:33:25.246665,25.0,56.0,100,0,0,100
2026-05-24 13:33:26.290655,25.0,56.0,99,0,0,100
2026-05-24 13:33:27.289950,25.0,56.0,99,0,0,100
2026-05-24 13:33:28.346179,25.0,56.0,99,0,0,100
2026-05-24 13:33:29.347246,25.0,56.0,100,0,0,100
2026-05-24 13:33:30.409604,25.0,56.0,100,0,0,100
2026-05-24 13:33:31.399470,25.0,56.0,100,0,0,100
2026-05-24 13:33:32.489905,25.0,56.0,100,0,0,100
2026-05-24 13:33:33.486824,25.0,56.0,100,0,0,100
2026-05-24 13:33:34.548365,25.0,56.0,100,0,0,100
2026-05-24 13:33:35.555705,25.0,57.0,100,0,0,100
2026-05-24 13:33:36.606634,25.0,57.0,100,0,0,100
2026-05-24 13:33:37.604076,25.0,57.0,100,0,0,100
2026-05-24 13:33:38.674248,25.0,57.0,100,0,0,100
2026-05-24 13:33:39.673013,25.0,57.0,100,0,0,100
2026-05-24 13:33:40.737571,25.0,57.0,100,0,0,100
2026-05-24 13:33:41.729380,25.0,57.0,100,0,0,100
2026-05-24 13:33:42.829907,25.0,57.0,99,0,0,100
2026-05-24 13:33:43.828075,25.0,57.0,100,0,0,100
2026-05-24 13:33:44.829708,25.0,57.0,100,0,0,100
2026-05-24 13:33:45.832605,25.0,57.0,100,0,0,100
2026-05-24 13:33:46.888479,25.0,57.0,100,0,0,100
2026-05-24 13:33:47.886640,25.0,57.0,100,0,0,100
2026-05-24 13:33:48.941274,25.0,57.0,100,0,0,100
2026-05-24 13:33:49.941896,25.0,59.0,100,0,0,100
2026-05-24 13:33:51.001638,25.0,59.0,100,0,0,100
2026-05-24 13:33:52.003493,25.0,59.0,100,0,0,100
2026-05-24 13:33:53.085468,25.0,59.0,100,0,0,100
2026-05-24 13:33:54.084987,25.0,59.0,100,0,0,100
2026-05-24 13:33:55.140537,25.0,59.0,100,0,0,100
2026-05-24 13:33:56.140491,25.0,59.0,100,0,0,100
2026-05-24 13:33:57.204949,25.0,59.0,100,0,0,100
2026-05-24 13:33:58.193942,25.0,59.0,100,0,0,100
2026-05-24 13:33:59.294060,25.0,59.0,99,0,0,100
2026-05-24 13:34:00.291990,25.0,59.0,98,0,0,100
2026-05-24 13:34:01.349659,25.0,59.0,100,0,0,100
2026-05-24 13:34:02.358139,25.0,59.0,100,0,0,100
2026-05-24 13:34:03.405941,25.0,59.0,99,0,0,100
2026-05-24 13:34:04.404763,25.0,59.0,100,0,0,100
2026-05-24 13:34:05.426069,25.0,59.0,100,0,0,100
2026-05-24 13:34:06.426126,25.0,60.0,100,0,0,100
2026-05-24 13:34:07.492474,25.0,60.0,99,0,0,100
2026-05-24 13:34:08.482209,25.0,60.0,100,0,0,100
2026-05-24 13:34:09.581922,25.0,60.0,100,0,0,100
2026-05-24 13:34:10.584832,25.0,60.0,100,0,0,100
2026-05-24 13:34:11.641100,25.0,60.0,99,0,0,100
2026-05-24 13:34:12.648709,25.0,60.0,100,0,0,100
2026-05-24 13:34:13.694965,25.0,60.0,100,0,0,100
2026-05-24 13:34:14.697305,25.0,60.0,100,0,0,100
2026-05-24 13:34:15.744306,25.0,60.0,100,0,0,100
2026-05-24 13:34:16.745910,25.0,60.0,100,0,0,100
2026-05-24 13:34:17.807453,25.0,60.0,100,0,0,100
2026-05-24 13:34:18.798242,25.0,60.0,100,0,0,100
2026-05-24 13:34:19.899999,25.0,60.0,100,0,0,100
2026-05-24 13:34:20.900557,25.0,60.0,100,0,0,100
2026-05-24 13:34:21.956757,25.0,60.0,99,0,0,100
2026-05-24 13:34:22.971500,25.0,60.0,100,0,0,100
2026-05-24 13:34:24.008784,25.0,60.0,100,0,0,100
2026-05-24 13:34:25.008782,25.0,60.0,100,0,0,100
2026-05-24 13:34:26.062778,25.0,60.0,100,0,0,100
2026-05-24 13:34:27.064730,25.0,60.0,100,0,0,100
2026-05-24 13:34:28.124143,25.0,60.0,100,0,0,100
2026-05-24 13:34:29.115738,25.0,60.0,100,0,0,100
2026-05-24 13:34:30.219535,25.0,60.0,100,0,0,100
2026-05-24 13:34:31.220029,25.0,60.0,100,0,0,100
2026-05-24 13:34:32.277918,25.0,60.0,100,0,0,100
2026-05-24 13:34:33.286598,25.0,60.0,100,0,0,100
2026-05-24 13:34:34.338772,25.0,61.0,100,0,0,100
2026-05-24 13:34:35.331162,25.0,61.0,100,0,0,100
2026-05-24 13:34:36.429059,25.0,61.0,100,0,0,100
2026-05-24 13:34:37.430074,25.0,61.0,100,0,0,100
2026-05-24 13:34:38.485996,25.0,61.0,100,0,0,100
2026-05-24 13:34:39.496149,25.0,61.0,100,0,0,100
2026-05-24 13:34:40.547541,25.0,61.0,100,0,0,100
2026-05-24 13:34:41.547167,25.0,61.0,99,0,0,100
2026-05-24 13:34:42.608207,25.0,61.0,100,0,0,100
2026-05-24 13:34:43.608016,25.0,61.0,99,0,0,100
2026-05-24 13:34:44.683061,25.0,61.0,100,0,0,100
2026-05-24 13:34:45.671880,25.0,61.0,100,0,0,100
2026-05-24 13:34:46.775736,25.0,61.0,100,0,0,100
2026-05-24 13:34:47.774801,25.0,61.0,100,0,0,100
2026-05-24 13:34:48.830939,25.0,61.0,100,0,0,100
2026-05-24 13:34:49.839027,25.0,61.0,99,0,0,100
2026-05-24 13:34:50.886661,25.0,61.0,100,0,0,100
2026-05-24 13:34:51.885580,25.0,61.0,99,0,0,100
2026-05-24 13:34:52.938335,25.0,61.0,100,0,0,100
2026-05-24 13:34:53.938427,25.0,61.0,100,0,0,100
2026-05-24 13:34:54.999938,25.0,61.0,100,0,0,100
2026-05-24 13:34:55.990616,25.0,61.0,100,0,0,100
2026-05-24 13:34:57.090441,25.0,61.0,100,0,0,100
2026-05-24 13:34:58.090932,25.0,61.0,100,0,0,100
2026-05-24 13:34:59.146087,25.0,61.0,100,0,0,100
2026-05-24 13:35:00.155008,25.0,61.0,100,0,0,100
2026-05-24 13:35:01.213235,25.0,61.0,100,0,0,100
2026-05-24 13:35:02.202589,25.0,61.0,97,0,0,100
2026-05-24 13:35:03.307148,25.0,61.0,99,0,0,100
2026-05-24 13:35:04.306080,25.0,61.0,100,0,0,100
2026-05-24 13:35:05.362251,25.0,61.0,100,0,0,100
2026-05-24 13:35:06.369974,25.0,61.0,100,0,0,100
2026-05-24 13:35:07.430924,25.0,61.0,100,0,0,100
2026-05-24 13:35:08.419992,25.0,61.0,100,0,0,100
2026-05-24 13:35:09.511486,25.0,61.0,100,0,0,100
2026-05-24 13:35:10.511247,25.0,61.0,100,0,0,100
2026-05-24 13:35:11.566836,25.0,61.0,100,0,0,100
2026-05-24 13:35:12.575753,25.0,61.0,100,0,0,100
2026-05-24 13:35:13.627310,25.0,61.0,100,0,0,100
2026-05-24 13:35:14.627625,25.0,61.0,100,0,0,100
2026-05-24 13:35:15.679392,25.0,63.0,99,0,0,100
2026-05-24 13:35:16.679040,25.0,63.0,99,0,0,100
2026-05-24 13:35:17.745905,25.0,63.0,100,0,0,100
2026-05-24 13:35:18.735527,25.0,63.0,100,0,0,100
2026-05-24 13:35:19.799046,25.0,63.0,100,0,0,100
2026-05-24 13:35:20.798301,25.0,63.0,100,0,0,100
2026-05-24 13:35:21.855159,25.0,63.0,100,0,0,100
2026-05-24 13:35:22.863315,25.0,63.0,100,0,0,100
2026-05-24 13:35:23.911483,25.0,63.0,100,0,0,100
2026-05-24 13:35:24.910500,25.0,63.0,100,0,0,100
2026-05-24 13:35:25.960613,25.0,63.0,100,0,0,100
2026-05-24 13:35:26.960804,25.0,63.0,100,0,0,100
2026-05-24 13:35:28.021299,25.0,63.0,99,0,0,100
2026-05-24 13:35:29.012649,25.0,63.0,100,0,0,100
2026-05-24 13:35:30.098405,25.0,63.0,100,0,0,100
2026-05-24 13:35:31.099307,25.0,63.0,100,0,0,100
2026-05-24 13:35:32.157816,25.0,63.0,100,0,0,100
2026-05-24 13:35:33.155599,25.0,63.0,100,0,0,100
2026-05-24 13:35:34.210178,25.0,63.0,99,0,0,100
2026-05-24 13:35:35.210377,25.0,63.0,100,0,0,100
2026-05-24 13:35:36.265775,25.0,63.0,100,0,0,100
2026-05-24 13:35:37.264177,25.0,63.0,100,0,0,100
2026-05-24 13:35:38.331246,25.0,63.0,100,0,0,100
2026-05-24 13:35:39.321762,25.0,63.0,100,0,0,100
2026-05-24 13:35:40.409549,25.0,63.0,100,0,0,100
2026-05-24 13:35:41.410202,25.0,63.0,100,0,0,100
2026-05-24 13:35:42.465851,25.0,63.0,100,0,0,100
2026-05-24 13:35:43.474582,25.0,63.0,100,0,0,100
2026-05-24 13:35:44.542298,25.0,63.0,100,0,0,100
2026-05-24 13:35:45.520538,25.0,63.0,100,0,0,100
2026-05-24 13:35:46.525880,25.0,63.0,100,0,0,100
2026-05-24 13:35:47.522778,25.0,63.0,99,0,0,100
2026-05-24 13:35:48.590197,25.0,63.0,99,0,0,100
2026-05-24 13:35:49.587177,25.0,63.0,100,0,0,100
2026-05-24 13:35:50.583869,25.0,63.0,100,0,0,100
2026-05-24 13:35:51.583027,25.0,63.0,100,0,0,100
2026-05-24 13:35:52.583389,25.0,63.0,100,0,0,100
2026-05-24 13:35:53.639485,25.0,63.0,100,0,0,100
2026-05-24 13:35:54.651317,25.0,63.0,100,0,0,100
2026-05-24 13:35:55.708971,25.0,63.0,100,0,0,100
2026-05-24 13:35:56.708865,25.0,63.0,100,0,0,100
2026-05-24 13:35:57.770761,25.0,63.0,100,0,0,100
2026-05-24 13:35:58.772198,25.0,63.0,99,0,0,100
2026-05-24 13:35:59.835057,25.0,63.0,100,0,0,100
2026-05-24 13:36:00.824135,25.0,63.0,99,0,0,100
2026-05-24 13:36:01.929433,25.0,63.0,100,0,0,100
2026-05-24 13:36:02.929853,25.0,63.0,100,0,0,100
2026-05-24 13:36:03.984926,25.0,63.0,100,0,0,100
2026-05-24 13:36:04.994433,25.0,63.0,100,0,0,100
2026-05-24 13:36:06.016020,25.0,63.0,100,0,0,100
2026-05-24 13:36:07.006207,25.0,63.0,100,0,0,100
2026-05-24 13:36:08.093449,25.0,63.0,100,0,0,100
2026-05-24 13:36:09.092392,25.0,63.0,99,0,0,100
2026-05-24 13:36:10.147299,25.0,63.0,100,0,0,100
2026-05-24 13:36:11.190381,25.0,63.0,100,0,0,100
2026-05-24 13:36:12.202137,25.0,63.0,100,0,0,100
2026-05-24 13:36:13.202645,25.0,63.0,100,0,0,100
2026-05-24 13:36:14.254924,25.0,63.0,100,0,0,100
2026-05-24 13:36:15.254052,25.0,63.0,100,0,0,100
2026-05-24 13:36:16.318396,25.0,63.0,100,0,0,100
2026-05-24 13:36:17.307985,25.0,63.0,100,0,0,100
2026-05-24 13:36:18.414144,25.0,64.0,100,0,0,100
2026-05-24 13:36:19.414437,25.0,64.0,100,0,0,100
2026-05-24 13:36:20.467185,25.0,64.0,100,0,0,100
2026-05-24 13:36:21.479462,25.0,64.0,99,0,0,100
2026-05-24 13:36:22.525938,25.0,64.0,99,0,0,100
2026-05-24 13:36:23.525744,25.0,64.0,100,0,0,100
2026-05-24 13:36:24.579982,25.0,64.0,100,0,0,100
2026-05-24 13:36:25.580214,25.0,64.0,100,0,0,100
2026-05-24 13:36:26.650964,25.0,64.0,100,0,0,100
2026-05-24 13:36:27.639269,25.0,64.0,100,0,0,100
2026-05-24 13:36:28.733018,25.0,64.0,100,0,0,100
2026-05-24 13:36:29.733789,25.0,64.0,100,0,0,100
2026-05-24 13:36:30.787619,25.0,64.0,100,0,0,100
2026-05-24 13:36:31.796972,25.0,64.0,100,0,0,100
2026-05-24 13:36:32.843448,25.0,64.0,100,0,0,100
2026-05-24 13:36:33.842826,25.0,64.0,100,0,0,100
2026-05-24 13:36:34.897852,25.0,64.0,100,0,0,100
2026-05-24 13:36:35.897857,25.0,64.0,100,0,0,100
2026-05-24 13:36:36.967811,25.0,64.0,100,0,0,100
2026-05-24 13:36:37.959005,25.0,64.0,100,0,0,100
2026-05-24 13:36:39.058084,25.0,64.0,100,0,0,100
2026-05-24 13:36:40.059576,25.0,64.0,100,0,0,100
2026-05-24 13:36:41.114836,25.0,64.0,100,0,0,100
2026-05-24 13:36:42.121789,25.0,64.0,99,0,0,100
2026-05-24 13:36:43.178815,25.0,64.0,100,0,0,100
2026-05-24 13:36:44.169225,25.0,64.0,99,0,0,100
2026-05-24 13:36:45.262821,25.0,64.0,100,0,0,100
2026-05-24 13:36:46.260853,25.0,64.0,100,0,0,100
2026-05-24 13:36:47.318497,25.0,64.0,100,0,0,100
2026-05-24 13:36:48.326367,25.0,64.0,100,0,0,100
2026-05-24 13:36:49.397855,25.0,64.0,100,0,0,100
2026-05-24 13:36:50.381752,25.0,64.0,100,0,0,100
2026-05-24 13:36:51.406337,25.0,64.0,100,0,0,100
2026-05-24 13:36:52.406637,25.0,64.0,99,0,0,100
2026-05-24 13:36:53.474717,25.0,64.0,100,0,0,100
2026-05-24 13:36:54.469820,25.0,64.0,99,0,0,100
2026-05-24 13:36:55.467397,25.0,64.0,100,0,0,100
2026-05-24 13:36:56.463630,25.0,64.0,100,0,0,100
2026-05-24 13:36:57.463816,25.0,64.0,100,0,0,100
2026-05-24 13:36:58.519210,25.0,64.0,100,0,0,100
2026-05-24 13:36:59.520787,25.0,64.0,100,0,0,100
2026-05-24 13:37:00.578545,25.0,64.0,99,0,0,100
2026-05-24 13:37:01.577647,25.0,64.0,100,0,0,100
2026-05-24 13:37:02.632140,25.0,64.0,100,0,0,100
2026-05-24 13:37:03.634207,25.0,64.0,100,0,0,100
2026-05-24 13:37:04.700897,25.0,64.0,100,0,0,100
2026-05-24 13:37:05.707203,25.0,64.0,98,0,0,100
2026-05-24 13:37:06.739590,25.0,64.0,100,0,0,100
2026-05-24 13:37:07.739380,25.0,64.0,100,0,0,100
2026-05-24 13:37:08.792242,25.0,64.0,100,0,0,100
2026-05-24 13:37:09.791429,25.0,64.0,100,0,0,100
2026-05-24 13:37:10.856596,25.0,64.0,100,0,0,100
2026-05-24 13:37:11.854913,25.0,64.0,100,0,0,100
2026-05-24 13:37:12.936719,25.0,64.0,100,0,0,100
2026-05-24 13:37:13.935843,25.0,64.0,100,0,0,100
2026-05-24 13:37:14.991819,25.0,64.0,100,0,0,100
2026-05-24 13:37:15.991374,25.0,64.0,100,0,0,100
2026-05-24 13:37:17.051674,25.0,64.0,100,0,0,100
2026-05-24 13:37:18.046067,25.0,64.0,100,0,0,100
2026-05-24 13:37:19.140287,25.0,64.0,100,0,0,100
2026-05-24 13:37:20.139988,25.0,64.0,100,0,0,100
2026-05-24 13:37:21.192360,25.0,64.0,100,0,0,100
2026-05-24 13:37:22.202523,25.0,64.0,100,0,0,100
2026-05-24 13:37:23.244539,25.0,64.0,100,0,0,100
2026-05-24 13:37:24.246074,25.0,64.0,100,0,0,100
2026-05-24 13:37:25.297375,25.0,64.0,99,0,0,100
2026-05-24 13:37:26.296289,25.0,64.0,100,0,0,100
2026-05-24 13:37:27.358131,25.0,64.0,100,0,0,100
2026-05-24 13:37:28.350772,25.0,64.0,100,0,0,100
2026-05-24 13:37:29.449071,25.0,64.0,100,0,0,100
2026-05-24 13:37:30.450125,25.0,64.0,100,0,0,100
2026-05-24 13:37:31.501070,25.0,64.0,100,0,0,100
2026-05-24 13:37:32.513348,25.0,64.0,100,0,0,100
2026-05-24 13:37:33.557101,25.0,64.0,100,0,0,100
2026-05-24 13:37:34.557706,25.0,64.0,100,0,0,100
2026-05-24 13:37:35.614640,25.0,64.0,100,0,0,100
2026-05-24 13:37:36.612105,25.0,64.0,100,0,0,100
2026-05-24 13:37:37.675096,25.0,64.0,99,0,0,100
2026-05-24 13:37:38.665918,25.0,64.0,100,0,0,100
2026-05-24 13:37:39.761760,25.0,64.0,100,0,0,100
2026-05-24 13:37:40.761138,25.0,64.0,100,0,0,100
2026-05-24 13:37:41.817415,25.0,64.0,100,0,0,100
2026-05-24 13:37:42.827353,25.0,64.0,100,0,0,100
2026-05-24 13:37:43.878113,25.0,64.0,100,0,0,100
2026-05-24 13:37:44.871713,25.0,64.0,100,0,0,100
2026-05-24 13:37:45.964824,25.0,64.0,100,0,0,100
2026-05-24 13:37:46.964908,25.0,64.0,100,0,0,100
2026-05-24 13:37:48.018499,25.0,64.0,99,0,0,100
2026-05-24 13:37:49.028586,25.0,64.0,100,0,0,100
2026-05-24 13:37:50.078113,25.0,64.0,100,0,0,100
2026-05-24 13:37:51.075842,25.0,64.0,100,0,0,100
2026-05-24 13:37:52.131433,25.0,64.0,100,0,0,100
2026-05-24 13:37:53.135493,25.0,64.0,100,0,0,100
2026-05-24 13:37:54.216357,25.0,64.0,100,0,0,100
2026-05-24 13:37:55.208544,25.0,64.0,100,0,0,100
2026-05-24 13:37:56.306522,25.0,64.0,100,0,0,100
2026-05-24 13:37:57.308558,25.0,64.0,100,0,0,100
2026-05-24 13:37:58.412941,25.0,64.0,99,0,0,100
2026-05-24 13:37:59.422670,25.0,64.0,100,0,0,100
2026-05-24 13:38:00.470982,25.0,64.0,99,0,0,100
2026-05-24 13:38:01.472728,25.0,64.0,100,0,0,100
2026-05-24 13:38:02.527693,25.0,64.0,100,0,0,100
2026-05-24 13:38:03.528339,25.0,64.0,100,0,0,100
2026-05-24 13:38:04.592179,25.0,64.0,100,0,0,100
2026-05-24 13:38:05.582821,25.0,64.0,100,0,0,100
2026-05-24 13:38:06.682997,25.0,64.0,100,0,0,100
2026-05-24 13:38:07.682506,25.0,64.0,100,0,0,100
2026-05-24 13:38:08.736223,25.0,64.0,100,0,0,100
2026-05-24 13:38:09.745039,25.0,64.0,100,0,0,100
2026-05-24 13:38:10.790033,25.0,64.0,99,0,0,100
2026-05-24 13:38:11.789985,25.0,64.0,100,0,0,100
2026-05-24 13:38:12.843095,25.0,64.0,100,0,0,100
2026-05-24 13:38:13.841100,25.0,64.0,100,0,0,100
2026-05-24 13:38:14.906159,25.0,64.0,100,0,0,100
2026-05-24 13:38:15.895613,25.0,64.0,100,0,0,100
2026-05-24 13:38:16.996307,25.0,64.0,99,0,0,100
2026-05-24 13:38:17.995315,25.0,64.0,100,0,0,100
2026-05-24 13:38:19.049721,25.0,64.0,100,0,0,100
2026-05-24 13:38:20.056953,25.0,64.0,100,0,0,100
2026-05-24 13:38:21.105590,25.0,64.0,100,0,0,100
2026-05-24 13:38:22.110128,25.0,64.0,100,0,0,100
2026-05-24 13:38:23.161666,25.0,64.0,100,0,0,100
2026-05-24 13:38:24.160480,26.0,64.0,100,0,0,100
2026-05-24 13:38:25.222364,25.0,64.0,100,0,0,100
2026-05-24 13:38:26.214320,26.0,64.0,100,0,0,100
2026-05-24 13:38:27.311956,26.0,64.0,100,0,0,100
2026-05-24 13:38:28.310779,26.0,64.0,100,0,0,100
2026-05-24 13:38:29.363824,26.0,64.0,100,0,0,100
2026-05-24 13:38:30.371982,26.0,64.0,100,0,0,100
2026-05-24 13:38:31.425647,26.0,64.0,100,0,0,100
2026-05-24 13:38:32.429429,26.0,64.0,100,0,0,100
2026-05-24 13:38:33.517100,26.0,64.0,98,0,0,100
2026-05-24 13:38:34.505859,26.0,64.0,100,0,0,100
2026-05-24 13:38:35.615517,26.0,64.0,100,0,0,100
2026-05-24 13:38:36.613841,26.0,64.0,100,0,0,100
2026-05-24 13:38:37.667826,26.0,64.0,100,0,0,100
2026-05-24 13:38:38.676106,26.0,64.0,100,0,0,100
2026-05-24 13:38:39.738966,26.0,64.0,98,0,0,100
2026-05-24 13:38:40.726436,26.0,64.0,100,0,0,100
2026-05-24 13:38:41.817994,26.0,64.0,100,0,0,100
2026-05-24 13:38:42.816650,26.0,64.0,100,0,0,100
2026-05-24 13:38:43.878625,26.0,64.0,100,0,0,100
2026-05-24 13:38:44.883440,26.0,64.0,99,0,0,100
2026-05-24 13:38:45.930693,26.0,64.0,100,0,0,100
2026-05-24 13:38:46.930253,26.0,64.0,100,0,0,100
2026-05-24 13:38:47.983559,26.0,64.0,100,0,0,100
2026-05-24 13:38:48.986063,26.0,64.0,100,0,0,100
2026-05-24 13:38:50.047643,26.0,64.0,100,0,0,100
2026-05-24 13:38:51.038493,26.0,64.0,100,0,0,100
2026-05-24 13:38:52.131069,26.0,64.0,100,0,0,100
2026-05-24 13:38:53.130634,26.0,64.0,98,0,0,100
2026-05-24 13:38:54.186869,26.0,64.0,100,0,0,100
2026-05-24 13:38:55.199098,26.0,64.0,100,0,0,100
2026-05-24 13:38:56.242125,26.0,64.0,100,0,0,100
2026-05-24 13:38:57.241057,26.0,64.0,100,0,0,100
2026-05-24 13:38:58.294669,26.0,64.0,99,0,0,100
2026-05-24 13:38:59.298097,26.0,64.0,100,0,0,100
2026-05-24 13:39:00.357479,26.0,64.0,100,0,0,100
2026-05-24 13:39:01.348976,26.0,64.0,100,0,0,100
2026-05-24 13:39:02.442082,26.0,64.0,100,0,0,100
2026-05-24 13:39:03.441772,26.0,64.0,100,0,0,100
2026-05-24 13:39:04.496630,26.0,64.0,100,0,0,100
2026-05-24 13:39:05.505122,26.0,64.0,100,0,0,100
2026-05-24 13:39:06.566276,26.0,64.0,100,0,0,100
2026-05-24 13:39:07.555372,26.0,64.0,100,0,0,100
2026-05-24 13:39:08.653150,26.0,64.0,100,0,0,100
2026-05-24 13:39:09.654327,26.0,64.0,100,0,0,100
2026-05-24 13:39:10.708466,26.0,64.0,100,0,0,100
2026-05-24 13:39:11.713478,26.0,64.0,99,0,0,100
2026-05-24 13:39:12.760539,26.0,64.0,100,0,0,100
2026-05-24 13:39:13.760610,26.0,64.0,100,0,0,100
2026-05-24 13:39:14.814202,26.0,64.0,100,0,0,100
2026-05-24 13:39:15.813959,26.0,64.0,100,0,0,100
2026-05-24 13:39:16.878884,26.0,64.0,100,0,0,100
2026-05-24 13:39:17.880112,26.0,64.0,100,0,0,100
2026-05-24 13:39:18.956518,26.0,64.0,100,0,0,100
2026-05-24 13:39:20.050094,26.0,64.0,100,0,0,100
2026-05-24 13:39:21.052564,26.0,64.0,100,0,0,100
2026-05-24 13:39:22.050774,26.0,64.0,100,0,0,100
2026-05-24 13:39:23.067422,26.0,64.0,100,0,0,100
2026-05-24 13:39:24.061325,26.0,64.0,100,0,0,100
2026-05-24 13:39:25.154840,26.0,64.0,100,0,0,100
2026-05-24 13:39:26.154701,26.0,64.0,100,0,0,100
2026-05-24 13:39:27.210646,26.0,64.0,99,0,0,100
2026-05-24 13:39:28.219576,26.0,64.0,100,0,0,100
2026-05-24 13:39:29.264496,26.0,64.0,99,0,0,100
2026-05-24 13:39:30.262260,26.0,64.0,100,0,0,100
2026-05-24 13:39:31.319126,26.0,64.0,100,0,0,100
2026-05-24 13:39:32.318515,26.0,64.0,100,0,0,100
2026-05-24 13:39:33.380098,26.0,64.0,100,0,0,100
2026-05-24 13:39:34.371883,26.0,64.0,100,0,0,100
2026-05-24 13:39:35.467042,26.0,64.0,100,0,0,100
2026-05-24 13:39:36.465734,26.0,64.0,100,0,0,100
2026-05-24 13:39:37.523618,26.0,64.0,100,0,0,100
2026-05-24 13:39:38.533306,26.0,64.0,99,0,0,100
2026-05-24 13:39:39.582032,26.0,64.0,99,0,0,100
2026-05-24 13:39:40.577754,26.0,64.0,100,0,0,100
2026-05-24 13:39:41.638146,26.0,64.0,100,0,0,100
2026-05-24 13:39:42.635634,26.0,64.0,100,0,0,100
2026-05-24 13:39:43.705295,26.0,64.0,100,0,0,100
2026-05-24 13:39:44.701898,26.0,64.0,100,0,0,100
2026-05-24 13:39:45.780762,26.0,64.0,99,0,0,100
2026-05-24 13:39:46.779728,26.0,64.0,100,0,0,100
2026-05-24 13:39:47.781901,26.0,64.0,100,0,0,100
2026-05-24 13:39:48.782907,26.0,64.0,100,0,0,100
2026-05-24 13:39:49.844279,26.0,64.0,100,0,0,100
2026-05-24 13:39:50.845558,26.0,64.0,100,0,0,100
2026-05-24 13:39:51.918312,26.0,64.0,99,0,0,100
2026-05-24 13:39:52.917930,26.0,64.0,100,0,0,100
2026-05-24 13:39:53.970543,26.0,64.0,100,0,0,100
2026-05-24 13:39:54.971101,26.0,64.0,100,0,0,100
2026-05-24 13:39:56.036354,26.0,64.0,100,0,0,100
2026-05-24 13:39:57.025642,26.0,64.0,100,0,0,100
2026-05-24 13:39:58.128171,26.0,64.0,100,0,0,100
2026-05-24 13:39:59.129076,26.0,64.0,100,0,0,100
2026-05-24 13:40:00.180236,26.0,64.0,100,0,0,100
2026-05-24 13:40:01.187085,26.0,64.0,100,0,0,100
2026-05-24 13:40:02.241471,26.0,64.0,99,0,0,100
2026-05-24 13:40:03.228830,26.0,64.0,100,0,0,100
2026-05-24 13:40:04.322365,26.0,64.0,100,0,0,100
2026-05-24 13:40:05.325229,26.0,64.0,100,0,0,100
2026-05-24 13:40:06.376834,26.0,64.0,100,0,0,100
2026-05-24 13:40:07.387167,26.0,64.0,100,0,0,100
2026-05-24 13:40:08.440711,26.0,64.0,100,0,0,100
2026-05-24 13:40:09.432432,26.0,64.0,100,0,0,100
2026-05-24 13:40:10.518207,26.0,64.0,100,0,0,100
2026-05-24 13:40:11.519740,26.0,64.0,99,0,0,100
2026-05-24 13:40:12.578798,26.0,64.0,100,0,0,100
2026-05-24 13:40:13.587236,26.0,64.0,100,0,0,100
2026-05-24 13:40:14.632195,26.0,64.0,100,0,0,100
2026-05-24 13:40:15.632142,26.0,64.0,100,0,0,100
2026-05-24 13:40:16.682717,26.0,64.0,100,0,0,100
2026-05-24 13:40:17.682913,26.0,64.0,99,0,0,100
2026-05-24 13:40:18.744862,26.0,64.0,100,0,0,100
2026-05-24 13:40:19.735210,26.0,64.0,100,0,0,100
2026-05-24 13:40:20.823450,26.0,64.0,100,0,0,100
2026-05-24 13:40:21.822888,26.0,64.0,100,0,0,100
2026-05-24 13:40:22.877684,26.0,64.0,100,0,0,100
2026-05-24 13:40:23.888525,26.0,64.0,100,0,0,100
2026-05-24 13:40:24.933603,26.0,64.0,100,0,0,100
2026-05-24 13:40:25.932239,26.0,64.0,100,0,0,100
2026-05-24 13:40:26.988349,26.0,64.0,100,0,0,100
2026-05-24 13:40:27.988013,26.0,64.0,100,0,0,100
2026-05-24 13:40:29.050106,26.0,64.0,100,0,0,100
2026-05-24 13:40:30.041432,26.0,64.0,100,0,0,100
2026-05-24 13:40:31.135064,26.0,64.0,98,0,0,100
2026-05-24 13:40:32.134663,26.0,64.0,100,0,0,100
2026-05-24 13:40:33.185925,26.0,64.0,99,0,0,100
2026-05-24 13:40:34.194253,26.0,64.0,100,0,0,100
2026-05-24 13:40:35.240549,26.0,64.0,100,0,0,100
2026-05-24 13:40:36.241829,26.0,64.0,100,0,0,100
2026-05-24 13:40:37.296504,26.0,64.0,100,0,0,100
2026-05-24 13:40:38.296127,26.0,64.0,100,0,0,100
2026-05-24 13:40:39.356403,26.0,64.0,99,0,0,100
2026-05-24 13:40:40.348058,26.0,64.0,100,0,0,100
2026-05-24 13:40:41.445759,26.0,64.0,99,0,0,100
2026-05-24 13:40:42.444836,26.0,64.0,100,0,0,100
2026-05-24 13:40:43.499375,26.0,64.0,99,0,0,100
2026-05-24 13:40:44.506432,26.0,64.0,100,0,0,100
2026-05-24 13:40:45.548681,26.0,64.0,100,0,0,100
2026-05-24 13:40:46.548601,26.0,64.0,100,0,0,100
2026-05-24 13:40:47.602997,26.0,64.0,100,0,0,100
2026-05-24 13:40:48.604328,26.0,64.0,100,0,0,100
2026-05-24 13:40:49.672412,26.0,64.0,99,0,0,100
2026-05-24 13:40:50.662164,26.0,64.0,100,0,0,100
2026-05-24 13:40:51.763458,26.0,64.0,100,0,0,100
2026-05-24 13:40:52.762600,26.0,64.0,100,0,0,100
2026-05-24 13:40:53.816082,26.0,64.0,99,0,0,100
2026-05-24 13:40:54.824883,26.0,64.0,100,0,0,100
2026-05-24 13:40:55.876772,26.0,64.0,100,0,0,100
2026-05-24 13:40:56.868809,26.0,64.0,100,0,0,100
2026-05-24 13:40:57.969998,26.0,64.0,100,0,0,100
2026-05-24 13:40:58.967236,26.0,64.0,100,0,0,100
2026-05-24 13:41:00.023793,26.0,64.0,100,0,0,100
2026-05-24 13:41:01.034222,26.0,64.0,100,0,0,100
2026-05-24 13:41:02.079643,26.0,64.0,100,0,0,100
2026-05-24 13:41:03.078054,26.0,64.0,100,0,0,100
2026-05-24 13:41:04.131257,26.0,64.0,100,0,0,100
2026-05-24 13:41:05.131035,26.0,64.0,100,0,0,100
2026-05-24 13:41:06.193743,26.0,64.0,100,0,0,100
2026-05-24 13:41:07.184433,26.0,64.0,100,0,0,100
2026-05-24 13:41:08.284608,26.0,64.0,100,0,0,100
2026-05-24 13:41:09.284400,26.0,64.0,100,0,0,100
2026-05-24 13:41:10.337913,26.0,64.0,100,0,0,100
2026-05-24 13:41:11.346434,26.0,64.0,100,0,0,100
2026-05-24 13:41:12.338928,26.0,64.0,100,0,0,100
2026-05-24 13:41:13.339260,26.0,64.0,100,0,0,100
2026-05-24 13:41:14.394834,26.0,64.0,100,0,0,100
2026-05-24 13:41:15.393640,26.0,64.0,100,0,0,100
2026-05-24 13:41:16.460595,26.0,64.0,100,0,0,100
2026-05-24 13:41:17.459264,26.0,64.0,100,0,0,100
2026-05-24 13:41:18.540363,26.0,64.0,99,0,0,100
2026-05-24 13:41:19.540312,26.0,64.0,100,0,0,100
2026-05-24 13:41:20.598967,26.0,64.0,99,0,0,100
2026-05-24 13:41:21.599160,26.0,64.0,100,0,0,100
2026-05-24 13:41:22.662855,26.0,64.0,100,0,0,100
2026-05-24 13:41:23.652395,26.0,64.0,100,0,0,100
2026-05-24 13:41:24.756019,26.0,64.0,100,0,0,100
2026-05-24 13:41:25.754659,26.0,64.0,100,0,0,100
2026-05-24 13:41:26.813610,26.0,64.0,99,0,0,100
2026-05-24 13:41:27.823899,26.0,64.0,100,0,0,100
2026-05-24 13:41:28.867594,26.0,64.0,100,0,0,100
2026-05-24 13:41:29.867747,26.0,64.0,100,0,0,100
2026-05-24 13:41:30.926412,26.0,64.0,100,0,0,100
2026-05-24 13:41:31.925715,26.0,64.0,100,0,0,100
2026-05-24 13:41:32.989485,26.0,64.0,100,0,0,100
2026-05-24 13:41:33.980806,26.0,64.0,100,0,0,100
2026-05-24 13:41:35.077935,26.0,64.0,100,0,0,100
2026-05-24 13:41:36.076868,26.0,64.0,100,0,0,100
2026-05-24 13:41:37.130018,26.0,64.0,100,0,0,100
2026-05-24 13:41:38.138647,26.0,64.0,100,0,0,100
2026-05-24 13:41:39.193081,26.0,64.0,100,0,0,100
2026-05-24 13:41:40.184461,26.0,64.0,100,0,0,100
2026-05-24 13:41:41.277081,26.0,64.0,100,0,0,100
2026-05-24 13:41:42.276978,26.0,64.0,98,0,0,100
2026-05-24 13:41:43.328657,26.0,64.0,99,0,0,100
2026-05-24 13:41:44.337984,26.0,64.0,100,0,0,100
2026-05-24 13:41:45.383645,26.0,64.0,100,0,0,100
2026-05-24 13:41:46.385991,26.0,64.0,100,0,0,100
2026-05-24 13:41:47.439605,26.0,64.0,100,0,0,100
2026-05-24 13:41:48.438036,26.0,64.0,100,0,0,100
2026-05-24 13:41:49.448573,26.0,64.0,100,0,0,100
2026-05-24 13:41:50.440454,26.0,64.0,100,0,0,100
2026-05-24 13:41:51.532228,26.0,64.0,100,0,0,100
2026-05-24 13:41:52.531247,26.0,64.0,99,0,0,100
2026-05-24 13:41:53.581951,26.0,64.0,100,0,0,100
2026-05-24 13:41:54.590216,26.0,64.0,100,0,0,100
2026-05-24 13:41:55.649537,26.0,64.0,100,0,0,100
2026-05-24 13:41:56.637362,26.0,64.0,100,0,0,100
2026-05-24 13:41:57.731312,26.0,64.0,99,0,0,100
2026-05-24 13:41:58.730793,26.0,64.0,100,0,0,100
2026-05-24 13:41:59.786162,26.0,64.0,100,0,0,100
2026-05-24 13:42:00.796437,26.0,64.0,100,0,0,100
2026-05-24 13:42:01.845060,26.0,64.0,99,0,0,100
2026-05-24 13:42:02.843809,26.0,64.0,100,0,0,100
2026-05-24 13:42:03.898084,26.0,64.0,100,0,0,100
2026-05-24 13:42:04.898044,26.0,64.0,100,0,0,100
2026-05-24 13:42:05.961726,26.0,64.0,100,0,0,100
2026-05-24 13:42:06.950186,26.0,64.0,100,0,0,100
2026-05-24 13:42:07.995377,26.0,64.0,99,0,0,100
2026-05-24 13:42:08.995927,26.0,64.0,100,0,0,100
2026-05-24 13:42:10.049152,26.0,64.0,100,0,0,100
2026-05-24 13:42:11.048510,26.0,64.0,100,0,0,100
2026-05-24 13:42:12.102888,26.0,64.0,99,0,0,100
2026-05-24 13:42:13.102184,26.0,64.0,100,0,0,100
2026-05-24 13:42:14.151947,26.0,64.0,100,0,0,100
2026-05-24 13:42:15.151559,26.0,64.0,100,0,0,100
2026-05-24 13:42:16.213885,26.0,64.0,100,0,0,100
2026-05-24 13:42:17.320060,26.0,64.0,100,0,0,100
2026-05-24 13:42:18.300505,26.0,64.0,100,0,0,100
2026-05-24 13:42:19.300480,26.0,64.0,100,0,0,100
2026-05-24 13:42:20.356507,26.0,64.0,100,0,0,100
2026-05-24 13:42:21.366838,26.0,64.0,100,0,0,100
2026-05-24 13:42:22.422701,26.0,64.0,100,0,0,100
2026-05-24 13:42:23.412308,26.0,64.0,100,0,0,100
2026-05-24 13:42:24.500904,26.0,64.0,100,0,0,100
2026-05-24 13:42:25.500702,26.0,64.0,100,0,0,100
2026-05-24 13:42:26.555787,26.0,64.0,100,0,0,100
2026-05-24 13:42:27.564589,26.0,64.0,100,0,0,100
2026-05-24 13:42:28.609933,26.0,64.0,100,0,0,100
2026-05-24 13:42:29.611551,26.0,64.0,100,0,0,100
2026-05-24 13:42:30.666334,26.0,64.0,100,0,0,100
2026-05-24 13:42:31.666672,26.0,64.0,99,0,0,100
2026-05-24 13:42:32.725770,26.0,64.0,99,0,0,100
2026-05-24 13:42:33.716906,26.0,64.0,100,0,0,100
2026-05-24 13:42:34.811225,26.0,64.0,100,0,0,100
2026-05-24 13:42:35.810389,26.0,64.0,100,0,0,100
2026-05-24 13:42:36.860549,26.0,64.0,100,0,0,100
2026-05-24 13:42:37.870951,26.0,64.0,100,0,0,100
2026-05-24 13:42:38.910242,26.0,64.0,99,0,0,100
2026-05-24 13:42:39.909944,26.0,64.0,100,0,0,100
2026-05-24 13:42:40.962522,26.0,64.0,100,0,0,100
2026-05-24 13:42:41.964098,26.0,64.0,100,0,0,100
2026-05-24 13:42:43.027275,26.0,64.0,99,0,0,100
2026-05-24 13:42:44.017889,26.0,64.0,100,0,0,100
2026-05-24 13:42:45.111199,26.0,64.0,99,0,0,100
2026-05-24 13:42:46.113568,26.0,64.0,100,0,0,100
2026-05-24 13:42:47.166358,26.0,64.0,100,0,0,100
2026-05-24 13:42:48.174741,26.0,64.0,100,0,0,100
2026-05-24 13:42:49.219371,26.0,64.0,100,0,0,100
2026-05-24 13:42:50.219388,26.0,64.0,100,0,0,100
2026-05-24 13:42:51.272328,26.0,64.0,100,0,0,100
2026-05-24 13:42:52.272431,26.0,64.0,100,0,0,100
2026-05-24 13:42:53.339876,26.0,64.0,99,0,0,100
2026-05-24 13:42:54.329469,26.0,64.0,100,0,0,100
2026-05-24 13:42:55.421761,26.0,64.0,100,0,0,100
2026-05-24 13:42:56.422215,26.0,64.0,100,0,0,100
2026-05-24 13:42:57.474503,26.0,64.0,100,0,0,100
2026-05-24 13:42:58.483307,26.0,64.0,100,0,0,100
2026-05-24 13:42:59.528703,26.0,64.0,100,0,0,100
2026-05-24 13:43:00.527761,26.0,64.0,100,0,0,100
2026-05-24 13:43:01.578912,26.0,64.0,100,0,0,100
2026-05-24 13:43:02.578324,26.0,64.0,100,0,0,100
2026-05-24 13:43:03.641756,26.0,64.0,99,0,0,100
2026-05-24 13:43:04.634358,26.0,64.0,100,0,0,100
2026-05-24 13:43:05.716722,26.0,64.0,100,0,0,100
2026-05-24 13:43:06.717923,26.0,64.0,100,0,0,100
2026-05-24 13:43:07.771196,26.0,64.0,100,0,0,100
2026-05-24 13:43:08.782153,26.0,64.0,100,0,0,100
2026-05-24 13:43:09.824752,26.0,64.0,99,0,0,100
2026-05-24 13:43:10.825038,26.0,64.0,100,0,0,100
2026-05-24 13:43:11.878184,26.0,64.0,100,0,0,100
2026-05-24 13:43:12.878757,26.0,64.0,100,0,0,100
2026-05-24 13:43:13.940573,26.0,64.0,100,0,0,100
2026-05-24 13:43:14.931060,26.0,64.0,100,0,0,100
2026-05-24 13:43:16.019216,26.0,64.0,100,0,0,100
2026-05-24 13:43:17.019336,26.0,64.0,100,0,0,100
2026-05-24 13:43:18.075171,26.0,64.0,100,0,0,100
2026-05-24 13:43:19.083427,26.0,64.0,100,0,0,100
2026-05-24 13:43:20.130990,26.0,64.0,100,0,0,100
2026-05-24 13:43:21.129680,26.0,64.0,100,0,0,100
2026-05-24 13:43:22.183208,26.0,64.0,100,0,0,100
2026-05-24 13:43:23.186111,26.0,64.0,100,0,0,100
2026-05-24 13:43:24.245023,26.0,64.0,99,0,0,100
2026-05-24 13:43:25.238186,26.0,64.0,100,0,0,100
2026-05-24 13:43:26.327712,26.0,64.0,100,0,0,100
2026-05-24 13:43:27.325354,26.0,64.0,100,0,0,100
2026-05-24 13:43:28.378637,26.0,64.0,100,0,0,100
2026-05-24 13:43:29.387725,26.0,64.0,100,0,0,100
2026-05-24 13:43:30.433046,26.0,64.0,100,0,0,100
2026-05-24 13:43:31.434021,26.0,64.0,100,0,0,100
2026-05-24 13:43:32.488134,26.0,64.0,99,0,0,100
2026-05-24 13:43:33.488129,26.0,64.0,100,0,0,100
2026-05-24 13:43:34.560397,26.0,64.0,100,0,0,100
2026-05-24 13:43:35.561889,26.0,64.0,100,0,0,100
2026-05-24 13:43:36.642848,26.0,64.0,100,0,0,100
2026-05-24 13:43:37.642241,26.0,64.0,100,0,0,100
2026-05-24 13:43:38.694668,26.0,64.0,100,0,0,100
2026-05-24 13:43:39.695389,26.0,64.0,100,0,0,100
2026-05-24 13:43:40.755642,26.0,64.0,100,0,0,100
2026-05-24 13:43:41.750112,26.0,64.0,100,0,0,100
2026-05-24 13:43:42.838745,26.0,64.0,100,0,0,100
2026-05-24 13:43:43.838064,26.0,64.0,100,0,0,100
2026-05-24 13:43:44.892445,26.0,64.0,100,0,0,100
2026-05-24 13:43:45.904806,26.0,64.0,100,0,0,100
2026-05-24 13:43:46.945915,26.0,64.0,100,0,0,100
2026-05-24 13:43:47.946042,26.0,64.0,100,0,0,100
2026-05-24 13:43:49.006713,26.0,64.0,100,0,0,100
2026-05-24 13:43:50.005648,26.0,64.0,100,0,0,100
2026-05-24 13:43:51.018638,26.0,64.0,100,0,0,100
2026-05-24 13:43:52.009274,26.0,64.0,100,0,0,100
2026-05-24 13:43:53.099170,26.0,64.0,100,0,0,100
2026-05-24 13:43:54.099183,26.0,64.0,100,0,0,100
2026-05-24 13:43:55.151006,26.0,64.0,99,0,0,100
2026-05-24 13:43:56.159856,26.0,64.0,100,0,0,100
2026-05-24 13:43:57.203824,26.0,64.0,100,0,0,100
2026-05-24 13:43:58.205569,26.0,64.0,100,0,0,100
2026-05-24 13:43:59.257459,26.0,64.0,100,0,0,100
2026-05-24 13:44:00.256413,26.0,64.0,100,0,0,100
2026-05-24 13:44:01.319733,26.0,64.0,100,0,0,100
2026-05-24 13:44:02.309866,26.0,64.0,100,0,0,100
2026-05-24 13:44:03.409976,26.0,64.0,100,0,0,100
2026-05-24 13:44:04.408742,26.0,64.0,100,0,0,100
2026-05-24 13:44:05.463432,26.0,64.0,99,0,0,100
2026-05-24 13:44:06.474899,26.0,64.0,100,0,0,100
2026-05-24 13:44:07.524208,26.0,64.0,100,0,0,100
2026-05-24 13:44:08.514428,26.0,64.0,100,0,0,100
2026-05-24 13:44:09.607020,26.0,64.0,100,0,0,100
2026-05-24 13:44:10.605651,26.0,64.0,100,0,0,100
2026-05-24 13:44:11.660757,26.0,64.0,99,0,0,100
2026-05-24 13:44:12.669484,26.0,64.0,100,0,0,100
2026-05-24 13:44:13.713541,26.0,64.0,99,0,0,100
2026-05-24 13:44:14.713750,26.0,64.0,100,0,0,100
2026-05-24 13:44:15.771913,26.0,64.0,99,0,0,100
2026-05-24 13:44:16.769940,26.0,64.0,100,0,0,100
2026-05-24 13:44:17.834012,26.0,64.0,100,0,0,100
2026-05-24 13:44:18.826295,26.0,64.0,100,0,0,100
2026-05-24 13:44:19.913923,26.0,64.0,99,0,0,100
2026-05-24 13:44:20.913711,26.0,64.0,100,0,0,100
2026-05-24 13:44:21.971984,26.0,64.0,99,0,0,100
2026-05-24 13:44:22.979987,26.0,64.0,100,0,0,100
2026-05-24 13:44:24.029707,26.0,64.0,100,0,0,100
2026-05-24 13:44:25.025844,26.0,64.0,100,0,0,100
2026-05-24 13:44:26.087729,26.0,64.0,100,0,0,100
2026-05-24 13:44:27.087110,26.0,64.0,100,0,0,100
2026-05-24 13:44:28.150472,26.0,64.0,100,0,0,100
2026-05-24 13:44:29.141424,26.0,64.0,100,0,0,100
2026-05-24 13:44:30.236746,26.0,64.0,100,0,0,100
2026-05-24 13:44:31.235823,26.0,64.0,100,0,0,100
2026-05-24 13:44:32.290381,26.0,64.0,100,0,0,100
2026-05-24 13:44:33.299074,26.0,64.0,100,0,0,100
2026-05-24 13:44:34.341722,26.0,64.0,99,0,0,100
2026-05-24 13:44:35.341656,26.0,64.0,100,0,0,100
2026-05-24 13:44:36.397609,26.0,64.0,100,0,0,100
2026-05-24 13:44:37.397348,26.0,64.0,100,0,0,100
2026-05-24 13:44:38.464800,26.0,64.0,100,0,0,100
2026-05-24 13:44:39.456531,26.0,64.0,99,0,0,100
2026-05-24 13:44:40.554315,26.0,64.0,100,0,0,100
2026-05-24 13:44:41.552838,26.0,64.0,100,0,0,100
2026-05-24 13:44:42.607517,26.0,64.0,100,0,0,100
2026-05-24 13:44:43.616849,26.0,64.0,100,0,0,100
2026-05-24 13:44:44.674064,26.0,64.0,100,0,0,100
2026-05-24 13:44:45.673768,26.0,64.0,100,0,0,100
2026-05-24 13:44:46.730122,26.0,64.0,100,0,0,100
2026-05-24 13:44:47.729573,26.0,64.0,100,0,0,100
2026-05-24 13:44:48.795272,26.0,64.0,100,0,0,100
2026-05-24 13:44:49.789891,26.0,64.0,100,0,0,100
2026-05-24 13:44:50.881474,26.0,64.0,100,0,0,100
2026-05-24 13:44:51.880991,26.0,64.0,100,0,0,100
2026-05-24 13:44:52.941098,26.0,64.0,100,0,0,100
2026-05-24 13:44:53.949627,26.0,64.0,100,0,0,100
2026-05-24 13:44:55.002017,26.0,64.0,100,0,0,100
2026-05-24 13:44:55.993999,26.0,64.0,100,0,0,100
2026-05-24 13:44:57.085305,26.0,64.0,100,0,0,100
2026-05-24 13:44:58.085945,26.0,64.0,100,0,0,100
2026-05-24 13:44:59.140866,26.0,64.0,100,0,0,100
2026-05-24 13:45:00.148112,26.0,64.0,100,0,0,100
2026-05-24 13:45:01.197998,26.0,64.0,100,0,0,100
2026-05-24 13:45:02.193380,26.0,64.0,100,0,0,100
2026-05-24 13:45:03.252820,26.0,64.0,100,0,0,100
2026-05-24 13:45:04.254860,26.0,64.0,100,0,0,100
2026-05-24 13:45:05.312237,26.0,64.0,100,0,0,100
2026-05-24 13:45:06.303233,26.0,64.0,100,0,0,100
2026-05-24 13:45:07.393635,26.0,64.0,100,0,0,100
2026-05-24 13:45:08.393764,26.0,64.0,100,0,0,100
2026-05-24 13:45:09.447471,26.0,64.0,100,0,0,100
2026-05-24 13:45:10.454231,26.0,64.0,100,0,0,100
2026-05-24 13:45:11.503609,26.0,64.0,100,0,0,100
2026-05-24 13:45:12.504853,26.0,64.0,100,0,0,100
2026-05-24 13:45:13.556847,26.0,64.0,100,0,0,100
2026-05-24 13:45:14.556179,26.0,64.0,100,0,0,100
2026-05-24 13:45:15.566618,26.0,64.0,100,0,0,100
2026-05-24 13:45:16.558108,26.0,64.0,100,0,0,100
2026-05-24 13:45:17.581291,26.0,64.0,99,0,0,100
2026-05-24 13:45:18.578129,26.0,64.0,100,0,0,100
2026-05-24 13:45:19.643550,26.0,64.0,100,0,0,100
2026-05-24 13:45:20.643818,26.0,64.0,100,0,0,100
2026-05-24 13:45:21.704112,26.0,64.0,100,0,0,100
2026-05-24 13:45:22.703950,26.0,64.0,100,0,0,100
2026-05-24 13:45:23.758369,26.0,64.0,100,0,0,100
2026-05-24 13:45:24.758677,26.0,64.0,100,0,0,100
2026-05-24 13:45:25.822574,26.0,64.0,100,0,0,100
2026-05-24 13:45:26.814108,26.0,64.0,100,0,0,100
2026-05-24 13:45:27.904916,26.0,64.0,99,0,0,100
2026-05-24 13:45:28.904647,26.0,64.0,100,0,0,100
2026-05-24 13:45:29.958364,26.0,64.0,100,0,0,100
2026-05-24 13:45:30.965264,26.0,64.0,100,0,0,100
2026-05-24 13:45:32.013349,26.0,64.0,100,0,0,100
2026-05-24 13:45:33.011954,26.0,64.0,100,0,0,100
2026-05-24 13:45:34.065798,26.0,64.0,100,0,0,100
2026-05-24 13:45:35.065155,26.0,64.0,100,0,0,100
2026-05-24 13:45:36.127953,26.0,64.0,100,0,0,100
2026-05-24 13:45:37.119252,26.0,64.0,100,0,0,100
2026-05-24 13:45:38.206082,26.0,64.0,100,0,0,100
2026-05-24 13:45:39.204781,26.0,64.0,100,0,0,100
2026-05-24 13:45:40.259451,26.0,64.0,100,0,0,100
2026-05-24 13:45:41.260193,26.0,64.0,100,0,0,100
2026-05-24 13:45:42.311688,26.0,64.0,100,0,0,100
2026-05-24 13:45:43.312227,26.0,64.0,100,0,0,100
2026-05-24 13:45:44.365141,26.0,64.0,100,0,0,100
2026-05-24 13:45:45.365669,26.0,64.0,100,0,0,100
2026-05-24 13:45:46.431841,26.0,64.0,100,0,0,100
2026-05-24 13:45:47.431826,26.0,64.0,100,0,0,100
2026-05-24 13:45:48.504080,26.0,64.0,100,0,0,100
2026-05-24 13:45:49.504403,26.0,64.0,100,0,0,100
2026-05-24 13:45:50.556145,26.0,64.0,100,0,0,100
2026-05-24 13:45:51.557723,26.0,64.0,99,0,0,100
2026-05-24 13:45:52.567397,26.0,64.0,100,0,0,100
2026-05-24 13:45:53.566710,26.0,64.0,100,0,0,100
2026-05-24 13:45:54.656079,26.0,64.0,99,0,0,100
2026-05-24 13:45:55.655391,26.0,64.0,100,0,0,100
2026-05-24 13:45:56.710417,26.0,64.0,100,0,0,100
2026-05-24 13:45:57.709961,26.0,64.0,100,0,0,100
2026-05-24 13:45:58.774351,26.0,64.0,100,0,0,100
2026-05-24 13:45:59.763510,26.0,64.0,100,0,0,100
2026-05-24 13:46:00.861778,26.0,64.0,100,0,0,100
2026-05-24 13:46:01.861976,26.0,64.0,100,0,0,100
2026-05-24 13:46:02.915191,26.0,64.0,100,0,0,100
2026-05-24 13:46:03.915942,26.0,64.0,100,0,0,100
2026-05-24 13:46:04.971490,26.0,64.0,100,0,0,100
2026-05-24 13:46:05.970310,26.0,64.0,100,0,0,100
2026-05-24 13:46:07.025968,26.0,64.0,99,0,0,100
2026-05-24 13:46:08.023798,26.0,64.0,100,0,0,100
2026-05-24 13:46:09.055136,26.0,64.0,100,0,0,100
2026-05-24 13:46:10.044020,26.0,64.0,100,0,0,100
2026-05-24 13:46:11.148147,26.0,64.0,99,0,0,100
2026-05-24 13:46:12.147623,26.0,64.0,100,0,0,100
2026-05-24 13:46:13.200076,26.0,64.0,100,0,0,100
2026-05-24 13:46:14.211868,26.0,64.0,100,0,0,100
2026-05-24 13:46:15.265551,26.0,64.0,100,0,0,100
2026-05-24 13:46:16.256024,26.0,64.0,100,0,0,100
2026-05-24 13:46:17.343568,26.0,64.0,100,0,0,100
2026-05-24 13:46:18.344038,26.0,64.0,100,0,0,100
2026-05-24 13:46:19.396982,26.0,64.0,100,0,0,100
2026-05-24 13:46:20.411217,26.0,64.0,100,0,0,100
2026-05-24 13:46:21.447436,26.0,64.0,100,0,0,100
2026-05-24 13:46:22.447908,26.0,64.0,100,0,0,100
2026-05-24 13:46:23.504310,26.0,64.0,100,0,0,100
2026-05-24 13:46:24.503831,26.0,64.0,100,0,0,100
2026-05-24 13:46:25.565463,26.0,64.0,100,0,0,100
2026-05-24 13:46:26.554925,26.0,64.0,98,0,0,100
2026-05-24 13:46:27.651878,26.0,64.0,100,0,0,100
2026-05-24 13:46:28.651072,26.0,64.0,100,0,0,100
2026-05-24 13:46:29.701331,26.0,64.0,99,0,0,100
2026-05-24 13:46:30.710186,26.0,64.0,100,0,0,100
2026-05-24 13:46:31.755554,26.0,64.0,100,0,0,100
2026-05-24 13:46:32.755492,26.0,64.0,100,0,0,100
2026-05-24 13:46:33.809562,26.0,64.0,99,0,0,100
2026-05-24 13:46:34.809783,26.0,64.0,100,0,0,100
2026-05-24 13:46:35.873645,26.0,64.0,100,0,0,100
2026-05-24 13:46:36.863556,26.0,64.0,100,0,0,100
2026-05-24 13:46:37.954149,26.0,64.0,100,0,0,100
2026-05-24 13:46:38.951376,26.0,64.0,100,0,0,100
2026-05-24 13:46:40.011283,26.0,64.0,100,0,0,100
2026-05-24 13:46:41.019693,26.0,64.0,100,0,0,100
2026-05-24 13:46:42.064199,26.0,64.0,100,0,0,100
2026-05-24 13:46:43.064578,26.0,64.0,100,0,0,100
2026-05-24 13:46:44.117935,26.0,64.0,100,0,0,100
2026-05-24 13:46:45.120468,26.0,64.0,100,0,0,100
2026-05-24 13:46:46.186636,26.0,64.0,100,0,0,100
2026-05-24 13:46:47.173918,26.0,64.0,100,0,0,100
2026-05-24 13:46:48.265678,26.0,64.0,100,0,0,100
2026-05-24 13:46:49.266511,26.0,64.0,100,0,0,100
2026-05-24 13:46:50.319942,26.0,64.0,100,0,0,100
2026-05-24 13:46:51.328224,26.0,64.0,100,0,0,100
2026-05-24 13:46:52.374781,26.0,64.0,100,0,0,100
2026-05-24 13:46:53.374339,26.0,64.0,100,0,0,100
2026-05-24 13:46:54.426193,26.0,64.0,100,0,0,100
2026-05-24 13:46:55.426398,26.0,64.0,100,0,0,100
2026-05-24 13:46:56.487219,26.0,64.0,100,0,0,100
2026-05-24 13:46:57.487851,26.0,64.0,99,0,0,100
2026-05-24 13:46:58.565664,26.0,64.0,98,0,0,100
2026-05-24 13:46:59.566063,26.0,64.0,100,0,0,100
2026-05-24 13:47:00.620063,26.0,64.0,100,0,0,100
2026-05-24 13:47:01.618869,26.0,64.0,100,0,0,100
2026-05-24 13:47:02.683774,26.0,64.0,100,0,0,100
2026-05-24 13:47:03.675987,26.0,64.0,100,0,0,100
2026-05-24 13:47:04.768976,26.0,64.0,100,0,0,100
2026-05-24 13:47:05.768621,26.0,64.0,100,0,0,100
2026-05-24 13:47:06.821010,26.0,64.0,100,0,0,100
2026-05-24 13:47:07.832571,26.0,64.0,100,0,0,100
2026-05-24 13:47:08.882868,26.0,64.0,100,0,0,100
2026-05-24 13:47:09.880406,26.0,64.0,100,0,0,100
2026-05-24 13:47:10.935327,26.0,64.0,99,0,0,100
2026-05-24 13:47:11.935616,26.0,64.0,100,0,0,100
2026-05-24 13:47:12.997865,26.0,64.0,100,0,0,100
2026-05-24 13:47:13.988189,26.0,64.0,100,0,0,100
2026-05-24 13:47:15.084270,26.0,64.0,100,0,0,100
2026-05-24 13:47:16.084060,26.0,64.0,100,0,0,100
2026-05-24 13:47:17.136686,26.0,64.0,100,0,0,100
2026-05-24 13:47:18.146148,26.0,64.0,100,0,0,100
2026-05-24 13:47:19.199487,26.0,64.0,99,0,0,100
2026-05-24 13:47:20.192213,26.0,64.0,100,0,0,100
2026-05-24 13:47:21.286205,26.0,64.0,100,0,0,100
2026-05-24 13:47:22.285800,26.0,64.0,100,0,0,100
2026-05-24 13:47:23.339087,26.0,64.0,100,0,0,100
2026-05-24 13:47:24.348491,26.0,64.0,100,0,0,100
2026-05-24 13:47:25.392219,26.0,64.0,99,0,0,100
2026-05-24 13:47:26.391920,26.0,64.0,100,0,0,100
2026-05-24 13:47:27.444811,26.0,64.0,100,0,0,100
2026-05-24 13:47:28.443942,26.0,64.0,100,0,0,100
2026-05-24 13:47:29.452618,26.0,64.0,100,0,0,100
2026-05-24 13:47:30.448141,26.0,64.0,100,0,0,100
2026-05-24 13:47:31.449843,26.0,64.0,100,0,0,100
2026-05-24 13:47:32.446448,26.0,64.0,99,0,0,100
2026-05-24 13:47:33.446643,26.0,64.0,100,0,0,100
2026-05-24 13:47:34.497876,26.0,64.0,99,0,0,100
2026-05-24 13:47:35.499171,26.0,64.0,100,0,0,100
2026-05-24 13:47:36.585397,26.0,64.0,100,0,0,100
2026-05-24 13:47:37.584265,26.0,64.0,100,0,0,100
2026-05-24 13:47:38.637998,26.0,64.0,100,0,0,100
2026-05-24 13:47:39.652117,26.0,64.0,100,0,0,100
2026-05-24 13:47:40.700632,26.0,64.0,100,0,0,100
2026-05-24 13:47:41.693038,26.0,64.0,100,0,0,100
2026-05-24 13:47:42.780390,26.0,64.0,100,0,0,100
2026-05-24 13:47:43.779527,26.0,64.0,99,0,0,100
2026-05-24 13:47:44.830093,26.0,64.0,99,0,0,100
2026-05-24 13:47:45.839177,26.0,64.0,100,0,0,100
2026-05-24 13:47:46.884068,26.0,64.0,100,0,0,100
2026-05-24 13:47:47.884394,26.0,64.0,100,0,0,100
2026-05-24 13:47:48.936314,26.0,64.0,100,0,0,100
2026-05-24 13:47:49.936600,26.0,64.0,100,0,0,100
2026-05-24 13:47:50.999753,26.0,64.0,100,0,0,100
2026-05-24 13:47:51.991240,26.0,64.0,100,0,0,100
2026-05-24 13:47:52.993923,26.0,64.0,100,0,0,100
2026-05-24 13:47:53.995812,26.0,64.0,100,0,0,100
2026-05-24 13:47:55.051722,26.0,64.0,100,0,0,100
2026-05-24 13:47:56.051022,26.0,64.0,100,0,0,100
2026-05-24 13:47:57.102265,26.0,64.0,100,0,0,100
2026-05-24 13:47:58.102324,26.0,64.0,100,0,0,100
2026-05-24 13:47:59.156530,26.0,64.0,100,0,0,100
2026-05-24 13:48:00.156842,26.0,64.0,99,0,0,100
2026-05-24 13:48:01.219833,26.0,64.0,100,0,0,100
2026-05-24 13:48:02.215723,26.0,64.0,99,0,0,100
2026-05-24 13:48:03.297491,26.0,64.0,100,0,0,100
2026-05-24 13:48:04.297708,26.0,64.0,100,0,0,100
2026-05-24 13:48:05.356083,26.0,64.0,100,0,0,100
2026-05-24 13:48:06.350969,26.0,64.0,100,0,0,100
2026-05-24 13:48:07.420314,26.0,64.0,100,0,0,100
2026-05-24 13:48:08.411822,26.0,64.0,100,0,0,100
2026-05-24 13:48:09.443585,26.0,64.0,100,0,0,100
2026-05-24 13:48:10.445591,26.0,64.0,99,0,0,100
2026-05-24 13:48:11.503527,26.0,64.0,100,0,0,100
2026-05-24 13:48:12.510136,26.0,64.0,100,0,0,100
2026-05-24 13:48:13.555841,26.0,64.0,100,0,0,100
2026-05-24 13:48:14.555890,26.0,64.0,100,0,0,100
2026-05-24 13:48:15.617136,26.0,64.0,100,0,0,100
2026-05-24 13:48:16.617729,26.0,64.0,100,0,0,100
2026-05-24 13:48:17.682368,26.0,64.0,100,0,0,100
2026-05-24 13:48:18.674149,26.0,64.0,100,0,0,100
2026-05-24 13:48:19.762290,26.0,64.0,100,0,0,100
2026-05-24 13:48:20.763955,26.0,64.0,100,0,0,100
2026-05-24 13:48:21.819365,26.0,64.0,100,0,0,100
2026-05-24 13:48:22.827461,26.0,64.0,100,0,0,100
2026-05-24 13:48:23.869313,26.0,64.0,100,0,0,100
2026-05-24 13:48:24.869595,26.0,64.0,99,0,0,100
2026-05-24 13:48:25.920082,26.0,64.0,100,0,0,100
2026-05-24 13:48:26.920319,26.0,64.0,100,0,0,100
2026-05-24 13:48:27.980627,26.0,64.0,100,0,0,100
2026-05-24 13:48:28.980588,26.0,64.0,100,0,0,100
2026-05-24 13:48:30.061574,26.0,64.0,99,0,0,100
2026-05-24 13:48:31.061537,26.0,64.0,100,0,0,100
2026-05-24 13:48:32.114464,26.0,64.0,100,0,0,100
2026-05-24 13:48:33.114139,26.0,64.0,100,0,0,100
2026-05-24 13:48:34.181168,26.0,64.0,100,0,0,100
2026-05-24 13:48:35.170985,26.0,64.0,100,0,0,100
2026-05-24 13:48:36.257027,26.0,64.0,100,0,0,100
2026-05-24 13:48:37.256530,26.0,64.0,100,0,0,100
2026-05-24 13:48:38.310201,26.0,64.0,100,0,0,100
2026-05-24 13:48:39.318645,26.0,64.0,100,0,0,100
2026-05-24 13:48:40.377370,26.0,64.0,100,0,0,100
2026-05-24 13:48:41.366749,26.0,64.0,99,0,0,100
2026-05-24 13:48:42.461684,26.0,64.0,100,0,0,100
2026-05-24 13:48:43.458683,26.0,64.0,100,0,0,100
2026-05-24 13:48:44.519485,26.0,64.0,100,0,0,100
2026-05-24 13:48:45.527692,26.0,64.0,100,0,0,100
2026-05-24 13:48:46.520039,26.0,64.0,100,0,0,100
2026-05-24 13:48:47.520420,26.0,64.0,99,0,0,100
2026-05-24 13:48:48.570518,26.0,64.0,100,0,0,100
2026-05-24 13:48:49.570817,26.0,64.0,100,0,0,100
2026-05-24 13:48:50.635139,26.0,64.0,100,0,0,100
2026-05-24 13:48:51.626856,26.0,64.0,100,0,0,100
2026-05-24 13:48:52.710868,26.0,64.0,100,0,0,100
2026-05-24 13:48:53.710571,26.0,64.0,99,0,0,100
2026-05-24 13:48:54.761652,26.0,64.0,100,0,0,100
2026-05-24 13:48:55.769647,26.0,64.0,100,0,0,100
2026-05-24 13:48:56.813476,26.0,64.0,100,0,0,100
2026-05-24 13:48:57.814292,26.0,64.0,100,0,0,100
2026-05-24 13:48:58.868377,26.0,64.0,100,0,0,100
2026-05-24 13:48:59.866679,26.0,64.0,100,0,0,100
2026-05-24 13:49:00.956541,26.0,64.0,100,0,0,100
2026-05-24 13:49:01.947866,26.0,64.0,100,0,0,100
2026-05-24 13:49:03.030751,26.0,64.0,99,0,0,100
2026-05-24 13:49:04.030684,26.0,64.0,100,0,0,100
2026-05-24 13:49:05.081301,26.0,64.0,100,0,0,100
2026-05-24 13:49:06.094192,26.0,64.0,100,0,0,100
2026-05-24 13:49:07.134098,26.0,64.0,100,0,0,100
2026-05-24 13:49:08.135681,26.0,64.0,100,0,0,100
2026-05-24 13:49:09.188238,26.0,64.0,100,0,0,100
2026-05-24 13:49:10.187390,26.0,64.0,100,0,0,100
2026-05-24 13:49:11.251302,26.0,64.0,100,0,0,100
2026-05-24 13:49:12.242155,26.0,64.0,100,0,0,100
2026-05-24 13:49:13.340530,26.0,64.0,100,0,0,100
2026-05-24 13:49:14.339942,26.0,64.0,100,0,0,100
2026-05-24 13:49:15.341940,26.0,64.0,100,0,0,100
2026-05-24 13:49:16.351177,26.0,64.0,100,0,0,100
2026-05-24 13:49:17.397523,26.0,64.0,100,0,0,100
2026-05-24 13:49:18.395813,26.0,64.0,99,0,0,100
2026-05-24 13:49:19.451404,26.0,64.0,100,0,0,100
2026-05-24 13:49:20.451446,26.0,64.0,100,0,0,100
2026-05-24 13:49:21.511079,26.0,64.0,100,0,0,100
2026-05-24 13:49:22.501780,26.0,64.0,100,0,0,100
2026-05-24 13:49:23.595424,26.0,64.0,100,0,0,100
2026-05-24 13:49:24.594981,26.0,64.0,100,0,0,100
2026-05-24 13:49:25.648000,26.0,64.0,100,0,0,100
2026-05-24 13:49:26.656729,26.0,64.0,100,0,0,100
2026-05-24 13:49:27.704458,26.0,64.0,100,0,0,100
2026-05-24 13:49:28.704372,26.0,64.0,100,0,0,100
2026-05-24 13:49:29.764621,26.0,64.0,100,0,0,100
2026-05-24 13:49:30.764133,26.0,64.0,100,0,0,100
2026-05-24 13:49:31.828354,26.0,64.0,100,0,0,100
2026-05-24 13:49:32.819449,26.0,64.0,100,0,0,100
2026-05-24 13:49:33.911781,26.0,64.0,100,0,0,100
2026-05-24 13:49:34.911411,26.0,64.0,100,0,0,100
2026-05-24 13:49:35.964186,26.0,64.0,100,0,0,100
2026-05-24 13:49:36.976165,26.0,64.0,100,0,0,100
2026-05-24 13:49:38.018037,26.0,64.0,100,0,0,100
2026-05-24 13:49:39.018212,26.0,64.0,100,0,0,100
2026-05-24 13:49:40.079431,26.0,64.0,100,0,0,100
2026-05-24 13:49:41.079731,26.0,64.0,100,0,0,100
2026-05-24 13:49:42.141231,26.0,64.0,100,0,0,100
2026-05-24 13:49:43.133054,26.0,64.0,100,0,0,100
2026-05-24 13:49:44.223615,26.0,64.0,100,0,0,100
2026-05-24 13:49:45.223215,26.0,64.0,100,0,0,100
2026-05-24 13:49:46.273910,26.0,64.0,100,0,0,100
2026-05-24 13:49:47.282083,26.0,64.0,100,0,0,100
2026-05-24 13:49:48.336212,26.0,64.0,100,0,0,100
2026-05-24 13:49:49.327017,26.0,64.0,99,0,0,100
2026-05-24 13:49:50.411568,26.0,64.0,100,0,0,100
2026-05-24 13:49:51.412663,26.0,64.0,99,0,0,100
2026-05-24 13:49:52.472009,26.0,64.0,100,0,0,100
2026-05-24 13:49:53.480395,26.0,64.0,100,0,0,100
2026-05-24 13:49:54.474260,26.0,64.0,100,0,0,100
2026-05-24 13:49:55.474643,26.0,64.0,100,0,0,100
2026-05-24 13:49:56.527811,26.0,64.0,100,0,0,100
2026-05-24 13:49:57.526611,26.0,64.0,100,0,0,100
2026-05-24 13:49:58.586153,26.0,64.0,100,0,0,100
2026-05-24 13:49:59.578216,26.0,64.0,100,0,0,100
2026-05-24 13:50:00.681638,26.0,64.0,100,0,0,100
2026-05-24 13:50:01.681615,26.0,64.0,100,0,0,100
2026-05-24 13:50:02.734889,26.0,64.0,100,0,0,100
2026-05-24 13:50:03.747125,26.0,64.0,100,0,0,100
2026-05-24 13:50:04.793980,26.0,64.0,100,0,0,100
2026-05-24 13:50:05.792740,26.0,64.0,100,0,0,100
2026-05-24 13:50:06.846233,26.0,64.0,100,0,0,100
2026-05-24 13:50:07.846312,26.0,64.0,100,0,0,100
2026-05-24 13:50:08.911141,26.0,64.0,99,0,0,100
2026-05-24 13:50:09.901352,26.0,64.0,100,0,0,100
2026-05-24 13:50:10.955405,26.0,64.0,100,0,0,100
2026-05-24 13:50:11.955361,26.0,64.0,100,0,0,100
2026-05-24 13:50:13.014993,26.0,64.0,100,0,0,100
2026-05-24 13:50:14.017483,26.0,64.0,100,0,0,100
2026-05-24 13:50:15.071068,26.0,64.0,100,0,0,100
2026-05-24 13:50:16.071636,26.0,64.0,100,0,0,100
2026-05-24 13:50:17.126935,26.0,64.0,100,0,0,100
2026-05-24 13:50:18.125233,26.0,64.0,100,0,0,100
2026-05-24 13:50:19.188708,26.0,64.0,100,0,0,100
2026-05-24 13:50:20.180719,26.0,64.0,100,0,0,100
2026-05-24 13:50:21.281168,26.0,64.0,100,0,0,100
2026-05-24 13:50:22.280086,26.0,64.0,99,0,0,100
2026-05-24 13:50:23.332831,26.0,64.0,100,0,0,100
2026-05-24 13:50:24.342547,26.0,64.0,100,0,0,100
2026-05-24 13:50:25.383995,26.0,64.0,100,0,0,100
2026-05-24 13:50:26.383976,26.0,64.0,100,0,0,100
2026-05-24 13:50:27.440895,26.0,64.0,100,0,0,100
2026-05-24 13:50:28.440124,26.0,64.0,100,0,0,100
2026-05-24 13:50:29.502557,26.0,64.0,100,0,0,100
2026-05-24 13:50:30.494296,26.0,64.0,99,0,0,100
2026-05-24 13:50:31.595416,26.0,64.0,100,0,0,100
2026-05-24 13:50:32.594987,26.0,64.0,100,0,0,100
2026-05-24 13:50:33.654124,26.0,64.0,100,0,0,100
2026-05-24 13:50:34.668452,26.0,64.0,100,0,0,100
2026-05-24 13:50:35.720709,26.0,64.0,100,0,0,100
2026-05-24 13:50:36.712682,26.0,64.0,100,0,0,100
2026-05-24 13:50:37.802279,26.0,64.0,100,0,0,100
2026-05-24 13:50:38.801983,26.0,64.0,100,0,0,100
2026-05-24 13:50:39.853695,26.0,64.0,100,0,0,100
2026-05-24 13:50:40.863919,26.0,64.0,100,0,0,100
2026-05-24 13:50:41.919749,26.0,64.0,100,0,0,100
2026-05-24 13:50:42.917140,26.0,64.0,98,0,0,100
2026-05-24 13:50:43.996492,26.0,64.0,100,0,0,100
2026-05-24 13:50:44.995066,26.0,64.0,100,0,0,100
2026-05-24 13:50:46.058097,26.0,64.0,100,0,0,100
2026-05-24 13:50:47.055893,26.0,64.0,100,0,0,100
2026-05-24 13:50:48.129817,26.0,64.0,100,0,0,100
2026-05-24 13:50:49.120280,26.0,64.0,100,0,0,100
2026-05-24 13:50:50.221946,26.0,64.0,100,0,0,100
2026-05-24 13:50:51.221989,26.0,64.0,100,0,0,100
2026-05-24 13:50:52.277587,26.0,64.0,100,0,0,100
2026-05-24 13:50:53.288370,26.0,64.0,100,0,0,100
2026-05-24 13:50:54.331270,26.0,64.0,100,0,0,100
2026-05-24 13:50:55.335391,26.0,64.0,100,0,0,100
2026-05-24 13:50:56.381829,26.0,64.0,99,0,0,100
2026-05-24 13:50:57.381901,26.0,64.0,99,0,0,100
2026-05-24 13:50:58.446020,26.0,64.0,100,0,0,100
2026-05-24 13:50:59.452626,26.0,64.0,100,0,0,100
2026-05-24 13:51:00.530762,26.0,64.0,100,0,0,100
2026-05-24 13:51:01.531223,26.0,64.0,100,0,0,100
2026-05-24 13:51:02.583631,26.0,64.0,100,0,0,100
2026-05-24 13:51:03.595689,26.0,64.0,99,0,0,100
2026-05-24 13:51:04.641074,26.0,64.0,100,0,0,100
2026-05-24 13:51:05.640747,26.0,64.0,100,0,0,100
2026-05-24 13:51:06.695687,26.0,64.0,100,0,0,100
2026-05-24 13:51:07.695407,26.0,64.0,100,0,0,100
2026-05-24 13:51:08.756374,26.0,64.0,100,0,0,100
2026-05-24 13:51:09.747204,26.0,64.0,100,0,0,100
2026-05-24 13:51:10.843046,26.0,64.0,100,0,0,100
2026-05-24 13:51:11.841813,26.0,64.0,99,0,0,100
2026-05-24 13:51:12.895024,26.0,64.0,100,0,0,100
2026-05-24 13:51:13.903001,26.0,64.0,99,0,0,100
2026-05-24 13:51:14.958174,26.0,64.0,100,0,0,100
2026-05-24 13:51:15.950193,26.0,64.0,100,0,0,100
2026-05-24 13:51:17.037815,26.0,64.0,100,0,0,100
2026-05-24 13:51:18.036689,26.0,64.0,100,0,0,100
2026-05-24 13:51:19.091703,26.0,64.0,100,0,0,100
2026-05-24 13:51:20.099758,26.0,64.0,100,0,0,100
2026-05-24 13:51:21.156390,26.0,64.0,100,0,0,100
2026-05-24 13:51:22.154732,26.0,64.0,100,0,0,100
2026-05-24 13:51:23.235233,26.0,64.0,99,0,0,100
2026-05-24 13:51:24.234288,26.0,64.0,100,0,0,100
2026-05-24 13:51:25.287652,26.0,64.0,100,0,0,100
2026-05-24 13:51:26.384019,26.0,64.0,100,0,0,100
2026-05-24 13:51:27.392102,26.0,64.0,100,0,0,100
2026-05-24 13:51:28.384187,26.0,64.0,100,0,0,100
2026-05-24 13:51:29.461794,26.0,64.0,100,0,0,100
2026-05-24 13:51:30.460857,26.0,64.0,99,0,0,100
2026-05-24 13:51:31.516036,26.0,64.0,100,0,0,100
2026-05-24 13:51:32.522955,26.0,64.0,99,0,0,100
2026-05-24 13:51:33.570485,26.0,64.0,100,0,0,100
2026-05-24 13:51:34.570572,26.0,64.0,100,0,0,100
2026-05-24 13:51:35.625936,26.0,64.0,100,0,0,100
2026-05-24 13:51:36.625255,26.0,64.0,100,0,0,100
2026-05-24 13:51:37.692149,26.0,64.0,100,0,0,100
2026-05-24 13:51:38.683028,26.0,64.0,99,0,0,100
2026-05-24 13:51:39.770872,26.0,64.0,100,0,0,100
2026-05-24 13:51:40.770259,26.0,64.0,100,0,0,100
2026-05-24 13:51:41.826803,26.0,64.0,99,0,0,100
2026-05-24 13:51:42.836366,26.0,64.0,100,0,0,100
2026-05-24 13:51:43.879885,26.0,64.0,99,0,0,100
2026-05-24 13:51:44.880063,26.0,64.0,100,0,0,100
2026-05-24 13:51:45.933774,26.0,64.0,100,0,0,100
2026-05-24 13:51:46.934179,26.0,64.0,100,0,0,100
2026-05-24 13:51:47.996696,26.0,64.0,100,0,0,100
2026-05-24 13:51:48.987301,26.0,64.0,100,0,0,100
2026-05-24 13:51:50.076729,26.0,64.0,100,0,0,100
2026-05-24 13:51:51.076797,26.0,64.0,100,0,0,100
2026-05-24 13:51:52.128922,26.0,64.0,100,0,0,100
2026-05-24 13:51:53.137570,26.0,64.0,99,0,0,100
2026-05-24 13:51:54.181365,26.0,64.0,100,0,0,100
2026-05-24 13:51:55.179724,26.0,64.0,100,0,0,100
2026-05-24 13:51:56.181666,26.0,64.0,100,0,0,100
2026-05-24 13:51:57.182768,26.0,64.0,100,0,0,100
2026-05-24 13:51:58.236161,26.0,64.0,100,0,0,100
2026-05-24 13:51:59.236997,26.0,64.0,100,0,0,100
2026-05-24 13:52:00.318872,26.0,64.0,100,0,0,100
2026-05-24 13:52:01.318938,26.0,64.0,100,0,0,100
2026-05-24 13:52:02.378231,26.0,64.0,100,0,0,100
2026-05-24 13:52:03.381469,26.0,64.0,100,0,0,100
2026-05-24 13:52:04.434645,26.0,64.0,100,0,0,100
2026-05-24 13:52:05.433101,26.0,64.0,100,0,0,100
2026-05-24 13:52:06.500398,26.0,64.0,100,0,0,100
2026-05-24 13:52:07.502149,26.0,64.0,100,0,0,100
2026-05-24 13:52:08.564563,26.0,64.0,100,0,0,100
2026-05-24 13:52:09.572003,26.0,64.0,100,0,0,100
2026-05-24 13:52:10.640115,26.0,64.0,100,0,0,100
2026-05-24 13:52:11.641496,26.0,64.0,100,0,0,100
2026-05-24 13:52:12.689707,26.0,64.0,100,0,0,100
2026-05-24 13:52:13.689818,26.0,64.0,99,0,0,100
2026-05-24 13:52:14.752542,26.0,64.0,100,0,0,100
2026-05-24 13:52:15.744765,26.0,64.0,99,0,0,100
2026-05-24 13:52:16.833813,26.0,64.0,100,0,0,100
2026-05-24 13:52:17.833916,26.0,64.0,100,0,0,100
2026-05-24 13:52:18.886993,26.0,64.0,100,0,0,100
2026-05-24 13:52:19.897557,26.0,64.0,99,0,0,100
2026-05-24 13:52:20.936621,26.0,64.0,100,0,0,100
2026-05-24 13:52:21.938825,26.0,64.0,100,0,0,100
2026-05-24 13:52:22.990517,26.0,64.0,100,0,0,100
2026-05-24 13:52:23.989036,26.0,64.0,100,0,0,100
2026-05-24 13:52:25.051662,26.0,64.0,99,0,0,100
2026-05-24 13:52:26.042450,26.0,64.0,100,0,0,100
2026-05-24 13:52:27.137615,26.0,64.0,100,0,0,100
2026-05-24 13:52:28.137835,26.0,64.0,100,0,0,100
2026-05-24 13:52:29.192384,26.0,64.0,100,0,0,100
2026-05-24 13:52:30.199131,26.0,64.0,100,0,0,100
2026-05-24 13:52:31.253155,26.0,64.0,100,0,0,100
2026-05-24 13:52:32.245356,26.0,64.0,100,0,0,100
2026-05-24 13:52:33.335935,26.0,64.0,100,0,0,100
2026-05-24 13:52:34.334989,26.0,64.0,99,0,0,100
2026-05-24 13:52:35.387315,26.0,64.0,100,0,0,100
2026-05-24 13:52:36.398808,26.0,64.0,100,0,0,100
2026-05-24 13:52:37.437688,26.0,64.0,100,0,0,100
2026-05-24 13:52:38.437609,26.0,64.0,100,0,0,100
2026-05-24 13:52:39.494247,26.0,64.0,100,0,0,100
2026-05-24 13:52:40.491082,26.0,64.0,100,0,0,100
2026-05-24 13:52:41.555307,26.0,64.0,100,0,0,100
2026-05-24 13:52:42.546612,26.0,64.0,100,0,0,100
2026-05-24 13:52:43.634026,26.0,64.0,100,0,0,100
2026-05-24 13:52:44.633826,26.0,64.0,100,0,0,100
2026-05-24 13:52:45.694506,26.0,64.0,100,0,0,100
2026-05-24 13:52:46.702630,26.0,64.0,99,0,0,100
2026-05-24 13:52:47.751767,26.0,64.0,100,0,0,100
2026-05-24 13:52:48.751736,26.0,64.0,100,0,0,100
2026-05-24 13:52:49.802636,26.0,64.0,100,0,0,100
2026-05-24 13:52:50.803089,26.0,64.0,99,0,0,100
2026-05-24 13:52:51.863011,26.0,64.0,100,0,0,100
2026-05-24 13:52:52.863336,26.0,64.0,100,0,0,100
2026-05-24 13:52:53.944268,26.0,64.0,100,0,0,100
2026-05-24 13:52:54.942777,26.0,64.0,100,0,0,100
2026-05-24 13:52:55.995716,26.0,64.0,100,0,0,100
2026-05-24 13:52:56.995307,26.0,64.0,100,0,0,100
2026-05-24 13:52:58.054018,26.0,64.0,100,0,0,100
2026-05-24 13:52:59.044653,26.0,64.0,100,0,0,100
2026-05-24 13:53:00.146727,26.0,64.0,100,0,0,100
2026-05-24 13:53:01.146703,26.0,64.0,100,0,0,100
2026-05-24 13:53:02.197108,26.0,64.0,100,0,0,100
2026-05-24 13:53:03.207270,26.0,64.0,100,0,0,100
2026-05-24 13:53:04.265579,26.0,64.0,100,0,0,100
2026-05-24 13:53:05.256223,26.0,64.0,100,0,0,100
2026-05-24 13:53:06.355279,26.0,64.0,100,0,0,100
2026-05-24 13:53:07.355765,26.0,64.0,100,0,0,100
2026-05-24 13:53:08.412286,26.0,64.0,100,0,0,100
2026-05-24 13:53:09.419328,26.0,64.0,100,0,0,100
2026-05-24 13:53:10.473292,26.0,64.0,100,0,0,100
2026-05-24 13:53:11.464330,26.0,63.0,100,0,0,100
2026-05-24 13:53:12.555012,26.0,64.0,100,0,0,100
2026-05-24 13:53:13.553099,26.0,64.0,100,0,0,100
2026-05-24 13:53:14.610224,26.0,63.0,100,0,0,100
2026-05-24 13:53:15.619191,26.0,63.0,99,0,0,100
2026-05-24 13:53:16.613795,26.0,64.0,100,0,0,100
2026-05-24 13:53:17.614165,26.0,63.0,99,0,0,100
2026-05-24 13:53:18.672241,26.0,63.0,100,0,0,100
2026-05-24 13:53:19.673007,26.0,63.0,100,0,0,100
2026-05-24 13:53:20.731455,26.0,63.0,100,0,0,100
2026-05-24 13:53:21.723434,26.0,63.0,100,0,0,100
2026-05-24 13:53:22.816835,26.0,63.0,100,0,0,100
2026-05-24 13:53:23.816830,26.0,63.0,100,0,0,100
2026-05-24 13:53:24.868741,26.0,63.0,100,0,0,100
2026-05-24 13:53:25.877831,26.0,63.0,100,0,0,100
2026-05-24 13:53:26.927147,26.0,63.0,100,0,0,100
2026-05-24 13:53:27.918701,26.0,63.0,100,0,0,100
2026-05-24 13:53:29.002755,26.0,63.0,100,0,0,100
2026-05-24 13:53:30.003133,26.0,63.0,100,0,0,100
2026-05-24 13:53:31.056840,26.0,63.0,100,0,0,100
2026-05-24 13:53:32.064606,26.0,63.0,100,0,0,100
2026-05-24 13:53:33.108037,26.0,63.0,100,0,0,100
2026-05-24 13:53:34.108610,26.0,63.0,100,0,0,100
2026-05-24 13:53:35.162864,26.0,63.0,100,0,0,100
2026-05-24 13:53:36.163088,26.0,63.0,100,0,0,100
2026-05-24 13:53:37.226860,26.0,63.0,100,0,0,100
2026-05-24 13:53:38.216761,26.0,63.0,100,0,0,100
2026-05-24 13:53:39.305030,26.0,63.0,100,0,0,100
2026-05-24 13:53:40.306100,26.0,63.0,100,0,0,100
2026-05-24 13:53:41.361519,26.0,63.0,100,0,0,100
2026-05-24 13:53:42.369603,26.0,63.0,100,0,0,100
2026-05-24 13:53:43.415763,26.0,63.0,100,0,0,100
2026-05-24 13:53:44.414767,26.0,63.0,100,0,0,100
2026-05-24 13:53:45.467538,26.0,63.0,100,0,0,100
2026-05-24 13:53:46.466716,26.0,63.0,100,0,0,100
2026-05-24 13:53:47.532997,26.0,63.0,100,0,0,100
2026-05-24 13:53:48.526755,26.0,63.0,100,0,0,100
2026-05-24 13:53:49.615487,26.0,63.0,99,0,0,100
2026-05-24 13:53:50.618143,26.0,63.0,99,0,0,100
2026-05-24 13:53:51.668066,26.0,63.0,100,0,0,100
2026-05-24 13:53:52.674839,26.0,63.0,99,0,0,100
2026-05-24 13:53:53.722027,26.0,63.0,100,0,0,100
2026-05-24 13:53:54.722448,26.0,63.0,100,0,0,100
2026-05-24 13:53:55.778018,26.0,63.0,100,0,0,100
2026-05-24 13:53:56.776022,26.0,63.0,100,0,0,100
2026-05-24 13:53:57.783268,26.0,63.0,100,0,0,100
2026-05-24 13:53:58.777025,26.0,63.0,100,0,0,100
2026-05-24 13:53:59.869977,26.0,63.0,100,0,0,100
2026-05-24 13:54:00.869579,26.0,63.0,100,0,0,100
2026-05-24 13:54:01.924620,26.0,63.0,100,0,0,100
2026-05-24 13:54:02.935625,26.0,63.0,100,0,0,100
2026-05-24 13:54:03.978524,26.0,63.0,100,0,0,100
2026-05-24 13:54:04.980218,26.0,63.0,100,0,0,100
2026-05-24 13:54:06.031219,26.0,63.0,100,0,0,100
2026-05-24 13:54:07.030426,26.0,63.0,100,0,0,100
2026-05-24 13:54:08.093594,26.0,63.0,100,0,0,100
2026-05-24 13:54:09.083410,26.0,63.0,100,0,0,100
2026-05-24 13:54:10.188557,26.0,63.0,100,0,0,100
2026-05-24 13:54:11.185902,26.0,63.0,100,0,0,100
2026-05-24 13:54:12.206619,26.0,63.0,100,0,0,100
2026-05-24 13:54:13.216165,26.0,63.0,100,0,0,100
2026-05-24 13:54:14.266216,26.0,63.0,100,0,0,100
2026-05-24 13:54:15.264285,26.0,63.0,100,0,0,100
2026-05-24 13:54:16.325352,26.0,63.0,100,0,0,100
2026-05-24 13:54:17.325093,26.0,63.0,100,0,0,100
2026-05-24 13:54:18.384047,26.0,63.0,100,0,0,100
2026-05-24 13:54:19.374390,26.0,63.0,100,0,0,100
2026-05-24 13:54:20.460074,26.0,63.0,100,0,0,100
2026-05-24 13:54:21.460833,26.0,63.0,100,0,0,100
2026-05-24 13:54:22.513696,26.0,63.0,100,0,0,100
2026-05-24 13:54:23.520188,26.0,63.0,100,0,0,100
2026-05-24 13:54:24.565892,26.0,63.0,98,0,0,100
2026-05-24 13:54:25.566007,26.0,63.0,100,0,0,100
2026-05-24 13:54:26.621128,26.0,63.0,100,0,0,100
2026-05-24 13:54:27.620752,26.0,63.0,99,0,0,100
2026-05-24 13:54:28.685552,26.0,63.0,100,0,0,100
2026-05-24 13:54:29.675374,26.0,63.0,99,0,0,100
2026-05-24 13:54:30.763394,26.0,63.0,100,0,0,100
2026-05-24 13:54:31.763441,26.0,63.0,99,0,0,100
2026-05-24 13:54:32.822860,26.0,63.0,100,0,0,100
2026-05-24 13:54:33.831090,26.0,63.0,100,0,0,100
2026-05-24 13:54:34.876897,26.0,63.0,100,0,0,100
2026-05-24 13:54:35.876121,26.0,63.0,99,0,0,100
2026-05-24 13:54:36.927175,26.0,63.0,100,0,0,100
2026-05-24 13:54:37.927302,26.0,63.0,100,0,0,100
2026-05-24 13:54:38.992277,26.0,63.0,100,0,0,100
2026-05-24 13:54:39.984562,26.0,63.0,100,0,0,100
2026-05-24 13:54:41.073008,26.0,63.0,99,0,0,100
2026-05-24 13:54:42.072234,26.0,63.0,100,0,0,100
2026-05-24 13:54:43.126063,26.0,63.0,100,0,0,100
2026-05-24 13:54:44.132522,26.0,63.0,100,0,0,100
2026-05-24 13:54:45.177809,26.0,63.0,100,0,0,100
2026-05-24 13:54:46.179638,26.0,63.0,100,0,0,100
2026-05-24 13:54:47.233573,26.0,63.0,100,0,0,100
2026-05-24 13:54:48.231746,26.0,63.0,100,0,0,100
2026-05-24 13:54:49.293688,26.0,63.0,99,0,0,100
2026-05-24 13:54:50.292319,26.0,63.0,100,0,0,100
2026-05-24 13:54:51.373141,26.0,63.0,100,0,0,100
2026-05-24 13:54:52.375158,26.0,63.0,100,0,0,100
2026-05-24 13:54:53.425516,26.0,63.0,100,0,0,100
2026-05-24 13:54:54.425910,26.0,63.0,100,0,0,100
2026-05-24 13:54:55.491844,26.0,63.0,100,0,0,100
2026-05-24 13:54:56.485001,26.0,63.0,100,0,0,100
2026-05-24 13:54:57.572838,26.0,63.0,100,0,0,100
2026-05-24 13:54:58.572652,26.0,63.0,100,0,0,100
2026-05-24 13:54:59.634099,26.0,63.0,100,0,0,100
2026-05-24 13:55:00.640772,26.0,63.0,100,0,0,100
2026-05-24 13:55:01.702358,26.0,63.0,100,0,0,100
2026-05-24 13:55:02.692870,26.0,63.0,100,0,0,100
2026-05-24 13:55:03.780062,26.0,63.0,100,0,0,100
2026-05-24 13:55:04.779836,26.0,63.0,100,0,0,100
2026-05-24 13:55:05.833108,26.0,63.0,100,0,0,100
2026-05-24 13:55:06.842975,26.0,63.0,99,0,0,100
2026-05-24 13:55:07.888355,26.0,63.0,100,0,0,100
2026-05-24 13:55:08.889323,26.0,63.0,100,0,0,100
2026-05-24 13:55:09.944225,26.0,63.0,100,0,0,100
2026-05-24 13:55:10.945634,26.0,63.0,100,0,0,100
2026-05-24 13:55:12.004652,26.0,63.0,100,0,0,100
2026-05-24 13:55:12.995626,26.0,63.0,100,0,0,100
2026-05-24 13:55:14.086098,26.0,63.0,100,0,0,100
2026-05-24 13:55:15.085604,26.0,63.0,99,0,0,100
2026-05-24 13:55:16.142044,26.0,63.0,100,0,0,100
2026-05-24 13:55:17.149619,26.0,63.0,100,0,0,100
2026-05-24 13:55:18.194605,26.0,63.0,100,0,0,100
2026-05-24 13:55:19.195233,26.0,63.0,100,0,0,100
2026-05-24 13:55:20.250594,26.0,63.0,99,0,0,100
2026-05-24 13:55:21.254146,26.0,63.0,100,0,0,100
2026-05-24 13:55:22.311217,26.0,63.0,97,0,0,100
2026-05-24 13:55:23.302054,26.0,63.0,98,0,0,100
2026-05-24 13:55:24.384968,26.0,63.0,100,0,0,100
2026-05-24 13:55:25.385171,26.0,63.0,100,0,0,100
2026-05-24 13:55:26.441124,26.0,63.0,100,0,0,100
2026-05-24 13:55:27.450810,26.0,63.0,100,0,0,100
2026-05-24 13:55:28.495916,26.0,63.0,100,0,0,100
2026-05-24 13:55:29.494879,26.0,63.0,99,0,0,100
2026-05-24 13:55:30.547831,26.0,63.0,100,0,0,100
2026-05-24 13:55:31.548339,26.0,63.0,100,0,0,100
2026-05-24 13:55:32.612378,26.0,63.0,100,0,0,100
2026-05-24 13:55:33.600185,26.0,63.0,100,0,0,100
2026-05-24 13:55:34.693496,26.0,63.0,99,0,0,100
2026-05-24 13:55:35.692846,26.0,63.0,99,0,0,100
2026-05-24 13:55:36.748683,26.0,63.0,100,0,0,100
2026-05-24 13:55:37.756618,26.0,63.0,100,0,0,100
2026-05-24 13:55:38.807570,26.0,63.0,99,0,0,100
2026-05-24 13:55:39.807942,26.0,63.0,99,0,0,100
2026-05-24 13:55:40.862009,26.0,63.0,100,0,0,100
2026-05-24 13:55:41.861716,26.0,63.0,100,0,0,100
2026-05-24 13:55:42.923999,26.0,63.0,100,0,0,100
2026-05-24 13:55:43.922200,26.0,63.0,100,0,0,100
2026-05-24 13:55:45.006142,26.0,63.0,100,0,0,100
2026-05-24 13:55:46.005170,26.0,63.0,100,0,0,100
2026-05-24 13:55:47.062061,26.0,63.0,100,0,0,100
2026-05-24 13:55:48.059413,26.0,63.0,100,0,0,100
2026-05-24 13:55:49.122705,26.0,63.0,100,0,0,100
2026-05-24 13:55:50.114498,26.0,63.0,100,0,0,100
2026-05-24 13:55:51.211345,26.0,63.0,99,0,0,100
2026-05-24 13:55:52.211662,26.0,63.0,99,0,0,100
2026-05-24 13:55:53.264097,26.0,63.0,100,0,0,100
2026-05-24 13:55:54.274730,26.0,63.0,100,0,0,100
2026-05-24 13:55:55.316022,26.0,63.0,100,0,0,100
2026-05-24 13:55:56.318059,26.0,63.0,100,0,0,100
2026-05-24 13:55:57.370744,26.0,63.0,100,0,0,100
2026-05-24 13:55:58.369561,26.0,63.0,100,0,0,100
2026-05-24 13:55:59.433790,26.0,63.0,100,0,0,100
2026-05-24 13:56:00.423153,26.0,63.0,100,0,0,100
2026-05-24 13:56:01.531886,26.0,63.0,100,0,0,100
2026-05-24 13:56:02.532224,26.0,63.0,99,0,0,100
2026-05-24 13:56:03.582975,26.0,63.0,100,0,0,100
2026-05-24 13:56:04.593021,26.0,63.0,100,0,0,100
2026-05-24 13:56:05.649781,26.0,63.0,100,0,0,100
2026-05-24 13:56:06.639786,26.0,63.0,100,0,0,100
2026-05-24 13:56:07.730914,26.0,63.0,100,0,0,100
2026-05-24 13:56:08.730695,26.0,63.0,100,0,0,100
2026-05-24 13:56:09.784303,26.0,63.0,100,0,0,100
2026-05-24 13:56:10.793015,26.0,63.0,100,0,0,100
2026-05-24 13:56:11.838402,26.0,63.0,100,0,0,100
2026-05-24 13:56:12.836860,26.0,63.0,99,0,0,100
2026-05-24 13:56:13.893126,26.0,63.0,100,0,0,100
2026-05-24 13:56:14.888363,26.0,63.0,100,0,0,100
2026-05-24 13:56:15.959439,26.0,63.0,100,0,0,100
2026-05-24 13:56:16.950151,26.0,63.0,99,0,0,100
2026-05-24 13:56:18.039479,26.0,63.0,100,0,0,100
2026-05-24 13:56:19.039629,26.0,63.0,100,0,0,100
2026-05-24 13:56:20.092085,26.0,63.0,100,0,0,100
2026-05-24 13:56:21.102867,26.0,63.0,99,0,0,100
2026-05-24 13:56:22.142701,26.0,63.0,100,0,0,100
2026-05-24 13:56:23.144864,26.0,63.0,99,0,0,100
2026-05-24 13:56:24.198081,26.0,63.0,100,0,0,100
2026-05-24 13:56:25.197068,26.0,63.0,99,0,0,100
2026-05-24 13:56:26.258559,26.0,63.0,100,0,0,100
2026-05-24 13:56:27.250120,26.0,63.0,100,0,0,100
2026-05-24 13:56:28.344484,26.0,63.0,100,0,0,100
2026-05-24 13:56:29.344418,26.0,63.0,100,0,0,100
2026-05-24 13:56:30.399757,26.0,63.0,100,0,0,100
2026-05-24 13:56:31.407887,26.0,63.0,100,0,0,100
2026-05-24 13:56:32.452121,26.0,63.0,100,0,0,100
2026-05-24 13:56:33.452176,26.0,63.0,100,0,0,100
2026-05-24 13:56:34.506596,26.0,63.0,100,0,0,100
2026-05-24 13:56:35.507271,26.0,63.0,100,0,0,100
2026-05-24 13:56:36.570629,26.0,63.0,100,0,0,100
2026-05-24 13:56:37.561613,26.0,63.0,99,0,0,100
2026-05-24 13:56:38.660463,26.0,63.0,100,0,0,100
2026-05-24 13:56:39.660564,26.0,63.0,100,0,0,100
2026-05-24 13:56:40.709934,26.0,63.0,100,0,0,100
2026-05-24 13:56:41.717057,26.0,63.0,100,0,0,100
2026-05-24 13:56:42.762317,26.0,63.0,100,0,0,100
2026-05-24 13:56:43.761491,26.0,63.0,100,0,0,100
2026-05-24 13:56:44.814790,26.0,63.0,100,0,0,100
2026-05-24 13:56:45.815174,26.0,63.0,100,0,0,100
2026-05-24 13:56:46.880137,26.0,63.0,100,0,0,100
2026-05-24 13:56:47.870834,26.0,63.0,100,0,0,100
2026-05-24 13:56:48.953728,26.0,63.0,100,0,0,100
2026-05-24 13:56:49.953022,26.0,63.0,100,0,0,100
2026-05-24 13:56:51.007201,26.0,63.0,100,0,0,100
2026-05-24 13:56:52.014065,26.0,63.0,100,0,0,100
2026-05-24 13:56:53.061851,26.0,63.0,100,0,0,100
2026-05-24 13:56:54.062217,26.0,63.0,100,0,0,100
2026-05-24 13:56:55.116332,26.0,63.0,100,0,0,100
2026-05-24 13:56:56.115370,26.0,63.0,100,0,0,100
2026-05-24 13:56:57.177559,26.0,63.0,100,0,0,100
2026-05-24 13:56:58.176964,26.0,63.0,99,0,0,100
2026-05-24 13:56:59.254362,26.0,63.0,100,0,0,100
2026-05-24 13:57:00.258071,26.0,63.0,100,0,0,100
2026-05-24 13:57:01.308869,26.0,63.0,100,0,0,100
2026-05-24 13:57:02.306781,26.0,63.0,99,0,0,100
2026-05-24 13:57:03.372971,26.0,63.0,100,0,0,100
2026-05-24 13:57:04.364714,26.0,63.0,100,0,0,100
2026-05-24 13:57:05.458580,26.0,63.0,100,0,0,100
2026-05-24 13:57:06.457903,26.0,63.0,100,0,0,100
2026-05-24 13:57:07.511533,26.0,63.0,100,0,0,100
2026-05-24 13:57:08.519387,26.0,63.0,100,0,0,100
2026-05-24 13:57:09.562166,26.0,63.0,100,0,0,100
2026-05-24 13:57:10.566437,26.0,63.0,99,0,0,100
2026-05-24 13:57:11.626782,26.0,63.0,100,0,0,100
2026-05-24 13:57:12.622346,26.0,63.0,100,0,0,100
2026-05-24 13:57:13.652209,26.0,63.0,99,0,0,100
2026-05-24 13:57:14.647489,26.0,63.0,99,0,0,100
2026-05-24 13:57:15.741980,26.0,63.0,100,0,0,100
2026-05-24 13:57:16.742317,26.0,63.0,100,0,0,100
2026-05-24 13:57:17.801068,26.0,63.0,100,0,0,100
2026-05-24 13:57:18.809487,26.0,63.0,100,0,0,100
2026-05-24 13:57:19.860920,26.0,63.0,100,0,0,100
2026-05-24 13:57:20.852647,26.0,63.0,100,0,0,100
2026-05-24 13:57:21.942233,26.0,63.0,100,0,0,100
2026-05-24 13:57:22.941034,26.0,63.0,100,0,0,100
2026-05-24 13:57:23.998497,26.0,63.0,100,0,0,100
2026-05-24 13:57:25.007995,26.0,63.0,100,0,0,100
2026-05-24 13:57:26.052634,26.0,63.0,100,0,0,100
2026-05-24 13:57:27.054614,26.0,63.0,100,0,0,100
2026-05-24 13:57:28.110801,26.0,63.0,100,0,0,100
2026-05-24 13:57:29.110403,26.0,63.0,99,0,0,100
2026-05-24 13:57:30.171090,26.0,63.0,100,0,0,100
2026-05-24 13:57:31.161346,26.0,63.0,100,0,0,100
2026-05-24 13:57:32.248869,26.0,63.0,100,0,0,100
2026-05-24 13:57:33.250507,26.0,63.0,100,0,0,100
2026-05-24 13:57:34.303945,26.0,63.0,100,0,0,100
2026-05-24 13:57:35.311313,26.0,63.0,100,0,0,100
2026-05-24 13:57:36.360547,26.0,63.0,99,0,0,100
2026-05-24 13:57:37.360633,26.0,63.0,100,0,0,100
2026-05-24 13:57:38.409429,26.0,63.0,100,0,0,100
2026-05-24 13:57:39.410336,26.0,63.0,100,0,0,100
2026-05-24 13:57:40.476773,26.0,63.0,100,0,0,100
2026-05-24 13:57:41.467317,26.0,63.0,100,0,0,100
2026-05-24 13:57:42.557325,26.0,63.0,100,0,0,100
2026-05-24 13:57:43.558649,26.0,63.0,100,0,0,100
2026-05-24 13:57:44.614790,26.0,63.0,100,0,0,100
2026-05-24 13:57:45.623808,26.0,63.0,100,0,0,100
2026-05-24 13:57:46.670040,26.0,63.0,100,0,0,100
2026-05-24 13:57:47.670301,26.0,63.0,99,0,0,100
2026-05-24 13:57:48.723102,26.0,63.0,100,0,0,100
2026-05-24 13:57:49.722694,26.0,63.0,100,0,0,100
2026-05-24 13:57:50.733039,26.0,63.0,100,0,0,100
2026-05-24 13:57:51.723307,26.0,63.0,100,0,0,100
2026-05-24 13:57:52.723452,26.0,63.0,100,0,0,100
2026-05-24 13:57:53.778437,26.0,63.0,100,0,0,100
2026-05-24 13:57:54.778645,26.0,63.0,100,0,0,100
2026-05-24 13:57:55.842502,26.0,63.0,100,0,0,100
2026-05-24 13:57:56.832001,26.0,63.0,100,0,0,100
2026-05-24 13:57:57.926683,26.0,63.0,100,0,0,100
2026-05-24 13:57:58.928110,26.0,63.0,100,0,0,100
2026-05-24 13:57:59.929166,26.0,63.0,100,0,0,100
2026-05-24 13:58:00.936879,26.0,63.0,100,0,0,100
2026-05-24 13:58:01.980148,26.0,63.0,100,0,0,100
2026-05-24 13:58:02.980346,26.0,63.0,100,0,0,100
2026-05-24 13:58:04.031190,26.0,63.0,100,0,0,100
2026-05-24 13:58:05.030915,26.0,63.0,100,0,0,100
2026-05-24 13:58:06.093718,26.0,63.0,99,0,0,100
2026-05-24 13:58:07.084796,26.0,63.0,100,0,0,100
2026-05-24 13:58:08.170724,26.0,63.0,100,0,0,100
2026-05-24 13:58:09.169699,26.0,63.0,100,0,0,100
2026-05-24 13:58:10.226284,26.0,63.0,100,0,0,100
2026-05-24 13:58:11.233069,26.0,63.0,100,0,0,100
2026-05-24 13:58:12.280957,26.0,63.0,100,0,0,100
2026-05-24 13:58:13.281956,26.0,63.0,100,0,0,100
2026-05-24 13:58:14.336615,26.0,63.0,100,0,0,100
2026-05-24 13:58:15.335730,26.0,63.0,100,0,0,100
2026-05-24 13:58:16.396799,26.0,63.0,100,0,0,100
2026-05-24 13:58:17.396201,26.0,63.0,100,0,0,100
2026-05-24 13:58:18.472445,26.0,63.0,100,0,0,100
2026-05-24 13:58:19.472861,26.0,63.0,100,0,0,100
2026-05-24 13:58:20.529838,26.0,63.0,100,0,0,100
2026-05-24 13:58:21.528860,26.0,63.0,100,0,0,100
2026-05-24 13:58:22.591766,26.0,63.0,100,0,0,100
2026-05-24 13:58:23.583895,26.0,63.0,100,0,0,100
2026-05-24 13:58:24.681510,26.0,63.0,100,0,0,100
2026-05-24 13:58:25.680524,26.0,63.0,100,0,0,100
2026-05-24 13:58:26.735867,26.0,63.0,100,0,0,100
2026-05-24 13:58:27.744251,26.0,63.0,100,0,0,100
2026-05-24 13:58:28.788638,26.0,63.0,100,0,0,100
2026-05-24 13:58:29.789699,26.0,63.0,100,0,0,100
2026-05-24 13:58:30.848342,26.0,63.0,100,0,0,100
2026-05-24 13:58:31.842808,26.0,63.0,100,0,0,100
2026-05-24 13:58:32.908355,26.0,63.0,100,0,0,100
2026-05-24 13:58:33.899247,26.0,63.0,100,0,0,100
2026-05-24 13:58:34.996024,26.0,63.0,100,0,0,100
2026-05-24 13:58:35.995439,26.0,63.0,100,0,0,100
2026-05-24 13:58:37.050619,26.0,63.0,100,0,0,100
2026-05-24 13:58:38.059349,26.0,63.0,100,0,0,100
2026-05-24 13:58:39.111599,26.0,63.0,100,0,0,100
2026-05-24 13:58:40.105100,26.0,63.0,100,0,0,100
2026-05-24 13:58:41.194007,26.0,63.0,100,0,0,100
2026-05-24 13:58:42.192968,26.0,63.0,100,0,0,100
2026-05-24 13:58:43.248282,26.0,63.0,100,0,0,100
2026-05-24 13:58:44.257481,26.0,63.0,100,0,0,100
2026-05-24 13:58:45.303608,26.0,63.0,99,0,0,100
2026-05-24 13:58:46.303877,26.0,63.0,100,0,0,100
2026-05-24 13:58:47.358003,26.0,63.0,100,0,0,100
2026-05-24 13:58:48.357324,26.0,63.0,100,0,0,100
2026-05-24 13:58:49.419158,26.0,63.0,100,0,0,100
2026-05-24 13:58:50.410987,26.0,63.0,100,0,0,100
2026-05-24 13:58:51.511373,26.0,63.0,99,0,0,100
2026-05-24 13:58:52.511117,26.0,63.0,100,0,0,100
2026-05-24 13:58:53.561421,26.0,63.0,100,0,0,100
2026-05-24 13:58:54.570624,26.0,63.0,100,0,0,100
2026-05-24 13:58:55.616657,26.0,63.0,100,0,0,100
2026-05-24 13:58:56.616770,26.0,63.0,100,0,0,100
2026-05-24 13:58:57.672819,26.0,63.0,100,0,0,100
2026-05-24 13:58:58.674240,26.0,63.0,99,0,0,100
2026-05-24 13:58:59.734938,26.0,63.0,99,0,0,100
2026-05-24 13:59:00.730155,26.0,63.0,100,0,0,100
2026-05-24 13:59:01.816778,26.0,63.0,99,0,0,100
2026-05-24 13:59:02.817165,26.0,63.0,100,0,0,100
2026-05-24 13:59:03.870722,26.0,63.0,100,0,0,100
2026-05-24 13:59:04.877812,26.0,63.0,100,0,0,100
2026-05-24 13:59:05.922504,26.0,63.0,100,0,0,100
2026-05-24 13:59:06.921738,26.0,63.0,100,0,0,100
2026-05-24 13:59:07.975859,26.0,63.0,100,0,0,100
2026-05-24 13:59:08.979396,26.0,63.0,100,0,0,100
2026-05-24 13:59:10.042071,26.0,63.0,100,0,0,100
2026-05-24 13:59:11.028201,26.0,61.0,100,0,0,100
2026-05-24 13:59:12.122256,26.0,63.0,100,0,0,100
2026-05-24 13:59:13.120056,26.0,63.0,100,0,0,100
2026-05-24 13:59:14.140857,26.0,63.0,100,0,0,100
2026-05-24 13:59:15.141434,26.0,63.0,100,0,0,100
2026-05-24 13:59:16.190166,26.0,63.0,100,0,0,100
2026-05-24 13:59:17.191603,26.0,63.0,100,0,0,100
2026-05-24 13:59:18.242853,26.0,63.0,100,0,0,100
2026-05-24 13:59:19.246113,26.0,63.0,100,0,0,100
2026-05-24 13:59:20.305545,26.0,63.0,100,0,0,100
2026-05-24 13:59:21.296548,26.0,61.0,100,0,0,100
2026-05-24 13:59:22.382777,26.0,63.0,99,0,0,100
2026-05-24 13:59:23.382826,26.0,63.0,100,0,0,100
2026-05-24 13:59:24.439410,26.0,63.0,100,0,0,100
2026-05-24 13:59:25.446763,26.0,63.0,100,0,0,100
2026-05-24 13:59:26.490066,26.0,63.0,99,0,0,100
2026-05-24 13:59:27.490422,26.0,63.0,100,0,0,100
2026-05-24 13:59:28.542944,26.0,63.0,100,0,0,100
2026-05-24 13:59:29.543411,26.0,63.0,100,0,0,100
2026-05-24 13:59:30.610084,26.0,61.0,100,0,0,100
2026-05-24 13:59:31.602115,26.0,63.0,100,0,0,100
2026-05-24 13:59:32.691861,26.0,63.0,100,0,0,100
2026-05-24 13:59:33.691498,26.0,61.0,100,0,0,100
2026-05-24 13:59:34.742194,26.0,61.0,100,0,0,100
2026-05-24 13:59:35.754453,26.0,63.0,99,0,0,100
2026-05-24 13:59:36.796008,26.0,63.0,99,0,0,100
2026-05-24 13:59:37.795267,26.0,63.0,100,0,0,100
2026-05-24 13:59:38.849819,26.0,63.0,100,0,0,100
2026-05-24 13:59:39.849376,26.0,63.0,100,0,0,100
2026-05-24 13:59:40.913584,26.0,63.0,100,0,0,100
2026-05-24 13:59:41.903231,26.0,63.0,100,0,0,100
2026-05-24 13:59:43.001930,26.0,63.0,100,0,0,100
2026-05-24 13:59:44.002324,26.0,63.0,100,0,0,100
2026-05-24 13:59:45.054732,26.0,63.0,100,0,0,100
2026-05-24 13:59:46.064189,26.0,63.0,99,0,0,100
2026-05-24 13:59:47.111099,26.0,63.0,99,0,0,100
2026-05-24 13:59:48.111429,26.0,63.0,100,0,0,100
2026-05-24 13:59:49.164288,26.0,63.0,99,0,0,100
2026-05-24 13:59:50.164004,26.0,63.0,100,0,0,100
2026-05-24 13:59:51.226968,26.0,63.0,100,0,0,100
2026-05-24 13:59:52.219573,26.0,63.0,100,0,0,100
2026-05-24 13:59:53.315974,26.0,63.0,100,0,0,100
2026-05-24 13:59:54.315710,26.0,63.0,100,0,0,100
2026-05-24 13:59:55.369309,26.0,63.0,100,0,0,100
2026-05-24 13:59:56.377436,26.0,63.0,100,0,0,100
2026-05-24 13:59:57.433446,26.0,63.0,99,0,0,100
2026-05-24 13:59:58.424283,26.0,63.0,100,0,0,100
2026-05-24 13:59:59.518125,26.0,63.0,100,0,0,100
2026-05-24 14:00:00.517737,26.0,63.0,100,0,0,100
2026-05-24 14:00:01.587385,26.0,63.0,100,0,0,100
2026-05-24 14:00:02.595108,26.0,63.0,100,0,0,100
2026-05-24 14:00:03.647930,26.0,63.0,100,0,0,100
2026-05-24 14:00:04.647889,26.0,63.0,100,0,0,100
2026-05-24 14:00:05.728911,26.0,63.0,100,0,0,100
2026-05-24 14:00:06.729170,26.0,63.0,100,0,0,100
2026-05-24 14:00:07.782450,26.0,63.0,100,0,0,100
2026-05-24 14:00:08.784141,26.0,63.0,100,0,0,100
2026-05-24 14:00:09.851390,26.0,63.0,99,0,0,100
2026-05-24 14:00:10.841731,26.0,63.0,100,0,0,100
2026-05-24 14:00:11.937353,26.0,63.0,100,0,0,100
2026-05-24 14:00:12.939969,26.0,63.0,100,0,0,100
2026-05-24 14:00:13.988909,26.0,63.0,100,0,0,100
2026-05-24 14:00:14.998552,26.0,63.0,100,0,0,100
2026-05-24 14:00:16.053454,26.0,63.0,100,0,0,100
2026-05-24 14:00:17.044512,26.0,63.0,100,0,0,100
2026-05-24 14:00:18.138061,26.0,63.0,100,0,0,100
2026-05-24 14:00:19.138116,26.0,63.0,100,0,0,100
2026-05-24 14:00:20.138346,26.0,63.0,99,0,0,100
2026-05-24 14:00:21.137567,26.0,63.0,100,0,0,100
2026-05-24 14:00:22.137956,26.0,63.0,99,0,0,100
2026-05-24 14:00:23.220595,26.0,63.0,100,0,0,100
2026-05-24 14:00:24.219447,26.0,63.0,100,0,0,100
2026-05-24 14:00:25.275263,26.0,63.0,100,0,0,100
2026-05-24 14:00:26.284431,26.0,63.0,100,0,0,100
2026-05-24 14:00:27.332231,26.0,63.0,100,0,0,100
2026-05-24 14:00:28.331587,26.0,63.0,100,0,0,100
2026-05-24 14:00:29.384476,26.0,61.0,100,0,0,100
2026-05-24 14:00:30.386063,26.0,61.0,99,0,0,100
2026-05-24 14:00:31.444256,26.0,61.0,100,0,0,100
2026-05-24 14:00:32.437718,26.0,61.0,99,0,0,100
2026-05-24 14:00:33.523541,26.0,61.0,100,0,0,100
2026-05-24 14:00:34.522654,26.0,61.0,99,0,0,100
2026-05-24 14:00:35.573705,26.0,61.0,100,0,0,100
2026-05-24 14:00:36.580944,26.0,61.0,100,0,0,100
2026-05-24 14:00:37.628498,26.0,61.0,100,0,0,100
2026-05-24 14:00:38.629502,26.0,61.0,100,0,0,100
2026-05-24 14:00:39.692788,26.0,61.0,100,0,0,100
2026-05-24 14:00:40.692112,26.0,61.0,99,0,0,100
2026-05-24 14:00:41.755427,26.0,61.0,100,0,0,100
2026-05-24 14:00:42.747084,26.0,61.0,99,0,0,100
2026-05-24 14:00:43.841681,26.0,61.0,100,0,0,100
2026-05-24 14:00:44.842067,26.0,61.0,99,0,0,100
2026-05-24 14:00:45.894093,26.0,63.0,100,0,0,100
2026-05-24 14:00:46.902415,26.0,61.0,99,0,0,100
2026-05-24 14:00:47.954490,26.0,61.0,100,0,0,100
2026-05-24 14:00:48.945874,26.0,61.0,100,0,0,100
2026-05-24 14:00:50.037616,26.0,61.0,100,0,0,100
2026-05-24 14:00:51.037142,26.0,61.0,100,0,0,100
2026-05-24 14:00:52.091064,26.0,61.0,100,0,0,100
2026-05-24 14:00:53.096836,26.0,61.0,100,0,0,100
2026-05-24 14:00:54.141037,26.0,63.0,99,0,0,100
2026-05-24 14:00:55.140800,26.0,63.0,100,0,0,100
2026-05-24 14:00:56.190616,26.0,63.0,100,0,0,100
2026-05-24 14:00:57.191272,26.0,63.0,100,0,0,100
2026-05-24 14:00:58.198694,26.0,63.0,100,0,0,100
2026-05-24 14:00:59.192718,26.0,63.0,100,0,0,100
2026-05-24 14:01:00.291097,26.0,63.0,100,0,0,100
2026-05-24 14:01:01.288705,26.0,63.0,100,0,0,100
2026-05-24 14:01:02.345248,26.0,63.0,100,0,0,100
2026-05-24 14:01:03.353332,26.0,63.0,100,0,0,100
2026-05-24 14:01:04.406212,26.0,63.0,100,0,0,100
2026-05-24 14:01:05.397425,26.0,63.0,100,0,0,100
2026-05-24 14:01:06.493340,26.0,63.0,100,0,0,100
2026-05-24 14:01:07.493762,26.0,63.0,100,0,0,100
2026-05-24 14:01:08.554072,26.0,63.0,100,0,0,100
2026-05-24 14:01:09.559375,26.0,63.0,100,0,0,100
2026-05-24 14:01:10.618143,26.0,63.0,100,0,0,100
2026-05-24 14:01:11.619338,26.0,63.0,100,0,0,100
2026-05-24 14:01:12.669849,26.0,63.0,100,0,0,100
2026-05-24 14:01:13.670596,26.0,63.0,100,0,0,100
2026-05-24 14:01:14.734787,27.0,63.0,100,0,0,100
2026-05-24 14:01:15.725781,26.0,63.0,100,0,0,100
2026-05-24 14:01:16.824732,27.0,63.0,100,0,0,100
2026-05-24 14:01:17.824865,26.0,63.0,100,0,0,100
2026-05-24 14:01:18.890091,26.0,63.0,100,0,0,100
2026-05-24 14:01:19.895964,26.0,63.0,100,0,0,100
2026-05-24 14:01:20.956268,26.0,63.0,100,0,0,100
2026-05-24 14:01:21.945497,27.0,63.0,100,0,0,100
2026-05-24 14:01:23.032739,26.0,63.0,100,0,0,100
2026-05-24 14:01:24.032970,27.0,63.0,100,0,0,100
2026-05-24 14:01:25.084818,26.0,63.0,100,0,0,100
2026-05-24 14:01:26.093746,27.0,63.0,100,0,0,100
2026-05-24 14:01:27.138525,26.0,63.0,100,0,0,100
2026-05-24 14:01:28.142070,26.0,63.0,100,0,0,100
2026-05-24 14:01:29.194053,27.0,63.0,100,0,0,100
2026-05-24 14:01:30.192821,26.0,63.0,100,0,0,100
2026-05-24 14:01:31.253496,27.0,63.0,100,0,0,100
2026-05-24 14:01:32.245034,27.0,63.0,100,0,0,100
2026-05-24 14:01:33.324501,26.0,63.0,100,0,0,100
2026-05-24 14:01:34.324558,27.0,63.0,100,0,0,100
2026-05-24 14:01:35.376544,27.0,63.0,100,0,0,100
2026-05-24 14:01:36.387486,27.0,63.0,100,0,0,100
2026-05-24 14:01:37.432813,27.0,63.0,100,0,0,100
2026-05-24 14:01:38.430944,27.0,63.0,100,0,0,100
2026-05-24 14:01:39.486064,27.0,63.0,100,0,0,100
2026-05-24 14:01:40.485867,27.0,63.0,100,0,0,100
2026-05-24 14:01:41.548691,27.0,63.0,100,0,0,100
2026-05-24 14:01:42.550648,27.0,63.0,100,0,0,100
2026-05-24 14:01:43.630636,27.0,63.0,100,0,0,100
2026-05-24 14:01:44.629949,27.0,63.0,99,0,0,100
2026-05-24 14:01:45.681945,27.0,63.0,100,0,0,100
2026-05-24 14:01:46.682302,27.0,63.0,100,0,0,100
2026-05-24 14:01:47.745093,27.0,63.0,100,0,0,100
2026-05-24 14:01:48.736597,27.0,63.0,100,0,0,100
2026-05-24 14:01:49.833694,27.0,63.0,100,0,0,100
2026-05-24 14:01:50.833521,27.0,63.0,99,0,0,100
2026-05-24 14:01:51.887654,27.0,63.0,100,0,0,100
2026-05-24 14:01:52.897871,27.0,63.0,100,0,0,100
2026-05-24 14:01:53.952554,27.0,63.0,100,0,0,100
2026-05-24 14:01:54.943377,27.0,63.0,100,0,0,100
2026-05-24 14:01:56.035488,27.0,63.0,100,0,0,100
2026-05-24 14:01:57.082091,27.0,63.0,100,0,0,100
2026-05-24 14:01:58.087981,27.0,63.0,100,0,0,100
2026-05-24 14:01:59.096978,27.0,63.0,100,0,0,100
2026-05-24 14:02:00.149343,27.0,63.0,100,0,0,100
2026-05-24 14:02:01.145249,27.0,63.0,100,0,0,100
2026-05-24 14:02:02.221364,27.0,63.0,100,0,0,100
2026-05-24 14:02:03.221088,27.0,63.0,100,0,0,100
2026-05-24 14:02:04.284292,27.0,63.0,100,0,0,100
2026-05-24 14:02:05.274241,27.0,63.0,100,0,0,100
2026-05-24 14:02:06.380837,26.0,63.0,100,0,0,100
2026-05-24 14:02:07.381606,27.0,63.0,99,0,0,100
2026-05-24 14:02:08.436796,27.0,63.0,99,0,0,100
2026-05-24 14:02:09.445031,27.0,63.0,100,0,0,100
2026-05-24 14:02:10.490100,27.0,63.0,100,0,0,100
2026-05-24 14:02:11.489989,27.0,63.0,100,0,0,100
2026-05-24 14:02:12.543214,27.0,63.0,100,0,0,100
2026-05-24 14:02:13.552397,27.0,63.0,99,0,0,100
2026-05-24 14:02:14.607595,27.0,63.0,100,0,0,100
2026-05-24 14:02:15.596351,27.0,63.0,99,0,0,100
2026-05-24 14:02:16.689405,27.0,63.0,100,0,0,100
2026-05-24 14:02:17.689660,27.0,63.0,100,0,0,100
2026-05-24 14:02:18.745652,27.0,63.0,100,0,0,100
2026-05-24 14:02:19.755870,27.0,63.0,100,0,0,100
2026-05-24 14:02:20.805448,27.0,63.0,100,0,0,100
2026-05-24 14:02:21.804536,27.0,63.0,100,0,0,100
2026-05-24 14:02:22.857379,27.0,63.0,100,0,0,100
2026-05-24 14:02:23.857479,27.0,63.0,100,0,0,100
2026-05-24 14:02:24.924068,27.0,63.0,100,0,0,100
2026-05-24 14:02:25.913019,27.0,63.0,100,0,0,100
2026-05-24 14:02:27.002627,27.0,63.0,100,0,0,100
2026-05-24 14:02:28.002322,27.0,63.0,98,0,0,100
2026-05-24 14:02:29.053733,27.0,63.0,100,0,0,100
2026-05-24 14:02:30.061555,27.0,63.0,100,0,0,100
2026-05-24 14:02:31.106555,27.0,63.0,100,0,0,100
2026-05-24 14:02:32.108590,27.0,61.0,99,0,0,100
2026-05-24 14:02:33.161588,27.0,63.0,98,0,0,100
2026-05-24 14:02:34.159577,27.0,63.0,99,0,0,100
2026-05-24 14:02:35.223294,27.0,63.0,100,0,0,100
2026-05-24 14:02:36.214405,27.0,63.0,100,0,0,100
2026-05-24 14:02:37.314058,27.0,63.0,100,0,0,100
2026-05-24 14:02:38.314054,27.0,63.0,100,0,0,100
2026-05-24 14:02:39.366086,27.0,63.0,100,0,0,100
2026-05-24 14:02:40.373225,27.0,63.0,100,0,0,100
2026-05-24 14:02:41.423019,27.0,63.0,100,0,0,100
2026-05-24 14:02:42.423364,27.0,63.0,100,0,0,100
2026-05-24 14:02:43.478567,27.0,63.0,100,0,0,100
2026-05-24 14:02:44.477239,27.0,63.0,100,0,0,100
2026-05-24 14:02:45.540242,27.0,63.0,100,0,0,100
2026-05-24 14:02:46.529334,27.0,63.0,100,0,0,100
2026-05-24 14:02:47.630462,27.0,63.0,100,0,0,100
2026-05-24 14:02:48.629365,27.0,63.0,99,0,0,100
2026-05-24 14:02:49.684370,27.0,63.0,100,0,0,100
2026-05-24 14:02:50.692242,27.0,63.0,100,0,0,100
2026-05-24 14:02:51.741548,27.0,63.0,100,0,0,100
2026-05-24 14:02:52.742584,27.0,63.0,99,0,0,100
2026-05-24 14:02:53.795729,27.0,63.0,100,0,0,100
2026-05-24 14:02:54.794876,27.0,63.0,100,0,0,100
2026-05-24 14:02:55.855396,27.0,63.0,100,0,0,100
2026-05-24 14:02:56.852824,27.0,63.0,100,0,0,100
2026-05-24 14:02:57.946301,27.0,63.0,100,0,0,100
2026-05-24 14:02:58.944345,27.0,63.0,99,0,0,100
2026-05-24 14:02:59.996900,27.0,63.0,100,0,0,100
2026-05-24 14:03:00.996828,27.0,63.0,100,0,0,100
2026-05-24 14:03:02.058118,27.0,63.0,100,0,0,100
2026-05-24 14:03:03.048523,27.0,63.0,100,0,0,100
2026-05-24 14:03:04.148671,27.0,63.0,100,0,0,100
2026-05-24 14:03:05.148873,27.0,63.0,100,0,0,100
2026-05-24 14:03:06.200570,27.0,63.0,100,0,0,100
2026-05-24 14:03:07.211328,27.0,63.0,100,0,0,100
2026-05-24 14:03:08.256007,27.0,63.0,100,0,0,100
2026-05-24 14:03:09.257309,27.0,63.0,100,0,0,100
2026-05-24 14:03:10.308528,27.0,63.0,99,0,0,100
2026-05-24 14:03:11.306848,27.0,63.0,99,0,0,100
2026-05-24 14:03:12.369516,27.0,63.0,100,0,0,100
2026-05-24 14:03:13.358989,27.0,61.0,100,0,0,100
2026-05-24 14:03:14.459129,27.0,63.0,100,0,0,100
2026-05-24 14:03:15.455062,27.0,63.0,99,0,0,100
2026-05-24 14:03:16.478467,27.0,63.0,100,0,0,100
2026-05-24 14:03:17.486980,27.0,63.0,100,0,0,100
2026-05-24 14:03:18.529796,27.0,63.0,99,0,0,100
2026-05-24 14:03:19.528952,27.0,61.0,100,0,0,100
2026-05-24 14:03:20.582447,27.0,63.0,100,0,0,100
2026-05-24 14:03:21.583265,27.0,63.0,100,0,0,100
2026-05-24 14:03:22.649281,27.0,63.0,100,0,0,100
2026-05-24 14:03:23.640921,27.0,63.0,99,0,0,100
2026-05-24 14:03:24.735920,27.0,63.0,100,0,0,100
2026-05-24 14:03:25.736346,27.0,63.0,100,0,0,100
2026-05-24 14:03:26.790244,27.0,63.0,100,0,0,100
2026-05-24 14:03:27.797608,27.0,63.0,100,0,0,100
2026-05-24 14:03:28.841734,27.0,63.0,100,0,0,100
2026-05-24 14:03:29.841034,27.0,63.0,100,0,0,100
2026-05-24 14:03:30.896064,27.0,63.0,100,0,0,100
2026-05-24 14:03:31.896254,27.0,63.0,100,0,0,100
2026-05-24 14:03:32.960605,27.0,63.0,100,0,0,100
2026-05-24 14:03:33.954098,27.0,63.0,99,0,0,100
2026-05-24 14:03:35.046002,27.0,61.0,99,0,0,100
2026-05-24 14:03:36.046081,27.0,63.0,100,0,0,100
2026-05-24 14:03:37.104141,27.0,63.0,100,0,0,100
2026-05-24 14:03:38.111064,27.0,63.0,100,0,0,100
2026-05-24 14:03:39.171340,27.0,63.0,100,0,0,100
2026-05-24 14:03:40.162584,27.0,63.0,100,0,0,100
2026-05-24 14:03:41.269063,27.0,63.0,97,0,0,100
2026-05-24 14:03:42.268754,27.0,63.0,100,0,0,100
2026-05-24 14:03:43.326872,27.0,63.0,100,0,0,100
2026-05-24 14:03:44.333777,27.0,63.0,99,0,0,100
2026-05-24 14:03:45.394074,27.0,63.0,100,0,0,100
2026-05-24 14:03:46.385108,27.0,63.0,100,0,0,100
2026-05-24 14:03:47.475519,27.0,63.0,100,0,0,100
2026-05-24 14:03:48.475423,27.0,63.0,100,0,0,100
2026-05-24 14:03:49.532316,27.0,63.0,100,0,0,100
2026-05-24 14:03:50.542141,27.0,63.0,100,0,0,100
2026-05-24 14:03:51.583959,27.0,63.0,100,0,0,100
2026-05-24 14:03:52.583783,27.0,63.0,100,0,0,100
2026-05-24 14:03:53.639121,27.0,63.0,100,0,0,100
2026-05-24 14:03:54.639244,27.0,63.0,100,0,0,100
2026-05-24 14:03:55.701619,27.0,63.0,100,0,0,100
2026-05-24 14:03:56.777172,27.0,63.0,100,0,0,100
2026-05-24 14:03:57.782118,27.0,63.0,100,0,0,100
2026-05-24 14:03:58.778855,27.0,63.0,100,0,0,100
2026-05-24 14:03:59.847947,27.0,63.0,98,0,0,100
2026-05-24 14:04:00.855780,27.0,63.0,100,0,0,100
2026-05-24 14:04:01.849733,27.0,63.0,99,0,0,100
2026-05-24 14:04:02.850674,27.0,63.0,100,0,0,100
2026-05-24 14:04:03.906564,27.0,63.0,100,0,0,100
2026-05-24 14:04:04.980285,27.0,63.0,100,0,0,100
2026-05-24 14:04:05.989388,27.0,63.0,100,0,0,100
2026-05-24 14:04:06.987813,27.0,63.0,100,0,0,100
2026-05-24 14:04:08.064856,27.0,63.0,100,0,0,100
2026-05-24 14:04:09.065125,27.0,63.0,100,0,0,100
2026-05-24 14:04:10.119535,27.0,63.0,100,0,0,100
2026-05-24 14:04:11.120356,27.0,63.0,100,0,0,100
2026-05-24 14:04:12.183044,27.0,63.0,100,0,0,100
2026-05-24 14:04:13.173453,27.0,63.0,99,0,0,100
2026-05-24 14:04:14.276562,27.0,63.0,100,0,0,100
2026-05-24 14:04:15.277794,27.0,63.0,100,0,0,100
2026-05-24 14:04:16.328446,27.0,63.0,100,0,0,100
2026-05-24 14:04:17.335408,27.0,63.0,100,0,0,100
2026-05-24 14:04:18.392600,27.0,63.0,100,0,0,100
2026-05-24 14:04:19.382298,27.0,63.0,99,0,0,100
2026-05-24 14:04:20.472590,27.0,63.0,98,0,0,100
2026-05-24 14:04:21.471010,27.0,63.0,99,0,0,100
2026-05-24 14:04:22.533048,27.0,63.0,100,0,0,100
2026-05-24 14:04:23.543065,27.0,63.0,100,0,0,100
2026-05-24 14:04:24.584517,27.0,63.0,100,0,0,100
2026-05-24 14:04:25.585414,27.0,63.0,100,0,0,100
2026-05-24 14:04:26.638618,27.0,63.0,100,0,0,100
2026-05-24 14:04:27.636965,27.0,63.0,100,0,0,100
2026-05-24 14:04:28.702793,27.0,63.0,100,0,0,100
2026-05-24 14:04:29.694427,27.0,63.0,100,0,0,100
2026-05-24 14:04:30.792153,27.0,63.0,100,0,0,100
2026-05-24 14:04:31.791306,27.0,63.0,100,0,0,100
2026-05-24 14:04:32.842762,27.0,63.0,100,0,0,100
2026-05-24 14:04:33.850662,27.0,63.0,100,0,0,100
2026-05-24 14:04:34.896863,27.0,63.0,100,0,0,100
2026-05-24 14:04:35.896950,27.0,63.0,100,0,0,100
2026-05-24 14:04:36.954539,27.0,63.0,100,0,0,100
2026-05-24 14:04:37.953964,27.0,63.0,100,0,0,100
2026-05-24 14:04:39.019401,27.0,63.0,100,0,0,100
2026-05-24 14:04:40.011002,27.0,61.0,100,0,0,100
2026-05-24 14:04:41.254481,27.0,63.0,100,0,0,100
2026-05-24 14:04:42.487558,27.0,61.0,100,0,0,100
2026-05-24 14:04:45.133639,27.0,61.0,100,0,0,100
2026-05-24 14:04:46.970495,27.0,63.0,100,0,0,100
2026-05-24 14:04:47.261026,27.0,61.0,98,0,0,100
2026-05-24 14:04:49.509451,27.0,61.0,100,0,0,100
2026-05-24 14:04:49.578938,27.0,61.0,100,0,0,100
2026-05-24 14:04:50.545479,27.0,61.0,100,0,0,100
2026-05-24 14:04:51.538508,27.0,61.0,100,0,0,100
2026-05-24 14:04:52.114167,27.0,61.0,100,0,0,100
2026-05-24 14:04:54.464587,27.0,61.0,100,0,0,100
2026-05-24 14:04:54.536839,27.0,61.0,100,0,0,100
2026-05-24 14:04:55.114041,27.0,61.0,100,0,0,100
2026-05-24 14:04:56.114514,27.0,61.0,99,0,0,100
2026-05-24 14:04:57.172737,27.0,61.0,100,0,0,100
2026-05-24 14:04:58.170465,27.0,61.0,99,0,0,100
2026-05-24 14:04:59.232016,27.0,61.0,100,0,0,100
2026-05-24 14:05:00.231622,27.0,61.0,99,0,0,100
2026-05-24 14:05:01.322930,27.0,61.0,100,0,0,100
2026-05-24 14:05:02.323901,27.0,61.0,100,0,0,100
2026-05-24 14:05:03.389902,27.0,61.0,100,0,0,100
2026-05-24 14:05:04.396913,27.0,61.0,100,0,0,100
2026-05-24 14:05:05.455385,27.0,61.0,100,0,0,100
2026-05-24 14:05:06.447628,27.0,61.0,99,0,0,100
2026-05-24 14:05:07.536422,27.0,61.0,100,0,0,100
2026-05-24 14:05:08.536364,27.0,61.0,100,0,0,100
2026-05-24 14:05:09.589416,27.0,63.0,100,0,0,100
2026-05-24 14:05:10.599081,27.0,63.0,100,0,0,100
2026-05-24 14:05:11.642646,27.0,63.0,100,0,0,100
2026-05-24 14:05:12.641847,27.0,63.0,99,0,0,100
2026-05-24 14:05:13.697170,27.0,63.0,100,0,0,100
2026-05-24 14:05:14.698782,27.0,63.0,100,0,0,100
2026-05-24 14:05:15.764739,27.0,63.0,100,0,0,100
2026-05-24 14:05:16.754882,27.0,63.0,100,0,0,100
2026-05-24 14:05:17.803660,27.0,63.0,100,0,0,100
2026-05-24 14:05:18.812204,27.0,63.0,100,0,0,100
2026-05-24 14:05:19.854631,27.0,63.0,97,0,0,100
2026-05-24 14:05:20.854348,27.0,63.0,100,0,0,100
2026-05-24 14:05:21.924453,27.0,63.0,100,0,0,100
2026-05-24 14:05:22.914064,27.0,63.0,100,0,0,100
2026-05-24 14:05:24.008290,27.0,63.0,100,0,0,100
2026-05-24 14:05:25.008953,27.0,63.0,100,0,0,100
2026-05-24 14:05:26.069298,27.0,63.0,100,0,0,100
2026-05-24 14:05:27.075807,27.0,63.0,99,0,0,100
2026-05-24 14:05:28.121956,27.0,63.0,100,0,0,100
2026-05-24 14:05:29.121063,27.0,63.0,100,0,0,100
2026-05-24 14:05:30.175988,27.0,63.0,100,0,0,100
2026-05-24 14:05:31.178147,27.0,63.0,100,0,0,100
2026-05-24 14:05:32.234316,27.0,63.0,100,0,0,100
2026-05-24 14:05:33.226510,27.0,63.0,100,0,0,100
2026-05-24 14:05:34.321507,27.0,63.0,99,0,0,100
2026-05-24 14:05:35.321601,27.0,63.0,100,0,0,100
2026-05-24 14:05:36.376226,27.0,63.0,100,0,0,100
2026-05-24 14:05:37.386034,27.0,63.0,100,0,0,100
2026-05-24 14:05:38.442764,27.0,63.0,100,0,0,100
2026-05-24 14:05:39.432159,27.0,63.0,100,0,0,100
2026-05-24 14:05:40.518323,27.0,63.0,100,0,0,100
2026-05-24 14:05:41.518568,27.0,63.0,100,0,0,100
2026-05-24 14:05:42.569716,27.0,63.0,100,0,0,100
2026-05-24 14:05:43.591834,27.0,63.0,100,0,0,100
2026-05-24 14:05:44.569758,27.0,63.0,99,0,0,100
2026-05-24 14:05:45.569654,27.0,63.0,100,0,0,100
2026-05-24 14:05:46.571288,27.0,63.0,100,0,0,100
2026-05-24 14:05:49.352265,27.0,63.0,99,0,0,100
2026-05-24 14:05:49.426161,27.0,63.0,100,0,0,100
2026-05-24 14:05:49.592531,27.0,63.0,100,0,0,100
2026-05-24 14:05:50.574102,27.0,63.0,100,0,0,100
2026-05-24 14:05:51.574255,27.0,63.0,100,0,0,100
2026-05-24 14:05:52.663757,27.0,63.0,100,0,0,100
2026-05-24 14:05:53.641855,27.0,63.0,99,0,0,100
2026-05-24 14:05:54.747831,27.0,63.0,100,0,0,100
2026-05-24 14:05:55.741530,27.0,63.0,100,0,0,100
2026-05-24 14:05:56.843310,27.0,63.0,100,0,0,100
2026-05-24 14:05:57.833768,27.0,63.0,99,0,0,100
2026-05-24 14:05:58.916239,27.0,63.0,100,0,0,100
2026-05-24 14:05:59.924343,27.0,63.0,100,0,0,100
2026-05-24 14:06:00.971652,27.0,63.0,100,0,0,100
2026-05-24 14:06:01.973398,27.0,63.0,100,0,0,100
2026-05-24 14:06:02.978157,27.0,63.0,100,0,0,100
2026-05-24 14:06:03.972887,27.0,63.0,100,0,0,100
2026-05-24 14:06:05.048976,27.0,63.0,99,0,0,100
2026-05-24 14:06:06.050717,27.0,63.0,100,0,0,100
2026-05-24 14:06:07.135753,27.0,63.0,100,0,0,100
2026-05-24 14:06:08.136094,27.0,63.0,100,0,0,100
2026-05-24 14:06:09.194979,27.0,63.0,100,0,0,100
2026-05-24 14:06:10.193960,27.0,63.0,100,0,0,100
2026-05-24 14:06:11.255383,27.0,63.0,100,0,0,100
2026-05-24 14:06:12.244726,27.0,63.0,100,0,0,100
2026-05-24 14:06:13.347416,27.0,63.0,100,0,0,100
2026-05-24 14:06:14.348473,27.0,63.0,100,0,0,100
2026-05-24 14:06:15.400512,27.0,63.0,100,0,0,100
2026-05-24 14:06:16.409872,27.0,63.0,100,0,0,100
2026-05-24 14:06:17.454130,27.0,63.0,100,0,0,100
2026-05-24 14:06:18.456503,27.0,63.0,100,0,0,100
2026-05-24 14:06:19.509471,27.0,63.0,100,0,0,100
2026-05-24 14:06:20.508200,27.0,63.0,99,0,0,100
2026-05-24 14:06:21.570673,27.0,63.0,100,0,0,100
2026-05-24 14:06:22.560662,27.0,63.0,99,0,0,100
2026-05-24 14:06:23.667739,27.0,63.0,100,0,0,100
2026-05-24 14:06:24.666231,27.0,63.0,100,0,0,100
2026-05-24 14:06:25.721023,27.0,63.0,100,0,0,100
2026-05-24 14:06:26.731579,27.0,63.0,99,0,0,100
2026-05-24 14:06:27.776024,27.0,63.0,100,0,0,100
2026-05-24 14:06:28.776728,27.0,63.0,99,0,0,100
2026-05-24 14:06:29.830876,27.0,63.0,100,0,0,100
2026-05-24 14:06:30.830425,27.0,63.0,100,0,0,100
2026-05-24 14:06:31.893064,27.0,63.0,100,0,0,100
2026-05-24 14:06:32.883138,27.0,63.0,99,0,0,100
2026-05-24 14:06:33.974861,27.0,63.0,99,0,0,100
2026-05-24 14:06:34.975457,27.0,63.0,100,0,0,100
2026-05-24 14:06:36.036258,27.0,63.0,100,0,0,100
2026-05-24 14:06:37.048835,27.0,63.0,100,0,0,100
2026-05-24 14:06:38.090772,27.0,63.0,100,0,0,100
2026-05-24 14:06:39.091911,27.0,63.0,100,0,0,100
2026-05-24 14:06:40.146087,27.0,63.0,100,0,0,100
2026-05-24 14:06:41.144719,27.0,63.0,100,0,0,100
2026-05-24 14:06:42.206475,27.0,63.0,100,0,0,100
2026-05-24 14:06:43.198003,27.0,63.0,100,0,0,100
2026-05-24 14:06:44.286131,27.0,61.0,100,0,0,100
2026-05-24 14:06:45.286087,27.0,63.0,100,0,0,100
2026-05-24 14:06:46.346078,27.0,63.0,100,0,0,100
2026-05-24 14:06:47.384583,27.0,63.0,100,0,0,100
2026-05-24 14:06:48.399197,27.0,63.0,100,0,0,100
2026-05-24 14:06:49.399954,27.0,61.0,100,0,0,100
2026-05-24 14:06:50.456149,27.0,61.0,100,0,0,100
2026-05-24 14:06:51.456545,27.0,61.0,100,0,0,100
2026-05-24 14:06:52.526638,27.0,61.0,100,0,0,100
2026-05-24 14:06:53.518717,27.0,61.0,100,0,0,100
2026-05-24 14:06:54.615897,27.0,61.0,100,0,0,100
2026-05-24 14:06:55.617334,27.0,61.0,100,0,0,100
2026-05-24 14:06:56.667478,27.0,61.0,100,0,0,100
2026-05-24 14:06:57.690768,27.0,61.0,100,0,0,100
2026-05-24 14:06:58.728850,27.0,61.0,100,0,0,100
2026-05-24 14:06:59.726230,27.0,61.0,100,0,0,100
2026-05-24 14:07:00.784240,27.0,61.0,100,0,0,100
2026-05-24 14:07:01.787779,27.0,61.0,100,0,0,100
2026-05-24 14:07:02.803543,27.0,61.0,100,0,0,100
2026-05-24 14:07:03.785942,27.0,61.0,100,0,0,100
2026-05-24 14:07:04.810716,27.0,61.0,100,0,0,100
2026-05-24 14:07:05.809576,27.0,61.0,100,0,0,100
2026-05-24 14:07:06.866525,27.0,61.0,99,0,0,100
2026-05-24 14:07:07.877406,27.0,61.0,100,0,0,100
2026-05-24 14:07:08.921500,27.0,61.0,100,0,0,100
2026-05-24 14:07:09.922838,27.0,61.0,100,0,0,100
2026-05-24 14:07:10.977451,27.0,61.0,99,0,0,100
2026-05-24 14:07:11.978044,27.0,61.0,99,0,0,100
2026-05-24 14:07:13.051103,27.0,61.0,100,0,0,100
2026-05-24 14:07:14.039967,27.0,61.0,100,0,0,100
2026-05-24 14:07:15.130048,27.0,61.0,100,0,0,100
2026-05-24 14:07:16.130415,27.0,61.0,100,0,0,100
2026-05-24 14:07:17.184239,27.0,61.0,100,0,0,100
2026-05-24 14:07:18.194956,27.0,61.0,100,0,0,100
2026-05-24 14:07:19.237361,27.0,61.0,99,0,0,100
2026-05-24 14:07:20.237223,27.0,61.0,99,0,0,100
2026-05-24 14:07:21.292958,27.0,61.0,100,0,0,100
2026-05-24 14:07:22.293548,27.0,61.0,99,0,0,100
2026-05-24 14:07:23.304894,27.0,61.0,100,0,0,100
2026-05-24 14:07:24.295581,27.0,61.0,99,0,0,100
2026-05-24 14:07:25.392586,27.0,61.0,100,0,0,100
2026-05-24 14:07:26.392702,27.0,61.0,100,0,0,100
2026-05-24 14:07:27.445535,27.0,61.0,100,0,0,100
2026-05-24 14:07:28.454901,27.0,61.0,100,0,0,100
2026-05-24 14:07:29.500105,27.0,61.0,100,0,0,100
2026-05-24 14:07:30.499054,27.0,61.0,99,0,0,100
2026-05-24 14:07:31.552814,27.0,61.0,100,0,0,100
2026-05-24 14:07:32.552190,27.0,61.0,100,0,0,100
2026-05-24 14:07:33.616639,27.0,61.0,100,0,0,100
2026-05-24 14:07:34.607002,27.0,61.0,100,0,0,100
2026-05-24 14:07:35.693546,27.0,61.0,100,0,0,100
2026-05-24 14:07:36.692198,27.0,61.0,99,0,0,100
2026-05-24 14:07:37.747580,27.0,61.0,100,0,0,100
2026-05-24 14:07:38.758039,27.0,61.0,100,0,0,100
2026-05-24 14:07:39.808244,27.0,61.0,100,0,0,100
2026-05-24 14:07:40.812996,27.0,61.0,99,0,0,100
2026-05-24 14:07:41.883289,27.0,61.0,99,0,0,100
2026-05-24 14:07:42.884300,27.0,61.0,100,0,0,100
2026-05-24 14:07:43.935965,27.0,61.0,100,0,0,100
2026-05-24 14:07:44.935961,27.0,61.0,100,0,0,100
2026-05-24 14:07:45.996466,27.0,61.0,100,0,0,100
2026-05-24 14:07:46.990094,27.0,61.0,99,0,0,100
2026-05-24 14:07:48.086546,27.0,61.0,100,0,0,100
2026-05-24 14:07:49.086338,27.0,61.0,99,0,0,100
2026-05-24 14:07:50.143523,27.0,61.0,100,0,0,100
2026-05-24 14:07:51.154994,27.0,61.0,100,0,0,100
2026-05-24 14:07:52.199368,27.0,61.0,100,0,0,100
2026-05-24 14:07:53.200065,27.0,61.0,100,0,0,100
2026-05-24 14:07:54.257037,27.0,61.0,100,0,0,100
2026-05-24 14:07:55.257136,27.0,61.0,100,0,0,100
2026-05-24 14:07:56.317506,27.0,61.0,100,0,0,100
2026-05-24 14:07:57.310030,27.0,61.0,100,0,0,100
2026-05-24 14:07:58.406979,27.0,61.0,100,0,0,100
2026-05-24 14:07:59.407265,27.0,61.0,100,0,0,100
2026-05-24 14:08:00.464204,27.0,61.0,100,0,0,100
2026-05-24 14:08:01.504514,27.0,63.0,100,0,0,100
2026-05-24 14:08:02.516727,27.0,61.0,100,0,0,100
2026-05-24 14:08:03.517798,27.0,61.0,100,0,0,100
2026-05-24 14:08:04.518536,27.0,61.0,100,0,0,100
2026-05-24 14:08:05.551322,27.0,61.0,100,0,0,100
2026-05-24 14:08:06.574004,27.0,61.0,99,0,0,100
2026-05-24 14:08:07.574097,27.0,61.0,100,0,0,100
2026-05-24 14:08:08.659968,27.0,61.0,100,0,0,100
2026-05-24 14:08:09.712917,27.0,61.0,100,0,0,100
2026-05-24 14:08:10.717364,27.0,61.0,100,0,0,100
2026-05-24 14:08:11.722550,27.0,61.0,100,0,0,100
2026-05-24 14:08:12.776920,27.0,61.0,100,0,0,100
2026-05-24 14:08:13.774926,27.0,61.0,99,0,0,100
2026-05-24 14:08:14.833733,27.0,61.0,100,0,0,100
2026-05-24 14:08:15.834864,27.0,61.0,100,0,0,100
2026-05-24 14:08:16.902408,27.0,61.0,100,0,0,100
2026-05-24 14:08:17.889136,27.0,61.0,100,0,0,100
2026-05-24 14:08:18.935552,27.0,61.0,100,0,0,100
2026-05-24 14:08:19.935184,27.0,61.0,100,0,0,100
2026-05-24 14:08:20.992657,27.0,61.0,99,0,0,100
2026-05-24 14:08:21.992921,27.0,61.0,100,0,0,100
2026-05-24 14:08:23.043759,27.0,61.0,100,0,0,100
2026-05-24 14:08:24.043895,27.0,63.0,100,0,0,100
2026-05-24 14:08:25.096220,27.0,61.0,100,0,0,100
2026-05-24 14:08:26.098070,27.0,61.0,100,0,0,100
2026-05-24 14:08:27.160193,27.0,61.0,100,0,0,100
2026-05-24 14:08:28.150618,27.0,61.0,99,0,0,100
2026-05-24 14:08:29.242940,27.0,61.0,100,0,0,100
2026-05-24 14:08:30.246135,27.0,61.0,100,0,0,100
2026-05-24 14:08:31.293096,27.0,61.0,100,0,0,100
2026-05-24 14:08:32.302683,27.0,61.0,100,0,0,100
2026-05-24 14:08:33.348229,27.0,61.0,100,0,0,100
2026-05-24 14:08:34.347760,27.0,61.0,100,0,0,100
2026-05-24 14:08:35.398226,27.0,61.0,100,0,0,100
2026-05-24 14:08:36.398354,27.0,61.0,100,0,0,100
2026-05-24 14:08:37.458249,27.0,61.0,100,0,0,100
2026-05-24 14:08:38.450200,27.0,61.0,100,0,0,100
2026-05-24 14:08:39.542925,27.0,61.0,100,0,0,100
2026-05-24 14:08:40.542492,27.0,61.0,100,0,0,100
2026-05-24 14:08:41.598072,27.0,61.0,100,0,0,100
2026-05-24 14:08:42.607529,27.0,61.0,100,0,0,100
2026-05-24 14:08:43.660614,27.0,61.0,100,0,0,100
2026-05-24 14:08:44.660172,27.0,61.0,100,0,0,100
2026-05-24 14:08:45.720312,27.0,61.0,100,0,0,100
2026-05-24 14:08:46.720004,27.0,61.0,100,0,0,100
2026-05-24 14:08:47.787250,27.0,61.0,100,0,0,100
2026-05-24 14:08:48.777039,27.0,61.0,100,0,0,100
2026-05-24 14:08:49.778213,27.0,61.0,100,0,0,100
2026-05-24 14:08:50.778564,27.0,61.0,100,0,0,100
2026-05-24 14:08:51.834047,27.0,61.0,100,0,0,100
2026-05-24 14:08:52.834422,27.0,61.0,100,0,0,100
2026-05-24 14:08:53.891561,27.0,61.0,100,0,0,100
2026-05-24 14:08:54.891000,27.0,61.0,100,0,0,100
2026-05-24 14:08:55.941973,27.0,61.0,100,0,0,100
2026-05-24 14:08:56.941927,27.0,61.0,100,0,0,100
2026-05-24 14:08:58.014332,27.0,61.0,100,0,0,100
2026-05-24 14:08:59.003919,27.0,61.0,100,0,0,100
2026-05-24 14:09:00.097062,27.0,61.0,100,0,0,100
2026-05-24 14:09:01.097163,27.0,61.0,100,0,0,100
2026-05-24 14:09:02.155543,27.0,61.0,100,0,0,100
2026-05-24 14:09:03.161953,27.0,61.0,99,0,0,100
2026-05-24 14:09:04.210226,27.0,61.0,100,0,0,100
2026-05-24 14:09:05.210162,27.0,61.0,100,0,0,100
2026-05-24 14:09:06.261382,27.0,61.0,100,0,0,100
2026-05-24 14:09:07.261767,27.0,61.0,99,0,0,100
2026-05-24 14:09:08.327807,27.0,61.0,100,0,0,100
2026-05-24 14:09:09.323512,27.0,61.0,100,0,0,100
2026-05-24 14:09:10.406717,27.0,61.0,100,0,0,100
2026-05-24 14:09:11.410416,27.0,61.0,100,0,0,100
2026-05-24 14:09:12.508654,27.0,61.0,100,0,0,100
2026-05-24 14:09:13.508981,27.0,61.0,100,0,0,100
2026-05-24 14:09:14.577799,27.0,61.0,100,0,0,100
2026-05-24 14:09:15.569504,27.0,61.0,100,0,0,100
2026-05-24 14:09:16.567667,27.0,61.0,100,0,0,100
2026-05-24 14:09:17.567103,27.0,61.0,100,0,0,100
2026-05-24 14:09:18.570049,27.0,61.0,100,0,0,100
2026-05-24 14:09:19.567830,27.0,61.0,100,0,0,100
2026-05-24 14:09:20.579110,27.0,61.0,100,0,0,100
2026-05-24 14:09:21.568756,27.0,61.0,100,0,0,100
2026-05-24 14:09:22.568442,27.0,61.0,100,0,0,100
2026-05-24 14:09:23.621367,27.0,61.0,100,0,0,100
2026-05-24 14:09:24.623630,27.0,61.0,100,0,0,100
2026-05-24 14:09:25.681825,27.0,61.0,100,0,0,100
2026-05-24 14:09:26.680070,27.0,61.0,100,0,0,100
2026-05-24 14:09:27.765990,27.0,61.0,100,0,0,100
2026-05-24 14:09:28.765450,27.0,61.0,100,0,0,100
2026-05-24 14:09:29.820119,27.0,61.0,100,0,0,100
2026-05-24 14:09:30.829956,27.0,61.0,100,0,0,100
2026-05-24 14:09:31.876131,27.0,61.0,100,0,0,100
2026-05-24 14:09:32.874594,27.0,61.0,100,0,0,100
2026-05-24 14:09:33.926874,27.0,61.0,100,0,0,100
2026-05-24 14:09:34.926892,27.0,61.0,100,0,0,100
2026-05-24 14:09:35.990155,27.0,61.0,100,0,0,100
2026-05-24 14:09:36.982053,27.0,61.0,100,0,0,100
2026-05-24 14:09:38.069793,27.0,61.0,99,0,0,100
2026-05-24 14:09:39.068835,27.0,61.0,100,0,0,100
2026-05-24 14:09:40.121931,27.0,61.0,100,0,0,100
2026-05-24 14:09:41.127778,27.0,61.0,100,0,0,100
2026-05-24 14:09:42.182146,27.0,61.0,100,0,0,100
2026-05-24 14:09:43.180261,27.0,61.0,100,0,0,100
2026-05-24 14:09:44.240139,27.0,61.0,99,0,0,100
2026-05-24 14:09:45.240458,27.0,61.0,100,0,0,100
2026-05-24 14:09:46.302303,27.0,61.0,100,0,0,100
2026-05-24 14:09:47.293059,27.0,61.0,100,0,0,100
2026-05-24 14:09:48.382950,27.0,61.0,100,0,0,100
2026-05-24 14:09:49.386116,27.0,61.0,100,0,0,100
2026-05-24 14:09:50.436544,27.0,61.0,100,0,0,100
2026-05-24 14:09:51.445012,27.0,61.0,100,0,0,100
2026-05-24 14:09:52.493063,27.0,61.0,99,0,0,100
2026-05-24 14:09:53.492235,27.0,61.0,100,0,0,100
2026-05-24 14:09:54.554349,27.0,61.0,100,0,0,100
2026-05-24 14:09:55.550334,27.0,61.0,100,0,0,100
2026-05-24 14:09:56.619206,27.0,61.0,99,0,0,100
2026-05-24 14:09:57.607703,27.0,61.0,100,0,0,100
2026-05-24 14:09:58.705355,27.0,61.0,100,0,0,100
2026-05-24 14:09:59.705964,27.0,61.0,100,0,0,100
2026-05-24 14:10:00.760052,27.0,61.0,99,0,0,100
2026-05-24 14:10:01.775301,27.0,61.0,100,0,0,100
2026-05-24 14:10:02.819819,27.0,61.0,100,0,0,100
2026-05-24 14:10:03.818926,27.0,61.0,100,0,0,100
2026-05-24 14:10:04.819932,27.0,61.0,100,0,0,100
2026-05-24 14:10:05.820455,27.0,61.0,100,0,0,100
2026-05-24 14:10:06.884309,27.0,61.0,99,0,0,100
2026-05-24 14:10:07.875048,27.0,61.0,100,0,0,100
2026-05-24 14:10:08.964857,27.0,61.0,100,0,0,100
2026-05-24 14:10:09.965067,27.0,61.0,100,0,0,100
2026-05-24 14:10:11.017996,27.0,61.0,100,0,0,100
2026-05-24 14:10:12.028219,27.0,61.0,100,0,0,100
2026-05-24 14:10:13.069709,27.0,61.0,100,0,0,100
2026-05-24 14:10:14.070476,27.0,61.0,100,0,0,100
2026-05-24 14:10:15.129453,27.0,61.0,100,0,0,100
2026-05-24 14:10:16.125529,27.0,61.0,100,0,0,100
2026-05-24 14:10:17.206525,27.0,61.0,99,0,0,100
2026-05-24 14:10:18.193299,27.0,61.0,100,0,0,100
2026-05-24 14:10:19.247322,27.0,61.0,100,0,0,100
2026-05-24 14:10:20.247044,27.0,61.0,100,0,0,100
2026-05-24 14:10:21.304754,27.0,61.0,100,0,0,100
2026-05-24 14:10:22.316885,27.0,61.0,100,0,0,100
2026-05-24 14:10:23.364485,27.0,61.0,100,0,0,100
2026-05-24 14:10:24.362436,27.0,61.0,100,0,0,100
2026-05-24 14:10:25.417536,27.0,61.0,99,0,0,100
2026-05-24 14:10:26.417927,27.0,61.0,100,0,0,100
2026-05-24 14:10:27.487150,27.0,61.0,100,0,0,100
2026-05-24 14:10:28.475958,27.0,61.0,100,0,0,100
2026-05-24 14:10:29.576680,27.0,61.0,100,0,0,100
2026-05-24 14:10:30.579346,27.0,61.0,100,0,0,100
2026-05-24 14:10:31.633900,27.0,61.0,100,0,0,100
2026-05-24 14:10:32.640554,27.0,61.0,100,0,0,100
2026-05-24 14:10:33.699553,27.0,61.0,99,0,0,100
2026-05-24 14:10:34.691376,27.0,61.0,100,0,0,100
2026-05-24 14:10:35.796676,27.0,61.0,100,0,0,100
2026-05-24 14:10:36.797483,27.0,61.0,100,0,0,100
2026-05-24 14:10:37.852255,27.0,61.0,100,0,0,100
2026-05-24 14:10:38.860526,27.0,61.0,100,0,0,100
2026-05-24 14:10:39.918451,27.0,61.0,100,0,0,100
2026-05-24 14:10:40.908055,27.0,61.0,100,0,0,100
2026-05-24 14:10:42.001386,27.0,61.0,100,0,0,100
2026-05-24 14:10:43.003309,27.0,61.0,100,0,0,100
2026-05-24 14:10:44.056079,27.0,61.0,100,0,0,100
2026-05-24 14:10:45.063679,27.0,61.0,100,0,0,100
2026-05-24 14:10:46.109141,27.0,61.0,99,0,0,100
2026-05-24 14:10:47.108662,27.0,61.0,100,0,0,100
2026-05-24 14:10:48.159730,27.0,61.0,100,0,0,100
2026-05-24 14:10:49.159613,27.0,61.0,100,0,0,100
2026-05-24 14:10:50.227163,27.0,61.0,100,0,0,100
2026-05-24 14:10:51.218946,27.0,61.0,100,0,0,100
2026-05-24 14:10:52.298191,27.0,61.0,100,0,0,100
2026-05-24 14:10:53.296607,27.0,61.0,100,0,0,100
2026-05-24 14:10:54.348716,27.0,61.0,100,0,0,100
2026-05-24 14:10:55.359347,27.0,61.0,100,0,0,100
2026-05-24 14:10:56.400597,27.0,61.0,100,0,0,100
2026-05-24 14:10:57.400284,27.0,61.0,99,0,0,100
2026-05-24 14:10:58.455191,27.0,61.0,100,0,0,100
2026-05-24 14:10:59.455409,27.0,61.0,100,0,0,100
2026-05-24 14:11:00.465701,27.0,61.0,100,0,0,100
2026-05-24 14:11:01.456312,27.0,61.0,100,0,0,100
2026-05-24 14:11:02.557870,27.0,61.0,100,0,0,100
2026-05-24 14:11:03.557848,27.0,61.0,100,0,0,100
2026-05-24 14:11:04.614489,27.0,61.0,100,0,0,100
2026-05-24 14:11:05.625536,27.0,61.0,100,0,0,100
2026-05-24 14:11:06.672095,27.0,61.0,100,0,0,100
2026-05-24 14:11:07.670810,27.0,61.0,99,0,0,100
2026-05-24 14:11:08.724230,27.0,61.0,100,0,0,100
2026-05-24 14:11:09.723850,27.0,61.0,100,0,0,100
2026-05-24 14:11:10.786494,27.0,61.0,100,0,0,100
2026-05-24 14:11:11.777737,27.0,61.0,100,0,0,100
2026-05-24 14:11:12.872833,27.0,61.0,100,0,0,100
2026-05-24 14:11:13.872401,27.0,61.0,100,0,0,100
2026-05-24 14:11:14.927400,27.0,61.0,100,0,0,100
2026-05-24 14:11:15.937719,27.0,61.0,100,0,0,100
2026-05-24 14:11:16.987825,27.0,61.0,100,0,0,100
2026-05-24 14:11:17.987185,27.0,61.0,100,0,0,100
2026-05-24 14:11:19.038620,27.0,61.0,100,0,0,100
2026-05-24 14:11:20.038088,27.0,61.0,100,0,0,100
2026-05-24 14:11:21.103729,27.0,61.0,99,0,0,100
2026-05-24 14:11:22.094409,27.0,61.0,100,0,0,100
2026-05-24 14:11:23.193622,27.0,61.0,100,0,0,100
2026-05-24 14:11:24.190299,27.0,61.0,100,0,0,100
2026-05-24 14:11:25.252184,27.0,61.0,100,0,0,100
2026-05-24 14:11:26.262709,27.0,61.0,100,0,0,100
2026-05-24 14:11:27.312064,27.0,61.0,100,0,0,100
2026-05-24 14:11:28.311339,27.0,61.0,100,0,0,100
2026-05-24 14:11:29.383223,27.0,61.0,100,0,0,100
2026-05-24 14:11:30.381940,27.0,61.0,100,0,0,100
2026-05-24 14:11:31.448829,27.0,61.0,100,0,0,100
2026-05-24 14:11:32.451052,27.0,61.0,100,0,0,100
2026-05-24 14:11:33.532245,27.0,61.0,100,0,0,100
2026-05-24 14:11:34.529966,27.0,61.0,100,0,0,100
2026-05-24 14:11:35.586809,27.0,61.0,100,0,0,100
2026-05-24 14:11:36.587043,27.0,61.0,100,0,0,100
2026-05-24 14:11:37.655121,27.0,61.0,100,0,0,100
2026-05-24 14:11:38.643232,27.0,61.0,100,0,0,100
2026-05-24 14:11:39.738507,27.0,61.0,100,0,0,100
2026-05-24 14:11:40.738218,27.0,61.0,100,0,0,100
2026-05-24 14:11:41.794506,27.0,61.0,100,0,0,100
2026-05-24 14:11:42.803147,27.0,61.0,100,0,0,100
2026-05-24 14:11:43.848547,27.0,61.0,100,0,0,100
2026-05-24 14:11:44.847487,27.0,61.0,100,0,0,100
2026-05-24 14:11:45.898710,27.0,61.0,100,0,0,100
2026-05-24 14:11:46.898230,27.0,61.0,100,0,0,100
2026-05-24 14:11:47.960127,27.0,61.0,100,0,0,100
2026-05-24 14:11:48.954288,27.0,61.0,100,0,0,100
2026-05-24 14:11:49.952129,27.0,61.0,100,0,0,100
2026-05-24 14:11:50.951631,27.0,61.0,100,0,0,100
2026-05-24 14:11:51.951847,27.0,61.0,98,0,0,100
2026-05-24 14:11:52.952932,27.0,61.0,100,0,0,100
2026-05-24 14:11:53.961942,27.0,61.0,100,0,0,100
2026-05-24 14:11:55.008241,27.0,61.0,100,0,0,100
2026-05-24 14:11:56.007976,27.0,61.0,100,0,0,100
2026-05-24 14:11:57.058642,27.0,61.0,100,0,0,100
2026-05-24 14:11:58.058856,27.0,61.0,100,0,0,100
2026-05-24 14:11:59.121345,27.0,61.0,100,0,0,100
2026-05-24 14:12:00.121899,27.0,61.0,100,0,0,100
2026-05-24 14:12:01.202842,27.0,61.0,100,0,0,100
2026-05-24 14:12:02.202390,27.0,61.0,100,0,0,100
2026-05-24 14:12:03.257569,27.0,61.0,100,0,0,100
2026-05-24 14:12:04.254176,27.0,60.0,100,0,0,100
2026-05-24 14:12:05.267045,27.0,61.0,99,0,0,100
2026-05-24 14:12:06.256591,27.0,61.0,99,0,0,100
2026-05-24 14:12:07.342645,27.0,61.0,100,0,0,100
2026-05-24 14:12:08.343125,27.0,61.0,100,0,0,100
2026-05-24 14:12:09.397263,27.0,60.0,100,0,0,100
2026-05-24 14:12:10.408589,27.0,60.0,99,0,0,100
2026-05-24 14:12:11.453895,27.0,60.0,100,0,0,100
2026-05-24 14:12:12.453916,27.0,60.0,100,0,0,100
2026-05-24 14:12:13.508804,27.0,60.0,100,0,0,100
2026-05-24 14:12:14.509632,27.0,60.0,100,0,0,100
2026-05-24 14:12:15.578613,27.0,60.0,100,0,0,100
2026-05-24 14:12:16.581392,27.0,60.0,100,0,0,100
2026-05-24 14:12:17.657314,27.0,60.0,100,0,0,100
2026-05-24 14:12:18.659636,27.0,60.0,99,0,0,100
2026-05-24 14:12:19.708643,27.0,60.0,100,0,0,100
2026-05-24 14:12:20.714894,27.0,60.0,100,0,0,100
2026-05-24 14:12:21.763391,27.0,60.0,100,0,0,100
2026-05-24 14:12:22.763659,27.0,60.0,100,0,0,100
2026-05-24 14:12:23.819270,27.0,60.0,100,0,0,100
2026-05-24 14:12:24.818462,27.0,60.0,100,0,0,100
2026-05-24 14:12:25.880976,27.0,60.0,100,0,0,100
2026-05-24 14:12:26.886745,27.0,60.0,100,0,0,100
2026-05-24 14:12:27.966680,27.0,60.0,100,0,0,100
2026-05-24 14:12:28.964254,27.0,60.0,99,0,0,100
2026-05-24 14:12:30.023032,27.0,60.0,100,0,0,100
2026-05-24 14:12:31.023575,27.0,60.0,100,0,0,100
2026-05-24 14:12:32.086432,27.0,61.0,100,0,0,100
2026-05-24 14:12:33.099173,27.0,61.0,100,0,0,100
2026-05-24 14:12:34.145416,27.0,61.0,99,0,0,100
2026-05-24 14:12:35.146249,27.0,61.0,100,0,0,100
2026-05-24 14:12:36.199711,27.0,60.0,100,0,0,100
2026-05-24 14:12:37.200260,27.0,60.0,99,0,0,100
2026-05-24 14:12:38.267002,27.0,61.0,100,0,0,100
2026-05-24 14:12:39.256416,27.0,61.0,100,0,0,100
2026-05-24 14:12:40.350958,27.0,61.0,100,0,0,100
2026-05-24 14:12:41.351637,27.0,61.0,99,0,0,100
2026-05-24 14:12:42.405651,27.0,61.0,100,0,0,100
2026-05-24 14:12:43.412159,27.0,61.0,100,0,0,100
2026-05-24 14:12:44.459180,27.0,61.0,100,0,0,100
2026-05-24 14:12:45.458984,27.0,61.0,100,0,0,100
2026-05-24 14:12:46.515814,27.0,61.0,100,0,0,100
2026-05-24 14:12:47.515997,27.0,61.0,100,0,0,100
2026-05-24 14:12:48.578504,27.0,61.0,100,0,0,100
2026-05-24 14:12:49.567692,27.0,61.0,100,0,0,100
2026-05-24 14:12:50.670547,27.0,61.0,100,0,0,100
2026-05-24 14:12:51.670185,27.0,61.0,100,0,0,100
2026-05-24 14:12:52.728854,27.0,61.0,100,0,0,100
2026-05-24 14:12:53.739135,27.0,61.0,100,0,0,100
2026-05-24 14:12:54.781608,27.0,61.0,100,0,0,100
2026-05-24 14:12:55.781870,27.0,61.0,100,0,0,100
2026-05-24 14:12:56.838854,27.0,61.0,100,0,0,100
2026-05-24 14:12:57.837744,27.0,61.0,100,0,0,100
2026-05-24 14:12:58.901007,27.0,61.0,100,0,0,100
2026-05-24 14:12:59.891528,27.0,61.0,100,0,0,100
2026-05-24 14:13:00.989941,27.0,61.0,98,0,0,100
2026-05-24 14:13:01.988887,27.0,61.0,99,0,0,100
2026-05-24 14:13:03.044918,27.0,61.0,100,0,0,100
2026-05-24 14:13:04.053323,27.0,61.0,99,0,0,100
2026-05-24 14:13:05.104169,27.0,61.0,100,0,0,100
2026-05-24 14:13:06.105663,27.0,61.0,100,0,0,100
2026-05-24 14:13:07.158216,27.0,61.0,100,0,0,100
2026-05-24 14:13:08.158059,27.0,61.0,100,0,0,100
2026-05-24 14:13:09.218901,27.0,61.0,100,0,0,100
2026-05-24 14:13:10.210251,27.0,61.0,100,0,0,100
2026-05-24 14:13:11.304693,27.0,61.0,100,0,0,100
2026-05-24 14:13:12.303421,27.0,61.0,100,0,0,100
2026-05-24 14:13:13.355345,27.0,61.0,100,0,0,100
2026-05-24 14:13:14.361865,27.0,61.0,99,0,0,100
2026-05-24 14:13:15.410037,27.0,61.0,100,0,0,100
2026-05-24 14:13:16.409770,27.0,61.0,100,0,0,100
2026-05-24 14:13:17.464159,27.0,61.0,100,0,0,100
2026-05-24 14:13:18.464637,27.0,61.0,100,0,0,100
2026-05-24 14:13:19.529662,27.0,61.0,99,0,0,100
2026-05-24 14:13:20.520224,27.0,61.0,100,0,0,100
2026-05-24 14:13:21.618872,27.0,61.0,100,0,0,100
2026-05-24 14:13:22.619796,27.0,61.0,100,0,0,100
2026-05-24 14:13:23.676686,27.0,61.0,100,0,0,100
2026-05-24 14:13:24.687020,27.0,61.0,100,0,0,100
2026-05-24 14:13:25.731748,27.0,61.0,100,0,0,100
2026-05-24 14:13:26.733881,27.0,61.0,100,0,0,100
2026-05-24 14:13:27.786064,27.0,61.0,100,0,0,100
2026-05-24 14:13:28.786083,27.0,61.0,100,0,0,100
2026-05-24 14:13:29.848969,27.0,61.0,99,0,0,100
2026-05-24 14:13:30.840106,27.0,61.0,100,0,0,100
2026-05-24 14:13:31.926058,27.0,61.0,100,0,0,100
2026-05-24 14:13:32.923657,27.0,61.0,100,0,0,100
2026-05-24 14:13:33.987804,27.0,61.0,100,0,0,100
2026-05-24 14:13:34.995240,27.0,61.0,100,0,0,100
2026-05-24 14:13:36.047984,27.0,61.0,100,0,0,100
2026-05-24 14:13:37.048909,27.0,61.0,99,0,0,100
2026-05-24 14:13:38.108600,27.0,61.0,100,0,0,100
2026-05-24 14:13:39.108585,27.0,61.0,99,0,0,100
2026-05-24 14:13:40.174082,27.0,61.0,100,0,0,100
2026-05-24 14:13:41.164241,27.0,61.0,99,0,0,100
2026-05-24 14:13:42.268612,27.0,61.0,100,0,0,100
2026-05-24 14:13:43.267916,27.0,61.0,100,0,0,100
2026-05-24 14:13:44.323949,27.0,61.0,100,0,0,100
2026-05-24 14:13:45.336987,27.0,61.0,99,0,0,100
2026-05-24 14:13:46.379187,27.0,61.0,100,0,0,100
2026-05-24 14:13:47.379052,27.0,61.0,99,0,0,100
2026-05-24 14:13:48.432474,27.0,61.0,100,0,0,100
2026-05-24 14:13:49.432980,27.0,61.0,100,0,0,100
2026-05-24 14:13:50.498981,27.0,61.0,100,0,0,100
2026-05-24 14:13:51.487811,27.0,61.0,100,0,0,100
2026-05-24 14:13:52.584430,27.0,61.0,100,0,0,100
2026-05-24 14:13:53.584498,27.0,61.0,99,0,0,100
2026-05-24 14:13:54.643697,27.0,61.0,100,0,0,100
2026-05-24 14:13:55.651015,27.0,61.0,100,0,0,100
2026-05-24 14:13:56.697452,27.0,61.0,100,0,0,100
2026-05-24 14:13:57.697307,27.0,61.0,99,0,0,100
2026-05-24 14:13:58.751924,27.0,61.0,100,0,0,100
2026-05-24 14:13:59.752885,27.0,61.0,100,0,0,100
2026-05-24 14:14:00.815046,27.0,61.0,100,0,0,100
2026-05-24 14:14:01.805589,27.0,61.0,100,0,0,100
2026-05-24 14:14:02.893739,27.0,61.0,100,0,0,100
2026-05-24 14:14:03.893787,27.0,61.0,99,0,0,100
2026-05-24 14:14:04.981019,27.0,61.0,100,0,0,100
2026-05-24 14:14:05.991138,27.0,61.0,100,0,0,100
2026-05-24 14:14:07.037641,27.0,61.0,100,0,0,100
2026-05-24 14:14:08.036623,27.0,61.0,100,0,0,100
2026-05-24 14:14:09.094243,27.0,61.0,100,0,0,100
2026-05-24 14:14:10.095430,27.0,61.0,100,0,0,100
2026-05-24 14:14:11.159827,27.0,61.0,100,0,0,100
2026-05-24 14:14:12.149664,27.0,61.0,100,0,0,100
2026-05-24 14:14:13.234089,27.0,61.0,100,0,0,100
2026-05-24 14:14:14.233520,27.0,61.0,99,0,0,100
2026-05-24 14:14:15.286301,27.0,61.0,100,0,0,100
2026-05-24 14:14:16.292086,27.0,61.0,100,0,0,100
2026-05-24 14:14:17.336425,27.0,61.0,100,0,0,100
2026-05-24 14:14:18.336199,27.0,61.0,100,0,0,100
2026-05-24 14:14:19.391968,27.0,61.0,99,0,0,100
2026-05-24 14:14:20.391183,27.0,61.0,99,0,0,100
2026-05-24 14:14:21.426260,27.0,61.0,100,0,0,100
2026-05-24 14:14:22.416301,27.0,61.0,100,0,0,100
2026-05-24 14:14:23.516959,27.0,61.0,100,0,0,100
2026-05-24 14:14:24.515359,27.0,61.0,100,0,0,100
2026-05-24 14:14:25.571316,27.0,61.0,100,0,0,100
2026-05-24 14:14:26.579395,27.0,61.0,100,0,0,100
2026-05-24 14:14:27.626435,27.0,61.0,100,0,0,100
2026-05-24 14:14:28.627914,27.0,61.0,100,0,0,100
2026-05-24 14:14:29.681607,27.0,61.0,99,0,0,100
2026-05-24 14:14:30.680590,27.0,61.0,100,0,0,100
2026-05-24 14:14:31.745045,27.0,61.0,100,0,0,100
2026-05-24 14:14:32.737070,27.0,61.0,100,0,0,100
2026-05-24 14:14:33.835860,27.0,61.0,100,0,0,100
2026-05-24 14:14:34.834852,27.0,61.0,100,0,0,100
2026-05-24 14:14:35.888944,27.0,61.0,100,0,0,100
2026-05-24 14:14:36.906687,27.0,61.0,100,0,0,100
2026-05-24 14:14:37.974251,27.0,61.0,100,0,0,100
2026-05-24 14:14:38.975734,27.0,61.0,100,0,0,100
2026-05-24 14:14:40.031721,27.0,61.0,100,0,0,100
2026-05-24 14:14:41.031842,27.0,61.0,100,0,0,100
2026-05-24 14:14:42.147280,27.0,61.0,100,0,0,100
2026-05-24 14:14:43.138468,27.0,61.0,100,0,0,100
2026-05-24 14:14:44.240213,27.0,61.0,100,0,0,100
2026-05-24 14:14:45.238172,27.0,61.0,99,0,0,100
2026-05-24 14:14:46.295008,27.0,61.0,100,0,0,100
2026-05-24 14:14:47.308091,27.0,61.0,100,0,0,100
2026-05-24 14:14:48.353472,27.0,60.0,100,0,0,100
2026-05-24 14:14:49.353394,27.0,61.0,99,0,0,100
2026-05-24 14:14:50.410904,27.0,60.0,100,0,0,100
2026-05-24 14:14:51.408529,27.0,60.0,100,0,0,100
2026-05-24 14:14:52.478529,27.0,60.0,100,0,0,100
2026-05-24 14:14:53.476695,27.0,60.0,100,0,0,100
2026-05-24 14:14:54.565949,27.0,60.0,100,0,0,100
2026-05-24 14:14:55.565761,27.0,60.0,100,0,0,100
2026-05-24 14:14:56.624190,27.0,60.0,100,0,0,100
2026-05-24 14:14:57.624136,27.0,60.0,100,0,0,100
2026-05-24 14:14:58.690534,27.0,61.0,100,0,0,100
2026-05-24 14:14:59.689588,27.0,61.0,100,0,0,100
2026-05-24 14:15:00.780520,27.0,61.0,100,0,0,100
2026-05-24 14:15:01.782121,27.0,60.0,99,0,0,100
2026-05-24 14:15:02.833613,27.0,61.0,100,0,0,100
2026-05-24 14:15:03.840332,27.0,61.0,100,0,0,100
2026-05-24 14:15:04.895467,27.0,61.0,100,0,0,100
2026-05-24 14:15:05.886838,27.0,61.0,100,0,0,100
2026-05-24 14:15:06.992633,27.0,61.0,100,0,0,100
2026-05-24 14:15:07.993011,27.0,61.0,100,0,0,100
2026-05-24 14:15:09.051541,27.0,61.0,100,0,0,100
2026-05-24 14:15:10.058745,27.0,61.0,100,0,0,100
2026-05-24 14:15:11.105568,27.0,61.0,100,0,0,100
2026-05-24 14:15:12.108165,27.0,61.0,99,0,0,100
2026-05-24 14:15:13.158253,27.0,61.0,100,0,0,100
2026-05-24 14:15:14.158179,27.0,61.0,100,0,0,100
2026-05-24 14:15:15.223341,27.0,61.0,100,0,0,100
2026-05-24 14:15:16.213330,27.0,61.0,100,0,0,100
2026-05-24 14:15:17.314307,27.0,61.0,100,0,0,100
2026-05-24 14:15:18.315302,27.0,61.0,100,0,0,100
2026-05-24 14:15:19.393559,27.0,61.0,100,0,0,100
2026-05-24 14:15:20.399306,27.0,61.0,100,0,0,100
2026-05-24 14:15:21.391638,27.0,61.0,100,0,0,100
2026-05-24 14:15:22.391576,27.0,61.0,100,0,0,100
2026-05-24 14:15:23.446304,27.0,61.0,100,0,0,100
2026-05-24 14:15:24.450080,27.0,61.0,100,0,0,100
2026-05-24 14:15:25.501851,27.0,61.0,100,0,0,100
2026-05-24 14:15:26.505012,27.0,61.0,100,0,0,100
2026-05-24 14:15:27.591076,27.0,61.0,99,0,0,100
2026-05-24 14:15:28.590049,27.0,61.0,100,0,0,100
2026-05-24 14:15:29.644066,27.0,61.0,100,0,0,100
2026-05-24 14:15:30.652880,27.0,61.0,100,0,0,100
2026-05-24 14:15:31.701061,27.0,61.0,100,0,0,100
2026-05-24 14:15:32.700450,27.0,61.0,100,0,0,100
2026-05-24 14:15:33.755012,27.0,61.0,100,0,0,100
2026-05-24 14:15:34.754912,27.0,61.0,100,0,0,100
2026-05-24 14:15:35.820729,27.0,61.0,100,0,0,100
2026-05-24 14:15:36.812163,27.0,61.0,100,0,0,100
2026-05-24 14:15:37.914716,27.0,61.0,100,0,0,100
2026-05-24 14:15:38.916225,27.0,61.0,100,0,0,100
2026-05-24 14:15:39.970476,27.0,61.0,100,0,0,100
2026-05-24 14:15:40.987290,27.0,61.0,100,0,0,100
2026-05-24 14:15:42.032214,27.0,61.0,100,0,0,100
2026-05-24 14:15:43.020468,27.0,61.0,100,0,0,100
2026-05-24 14:15:44.114936,27.0,61.0,100,0,0,100
2026-05-24 14:15:45.118875,27.0,61.0,100,0,0,100
2026-05-24 14:15:46.173355,27.0,61.0,100,0,0,100
2026-05-24 14:15:47.178118,27.0,61.0,100,0,0,100
2026-05-24 14:15:48.229041,27.0,61.0,99,0,0,100
2026-05-24 14:15:49.234223,27.0,61.0,99,0,0,100
2026-05-24 14:15:50.284450,27.0,61.0,100,0,0,100
2026-05-24 14:15:51.284518,27.0,61.0,100,0,0,100
2026-05-24 14:15:52.347721,27.0,61.0,100,0,0,100
2026-05-24 14:15:53.347162,27.0,61.0,100,0,0,100
2026-05-24 14:15:54.430370,27.0,61.0,100,0,0,100
2026-05-24 14:15:55.430582,27.0,61.0,100,0,0,100
2026-05-24 14:15:56.490358,27.0,61.0,99,0,0,100
2026-05-24 14:15:57.490415,27.0,61.0,100,0,0,100
2026-05-24 14:15:58.555410,27.0,61.0,100,0,0,100
2026-05-24 14:15:59.546505,27.0,61.0,100,0,0,100
2026-05-24 14:16:00.632832,27.0,61.0,100,0,0,100
2026-05-24 14:16:01.632858,27.0,61.0,99,0,0,100
2026-05-24 14:16:02.686057,27.0,61.0,98,0,0,100
2026-05-24 14:16:03.693153,27.0,61.0,99,0,0,100
2026-05-24 14:16:04.740973,27.0,61.0,100,0,0,100
2026-05-24 14:16:05.743052,27.0,61.0,100,0,0,100
2026-05-24 14:16:06.742344,27.0,61.0,100,0,0,100
2026-05-24 14:16:07.742051,27.0,61.0,100,0,0,100
2026-05-24 14:16:08.792830,27.0,61.0,100,0,0,100
2026-05-24 14:16:09.793229,27.0,61.0,100,0,0,100
2026-05-24 14:16:10.865262,27.0,61.0,100,0,0,100
2026-05-24 14:16:11.865615,27.0,61.0,100,0,0,100
2026-05-24 14:16:12.918242,27.0,61.0,100,0,0,100
2026-05-24 14:16:13.930906,27.0,61.0,99,0,0,100
2026-05-24 14:16:14.969815,27.0,61.0,97,0,0,100
2026-05-24 14:16:15.971199,27.0,61.0,100,0,0,100
2026-05-24 14:16:17.026360,27.0,61.0,100,0,0,100
2026-05-24 14:16:18.026069,27.0,61.0,100,0,0,100
2026-05-24 14:16:19.037988,27.0,61.0,100,0,0,100
2026-05-24 14:16:20.028584,27.0,61.0,100,0,0,100
2026-05-24 14:16:21.128588,27.0,61.0,100,0,0,100
2026-05-24 14:16:22.128680,27.0,61.0,100,0,0,100
2026-05-24 14:16:23.130132,27.0,61.0,100,0,0,100
2026-05-24 14:16:24.138956,27.0,61.0,100,0,0,100
2026-05-24 14:16:25.182715,27.0,61.0,100,0,0,100
2026-05-24 14:16:26.183075,27.0,61.0,99,0,0,100
2026-05-24 14:16:27.242107,27.0,61.0,100,0,0,100
2026-05-24 14:16:28.242135,27.0,61.0,100,0,0,100
2026-05-24 14:16:29.302949,27.0,61.0,100,0,0,100
2026-05-24 14:16:30.294199,27.0,61.0,100,0,0,100
2026-05-24 14:16:31.380636,27.0,61.0,100,0,0,100
2026-05-24 14:16:32.380291,27.0,61.0,99,0,0,100
2026-05-24 14:16:33.442116,27.0,61.0,100,0,0,100
2026-05-24 14:16:34.448939,27.0,61.0,99,0,0,100
2026-05-24 14:16:35.493841,27.0,61.0,100,0,0,100
2026-05-24 14:16:36.493965,27.0,61.0,99,0,0,100
2026-05-24 14:16:37.547067,27.0,61.0,100,0,0,100
2026-05-24 14:16:38.549912,27.0,61.0,100,0,0,100
2026-05-24 14:16:39.612637,27.0,61.0,100,0,0,100
2026-05-24 14:16:40.601549,27.0,61.0,100,0,0,100
2026-05-24 14:16:41.696452,27.0,61.0,100,0,0,100
2026-05-24 14:16:42.698056,27.0,61.0,100,0,0,100
2026-05-24 14:16:43.747315,27.0,61.0,100,0,0,100
2026-05-24 14:16:44.758951,27.0,61.0,100,0,0,100
2026-05-24 14:16:45.804217,27.0,61.0,100,0,0,100
2026-05-24 14:16:46.803423,27.0,61.0,100,0,0,100
2026-05-24 14:16:47.856236,27.0,61.0,100,0,0,100
2026-05-24 14:16:48.858118,27.0,61.0,100,0,0,100
2026-05-24 14:16:49.926879,27.0,61.0,100,0,0,100
2026-05-24 14:16:50.910165,27.0,61.0,100,0,0,100
2026-05-24 14:16:52.009100,27.0,61.0,99,0,0,100
2026-05-24 14:16:53.009406,27.0,61.0,99,0,0,100
2026-05-24 14:16:54.063741,27.0,61.0,100,0,0,100
2026-05-24 14:16:55.072214,27.0,61.0,100,0,0,100
2026-05-24 14:16:56.126397,27.0,61.0,100,0,0,100
2026-05-24 14:16:57.126549,27.0,61.0,100,0,0,100
2026-05-24 14:16:58.180677,27.0,61.0,100,0,0,100
2026-05-24 14:16:59.180164,27.0,61.0,100,0,0,100
2026-05-24 14:17:00.250752,27.0,61.0,100,0,0,100
2026-05-24 14:17:01.240143,27.0,61.0,100,0,0,100
2026-05-24 14:17:02.330309,27.0,61.0,100,0,0,100
2026-05-24 14:17:03.332016,27.0,61.0,100,0,0,100
2026-05-24 14:17:04.384046,27.0,61.0,100,0,0,100
2026-05-24 14:17:05.392316,27.0,61.0,100,0,0,100
2026-05-24 14:17:06.440649,27.0,61.0,100,0,0,100
2026-05-24 14:17:07.440443,27.0,61.0,100,0,0,100
2026-05-24 14:17:08.493314,27.0,61.0,100,0,0,100
2026-05-24 14:17:09.493517,27.0,61.0,99,0,0,100
2026-05-24 14:17:10.559693,27.0,61.0,100,0,0,100
2026-05-24 14:17:11.553539,27.0,61.0,100,0,0,100
2026-05-24 14:17:12.645672,27.0,61.0,100,0,0,100
2026-05-24 14:17:13.646426,27.0,61.0,100,0,0,100
2026-05-24 14:17:14.700964,27.0,61.0,100,0,0,100
2026-05-24 14:17:15.710432,27.0,61.0,100,0,0,100
2026-05-24 14:17:16.760980,27.0,61.0,100,0,0,100
2026-05-24 14:17:17.761828,27.0,61.0,100,0,0,100
2026-05-24 14:17:18.838059,27.0,61.0,100,0,0,100
2026-05-24 14:17:19.836184,27.0,61.0,100,0,0,100
2026-05-24 14:17:20.896345,27.0,61.0,100,0,0,100
2026-05-24 14:17:21.896786,27.0,61.0,100,0,0,100
2026-05-24 14:17:22.958517,27.0,61.0,100,0,0,100
2026-05-24 14:17:23.950732,27.0,61.0,100,0,0,100
2026-05-24 14:17:25.053161,27.0,61.0,100,0,0,100
2026-05-24 14:17:26.052034,27.0,61.0,100,0,0,100
2026-05-24 14:17:27.105531,27.0,61.0,100,0,0,100
2026-05-24 14:17:28.114545,27.0,61.0,100,0,0,100
2026-05-24 14:17:29.167905,27.0,61.0,100,0,0,100
2026-05-24 14:17:30.159204,27.0,61.0,100,0,0,100
2026-05-24 14:17:31.249449,27.0,61.0,100,0,0,100
2026-05-24 14:17:32.248437,27.0,61.0,100,0,0,100
2026-05-24 14:17:33.306711,27.0,61.0,100,0,0,100
2026-05-24 14:17:34.321296,27.0,61.0,100,0,0,100
2026-05-24 14:17:35.359168,27.0,61.0,100,0,0,100
2026-05-24 14:17:36.360139,27.0,61.0,99,0,0,100
2026-05-24 14:17:37.415891,27.0,61.0,100,0,0,100
2026-05-24 14:17:38.416118,27.0,61.0,100,0,0,100
2026-05-24 14:17:39.477325,27.0,61.0,99,0,0,100
2026-05-24 14:17:40.471491,27.0,61.0,100,0,0,100
2026-05-24 14:17:41.565387,27.0,61.0,100,0,0,100
2026-05-24 14:17:42.561597,27.0,61.0,100,0,0,100
2026-05-24 14:17:43.618859,27.0,61.0,100,0,0,100
2026-05-24 14:17:44.627331,27.0,61.0,100,0,0,100
2026-05-24 14:17:45.673377,27.0,61.0,100,0,0,100
2026-05-24 14:17:46.679876,27.0,61.0,100,0,0,100
2026-05-24 14:17:47.728397,27.0,61.0,100,0,0,100
2026-05-24 14:17:48.725783,27.0,61.0,100,0,0,100
2026-05-24 14:17:49.793676,27.0,61.0,100,0,0,100
2026-05-24 14:17:50.785615,27.0,61.0,100,0,0,100
2026-05-24 14:17:51.872782,27.0,61.0,100,0,0,100
2026-05-24 14:17:52.873539,27.0,61.0,100,0,0,100
2026-05-24 14:17:53.929274,27.0,61.0,100,0,0,100
2026-05-24 14:17:54.936736,27.0,61.0,100,0,0,100
2026-05-24 14:17:55.983771,27.0,61.0,100,0,0,100
2026-05-24 14:17:56.984346,27.0,61.0,100,0,0,100
2026-05-24 14:17:58.043743,27.0,61.0,100,0,0,100
2026-05-24 14:17:59.043388,27.0,61.0,100,0,0,100
2026-05-24 14:18:00.110685,27.0,61.0,100,0,0,100
2026-05-24 14:18:01.100498,27.0,61.0,100,0,0,100
2026-05-24 14:18:02.199219,27.0,61.0,100,0,0,100
2026-05-24 14:18:03.196324,27.0,61.0,100,0,0,100
2026-05-24 14:18:04.279031,27.0,61.0,100,0,0,100
2026-05-24 14:18:05.286940,27.0,61.0,100,0,0,100
2026-05-24 14:18:06.335206,27.0,61.0,100,0,0,100
2026-05-24 14:18:07.337603,27.0,61.0,100,0,0,100
2026-05-24 14:18:08.390426,27.0,61.0,100,0,0,100
2026-05-24 14:18:09.389245,27.0,61.0,100,0,0,100
2026-05-24 14:18:10.453091,27.0,61.0,100,0,0,100
2026-05-24 14:18:11.443372,27.0,61.0,100,0,0,100
2026-05-24 14:18:12.535581,27.0,61.0,100,0,0,100
2026-05-24 14:18:13.535835,27.0,61.0,100,0,0,100
2026-05-24 14:18:14.596539,27.0,61.0,100,0,0,100
2026-05-24 14:18:15.605318,27.0,61.0,99,0,0,100
2026-05-24 14:18:16.660075,27.0,61.0,100,0,0,100
2026-05-24 14:18:17.659538,27.0,61.0,100,0,0,100
2026-05-24 14:18:18.715754,27.0,61.0,100,0,0,100
2026-05-24 14:18:19.716519,27.0,61.0,100,0,0,100
2026-05-24 14:18:20.788044,27.0,61.0,100,0,0,100
2026-05-24 14:18:21.774491,27.0,61.0,100,0,0,100
2026-05-24 14:18:22.827758,27.0,61.0,100,0,0,100
2026-05-24 14:18:23.826874,27.0,61.0,100,0,0,100
2026-05-24 14:18:24.892848,27.0,61.0,99,0,0,100
2026-05-24 14:18:25.894388,27.0,61.0,100,0,0,100
2026-05-24 14:18:26.949519,27.0,61.0,100,0,0,100
2026-05-24 14:18:27.949729,27.0,61.0,100,0,0,100
2026-05-24 14:18:29.002398,27.0,61.0,100,0,0,100
2026-05-24 14:18:30.002497,27.0,61.0,100,0,0,100
2026-05-24 14:18:31.071316,27.0,61.0,100,0,0,100
2026-05-24 14:18:32.059021,27.0,61.0,100,0,0,100
2026-05-24 14:18:33.160556,27.0,61.0,100,0,0,100
2026-05-24 14:18:34.160384,27.0,61.0,100,0,0,100
2026-05-24 14:18:35.219424,27.0,61.0,100,0,0,100
2026-05-24 14:18:36.224801,27.0,61.0,100,0,0,100
2026-05-24 14:18:37.275471,27.0,61.0,100,0,0,100
2026-05-24 14:18:38.274946,27.0,61.0,100,0,0,100
2026-05-24 14:18:39.331248,27.0,61.0,100,0,0,100
2026-05-24 14:18:40.331842,27.0,61.0,100,0,0,100
2026-05-24 14:18:41.394893,27.0,61.0,100,0,0,100
2026-05-24 14:18:42.386037,27.0,61.0,100,0,0,100
2026-05-24 14:18:43.472127,27.0,61.0,100,0,0,100
2026-05-24 14:18:44.471892,27.0,61.0,100,0,0,100
2026-05-24 14:18:45.531239,27.0,61.0,100,0,0,100
2026-05-24 14:18:46.540850,27.0,61.0,100,0,0,100
2026-05-24 14:18:47.581722,27.0,61.0,100,0,0,100
2026-05-24 14:18:48.580726,27.0,61.0,100,0,0,100
2026-05-24 14:18:49.635123,27.0,61.0,100,0,0,100
2026-05-24 14:18:50.635664,27.0,61.0,100,0,0,100
2026-05-24 14:18:51.692913,27.0,61.0,100,0,0,100
2026-05-24 14:18:52.684788,27.0,61.0,100,0,0,100
2026-05-24 14:18:53.783477,27.0,61.0,100,0,0,100
2026-05-24 14:18:54.784001,27.0,61.0,100,0,0,100
2026-05-24 14:18:55.836002,27.0,61.0,100,0,0,100
2026-05-24 14:18:56.846414,27.0,61.0,100,0,0,100
2026-05-24 14:18:57.889741,27.0,61.0,100,0,0,100
2026-05-24 14:18:58.889937,27.0,61.0,100,0,0,100
2026-05-24 14:18:59.949604,27.0,61.0,100,0,0,100
2026-05-24 14:19:00.949383,27.0,61.0,99,0,0,100
2026-05-24 14:19:02.010381,27.0,61.0,100,0,0,100
2026-05-24 14:19:03.006741,27.0,61.0,100,0,0,100
2026-05-24 14:19:04.002829,27.0,61.0,100,0,0,100
2026-05-24 14:19:05.004007,27.0,61.0,100,0,0,100
2026-05-24 14:19:06.003336,27.0,61.0,100,0,0,100
2026-05-24 14:19:07.066224,27.0,61.0,100,0,0,100
2026-05-24 14:19:08.062910,27.0,61.0,100,0,0,100
2026-05-24 14:19:09.164217,27.0,61.0,100,0,0,100
2026-05-24 14:19:10.165947,27.0,61.0,100,0,0,100
2026-05-24 14:19:11.219622,27.0,61.0,100,0,0,100
2026-05-24 14:19:12.227164,27.0,61.0,98,0,0,100
2026-05-24 14:19:13.279412,27.0,61.0,100,0,0,100
2026-05-24 14:19:14.279019,27.0,61.0,100,0,0,100
2026-05-24 14:19:15.334652,27.0,61.0,100,0,0,100
2026-05-24 14:19:16.335223,27.0,61.0,100,0,0,100
2026-05-24 14:19:17.400826,27.0,61.0,100,0,0,100
2026-05-24 14:19:18.390941,27.0,61.0,100,0,0,100
2026-05-24 14:19:19.484568,27.0,61.0,100,0,0,100
2026-05-24 14:19:20.485048,27.0,61.0,100,0,0,100
2026-05-24 14:19:21.546249,27.0,61.0,100,0,0,100
2026-05-24 14:19:22.549863,27.0,61.0,100,0,0,100
2026-05-24 14:19:23.574143,27.0,61.0,100,0,0,100
2026-05-24 14:19:24.575812,27.0,61.0,100,0,0,100
2026-05-24 14:19:25.659546,27.0,61.0,100,0,0,100
2026-05-24 14:19:26.658581,27.0,61.0,100,0,0,100
2026-05-24 14:19:27.716357,27.0,61.0,100,0,0,100
2026-05-24 14:19:28.716622,27.0,61.0,100,0,0,100
2026-05-24 14:19:29.781600,27.0,61.0,100,0,0,100
2026-05-24 14:19:30.773553,27.0,61.0,100,0,0,100
2026-05-24 14:19:31.867391,27.0,61.0,100,0,0,100
2026-05-24 14:19:32.867836,27.0,61.0,100,0,0,100
2026-05-24 14:19:33.926100,27.0,61.0,99,0,0,100
2026-05-24 14:19:34.932390,27.0,61.0,100,0,0,100
2026-05-24 14:19:35.987120,27.0,61.0,99,0,0,100
2026-05-24 14:19:36.987156,27.0,61.0,100,0,0,100
2026-05-24 14:19:37.987528,27.0,61.0,99,0,0,100
2026-05-24 14:19:38.987402,27.0,61.0,100,0,0,100
2026-05-24 14:19:39.987538,27.0,61.0,100,0,0,100
2026-05-24 14:19:41.056827,27.0,61.0,100,0,0,100
2026-05-24 14:19:42.046120,27.0,61.0,100,0,0,100
2026-05-24 14:19:43.135218,27.0,61.0,100,0,0,100
2026-05-24 14:19:44.135014,27.0,61.0,100,0,0,100
2026-05-24 14:19:45.192725,27.0,61.0,100,0,0,100
2026-05-24 14:19:46.203135,27.0,61.0,100,0,0,100
2026-05-24 14:19:47.250172,27.0,61.0,100,0,0,100
2026-05-24 14:19:48.246005,27.0,61.0,99,0,0,100
2026-05-24 14:19:49.303330,27.0,61.0,100,0,0,100
2026-05-24 14:19:50.303064,27.0,61.0,100,0,0,100
2026-05-24 14:19:51.366886,27.0,61.0,100,0,0,100
2026-05-24 14:19:52.358494,27.0,61.0,100,0,0,100
2026-05-24 14:19:53.451433,27.0,61.0,100,0,0,100
2026-05-24 14:19:54.449598,27.0,61.0,100,0,0,100
2026-05-24 14:19:55.506787,27.0,61.0,100,0,0,100
2026-05-24 14:19:56.515505,27.0,61.0,100,0,0,100
2026-05-24 14:19:57.566060,27.0,61.0,100,0,0,100
2026-05-24 14:19:58.561950,27.0,61.0,100,0,0,100
2026-05-24 14:19:59.626428,27.0,61.0,100,0,0,100
2026-05-24 14:20:00.629770,27.0,61.0,100,0,0,100
2026-05-24 14:20:01.692172,27.0,61.0,100,0,0,100
2026-05-24 14:20:02.687371,27.0,61.0,100,0,0,100
2026-05-24 14:20:03.763765,27.0,61.0,100,0,0,100
2026-05-24 14:20:04.763554,27.0,61.0,100,0,0,100
2026-05-24 14:20:05.818082,27.0,61.0,100,0,0,100
2026-05-24 14:20:06.827171,27.0,61.0,100,0,0,100
2026-05-24 14:20:07.822343,27.0,61.0,100,0,0,100
2026-05-24 14:20:08.818643,27.0,61.0,100,0,0,100
2026-05-24 14:20:09.882056,27.0,61.0,100,0,0,100
2026-05-24 14:20:10.880310,27.0,61.0,100,0,0,100
2026-05-24 14:20:11.957010,27.0,61.0,100,0,0,100
2026-05-24 14:20:12.940184,27.0,61.0,99,0,0,100
2026-05-24 14:20:14.052703,27.0,61.0,99,0,0,100
2026-05-24 14:20:15.052959,27.0,61.0,99,0,0,100
2026-05-24 14:20:16.106903,27.0,61.0,100,0,0,100
2026-05-24 14:20:17.119176,27.0,61.0,100,0,0,100
2026-05-24 14:20:18.162960,27.0,61.0,100,0,0,100
2026-05-24 14:20:19.162047,27.0,61.0,100,0,0,100
2026-05-24 14:20:20.217975,27.0,61.0,100,0,0,100
2026-05-24 14:20:21.218332,27.0,61.0,100,0,0,100
2026-05-24 14:20:22.289708,27.0,61.0,100,0,0,100
2026-05-24 14:20:23.274867,27.0,61.0,99,0,0,100
2026-05-24 14:20:24.327165,27.0,61.0,100,0,0,100
2026-05-24 14:20:25.326819,27.0,61.0,100,0,0,100
2026-05-24 14:20:26.379197,27.0,61.0,100,0,0,100
2026-05-24 14:20:27.388034,27.0,61.0,100,0,0,100
2026-05-24 14:20:28.436180,27.0,61.0,99,0,0,100
2026-05-24 14:20:29.438120,27.0,61.0,100,0,0,100
2026-05-24 14:20:30.489489,27.0,61.0,100,0,0,100
2026-05-24 14:20:31.490336,27.0,61.0,99,0,0,100
2026-05-24 14:20:32.556000,27.0,61.0,100,0,0,100
2026-05-24 14:20:33.546342,27.0,61.0,100,0,0,100
2026-05-24 14:20:34.649455,27.0,60.0,100,0,0,100
2026-05-24 14:20:35.648503,27.0,61.0,100,0,0,100
2026-05-24 14:20:36.703159,27.0,61.0,100,0,0,100
2026-05-24 14:20:37.711649,27.0,61.0,100,0,0,100
2026-05-24 14:20:38.757804,27.0,61.0,100,0,0,100
2026-05-24 14:20:39.759487,27.0,61.0,100,0,0,100
2026-05-24 14:20:40.812350,27.0,61.0,100,0,0,100
2026-05-24 14:20:41.811755,27.0,61.0,100,0,0,100
2026-05-24 14:20:42.872656,27.0,61.0,100,0,0,100
2026-05-24 14:20:43.864832,27.0,61.0,100,0,0,100
2026-05-24 14:20:44.950225,27.0,60.0,100,0,0,100
2026-05-24 14:20:45.952556,27.0,61.0,100,0,0,100
2026-05-24 14:20:47.011012,27.0,61.0,100,0,0,100
2026-05-24 14:20:48.018898,27.0,61.0,100,0,0,100
2026-05-24 14:20:49.073792,27.0,61.0,100,0,0,100
2026-05-24 14:20:50.065894,27.0,61.0,100,0,0,100
2026-05-24 14:20:51.147110,27.0,61.0,100,0,0,100
2026-05-24 14:20:52.148003,27.0,60.0,100,0,0,100
2026-05-24 14:20:53.204582,27.0,60.0,100,0,0,100
2026-05-24 14:20:54.211020,27.0,61.0,99,0,0,100
2026-05-24 14:20:55.258299,27.0,61.0,100,0,0,100
2026-05-24 14:20:56.258802,27.0,61.0,100,0,0,100
2026-05-24 14:20:57.313346,27.0,61.0,100,0,0,100
2026-05-24 14:20:58.316970,27.0,61.0,98,0,0,100
2026-05-24 14:20:59.378075,27.0,61.0,100,0,0,100
2026-05-24 14:21:00.376742,27.0,60.0,100,0,0,100
2026-05-24 14:21:01.464410,27.0,61.0,100,0,0,100
2026-05-24 14:21:02.465767,27.0,61.0,100,0,0,100
2026-05-24 14:21:03.524173,27.0,61.0,100,0,0,100
2026-05-24 14:21:04.523609,27.0,61.0,100,0,0,100
2026-05-24 14:21:05.584225,27.0,61.0,100,0,0,100
2026-05-24 14:21:06.576233,27.0,61.0,100,0,0,100
2026-05-24 14:21:07.670033,27.0,61.0,100,0,0,100
2026-05-24 14:21:08.668449,27.0,61.0,100,0,0,100
2026-05-24 14:21:09.729334,27.0,61.0,100,0,0,100
2026-05-24 14:21:10.739200,27.0,61.0,100,0,0,100
2026-05-24 14:21:11.788858,27.0,61.0,100,0,0,100
2026-05-24 14:21:12.786394,27.0,61.0,100,0,0,100
2026-05-24 14:21:13.848608,27.0,61.0,100,0,0,100
2026-05-24 14:21:14.848834,27.0,61.0,99,0,0,100
2026-05-24 14:21:15.921654,27.0,61.0,100,0,0,100
2026-05-24 14:21:16.920152,27.0,61.0,100,0,0,100
2026-05-24 14:21:19.008337,27.0,61.0,100,0,0,100
2026-05-24 14:21:20.042574,27.0,61.0,100,0,0,100
2026-05-24 14:21:21.042243,27.0,61.0,100,0,0,100
2026-05-24 14:21:22.054703,27.0,61.0,100,0,0,100
2026-05-24 14:21:23.044037,27.0,61.0,100,0,0,100
2026-05-24 14:21:24.141321,27.0,61.0,100,0,0,100
2026-05-24 14:21:25.142965,27.0,61.0,100,0,0,100
2026-05-24 14:21:26.196209,27.0,61.0,100,0,0,100
2026-05-24 14:21:27.204747,27.0,61.0,100,0,0,100
2026-05-24 14:21:28.247785,27.0,61.0,99,0,0,100
2026-05-24 14:21:29.247466,27.0,61.0,100,0,0,100
2026-05-24 14:21:30.300955,27.0,61.0,99,0,0,100
2026-05-24 14:21:31.300619,27.0,61.0,100,0,0,100
2026-05-24 14:21:32.365942,27.0,61.0,100,0,0,100
2026-05-24 14:21:33.363361,27.0,61.0,100,0,0,100
2026-05-24 14:21:34.441132,27.0,61.0,100,0,0,100
2026-05-24 14:21:35.440609,27.0,61.0,100,0,0,100
2026-05-24 14:21:36.492319,27.0,61.0,100,0,0,100
2026-05-24 14:21:37.492319,27.0,61.0,100,0,0,100
2026-05-24 14:21:38.557607,27.0,61.0,100,0,0,100
2026-05-24 14:21:39.550255,27.0,61.0,100,0,0,100
2026-05-24 14:21:40.645812,27.0,61.0,100,0,0,100
2026-05-24 14:21:41.646310,27.0,61.0,100,0,0,100
2026-05-24 14:21:42.701695,27.0,61.0,100,0,0,100
2026-05-24 14:21:43.711316,27.0,61.0,100,0,0,100
2026-05-24 14:21:44.758607,27.0,61.0,100,0,0,100
2026-05-24 14:21:45.757798,27.0,61.0,99,0,0,100
2026-05-24 14:21:46.810303,27.0,61.0,100,0,0,100
2026-05-24 14:21:47.810941,27.0,61.0,100,0,0,100
2026-05-24 14:21:48.875969,27.0,61.0,99,0,0,100
2026-05-24 14:21:49.866064,27.0,61.0,100,0,0,100
2026-05-24 14:21:50.956722,27.0,61.0,100,0,0,100
2026-05-24 14:21:51.957035,27.0,61.0,99,0,0,100
2026-05-24 14:21:53.011967,27.0,61.0,100,0,0,100
2026-05-24 14:21:54.022991,27.0,61.0,99,0,0,100
2026-05-24 14:21:55.075744,27.0,61.0,100,0,0,100
2026-05-24 14:21:56.065956,27.0,61.0,100,0,0,100
2026-05-24 14:21:57.157705,27.0,61.0,100,0,0,100
2026-05-24 14:21:58.157927,27.0,61.0,100,0,0,100
2026-05-24 14:21:59.219551,27.0,61.0,100,0,0,100
2026-05-24 14:22:00.226275,27.0,61.0,100,0,0,100
2026-05-24 14:22:01.272249,27.0,61.0,100,0,0,100
2026-05-24 14:22:02.272620,27.0,61.0,100,0,0,100
2026-05-24 14:22:03.325063,27.0,61.0,100,0,0,100
2026-05-24 14:22:04.325628,27.0,61.0,100,0,0,100
2026-05-24 14:22:05.386332,27.0,61.0,100,0,0,100
2026-05-24 14:22:06.377166,27.0,61.0,100,0,0,100
2026-05-24 14:22:07.467629,27.0,61.0,100,0,0,100
2026-05-24 14:22:08.467707,27.0,61.0,100,0,0,100
2026-05-24 14:22:09.517500,27.0,61.0,100,0,0,100
2026-05-24 14:22:10.528880,27.0,61.0,99,0,0,100
2026-05-24 14:22:11.570666,27.0,61.0,100,0,0,100
2026-05-24 14:22:12.572346,27.0,61.0,100,0,0,100
2026-05-24 14:22:13.628304,27.0,61.0,100,0,0,100
2026-05-24 14:22:14.626721,27.0,61.0,99,0,0,100
2026-05-24 14:22:15.698482,27.0,61.0,100,0,0,100
2026-05-24 14:22:16.685665,27.0,61.0,100,0,0,100
2026-05-24 14:22:17.786074,27.0,61.0,100,0,0,100
2026-05-24 14:22:18.786580,27.0,61.0,100,0,0,100
2026-05-24 14:22:19.845939,27.0,61.0,100,0,0,100
2026-05-24 14:22:20.859781,27.0,61.0,100,0,0,100
2026-05-24 14:22:21.915054,27.0,61.0,100,0,0,100
2026-05-24 14:22:22.908160,27.0,61.0,100,0,0,100
2026-05-24 14:22:24.004055,27.0,61.0,100,0,0,100
2026-05-24 14:22:25.002653,27.0,61.0,100,0,0,100
2026-05-24 14:22:26.061827,27.0,61.0,100,0,0,100
2026-05-24 14:22:27.066718,27.0,61.0,100,0,0,100
2026-05-24 14:22:28.123003,27.0,61.0,100,0,0,100
2026-05-24 14:22:29.122660,27.0,61.0,100,0,0,100
2026-05-24 14:22:30.178049,27.0,61.0,100,0,0,100
2026-05-24 14:22:31.175602,27.0,61.0,100,0,0,100
2026-05-24 14:22:32.247122,27.0,61.0,100,0,0,100
2026-05-24 14:22:33.234798,27.0,61.0,100,0,0,100
2026-05-24 14:22:34.339122,27.0,61.0,100,0,0,100
2026-05-24 14:22:35.340185,27.0,61.0,100,0,0,100
2026-05-24 14:22:36.394025,27.0,61.0,99,0,0,100
2026-05-24 14:22:37.405441,27.0,61.0,100,0,0,100
2026-05-24 14:22:38.446757,27.0,61.0,100,0,0,100
2026-05-24 14:22:39.446901,27.0,61.0,99,0,0,100
2026-05-24 14:22:40.500892,27.0,61.0,100,0,0,100
2026-05-24 14:22:41.500242,27.0,61.0,100,0,0,100
2026-05-24 14:22:42.566253,27.0,61.0,100,0,0,100
2026-05-24 14:22:43.556032,27.0,61.0,100,0,0,100
2026-05-24 14:22:44.662913,27.0,61.0,100,0,0,100
2026-05-24 14:22:45.661102,27.0,61.0,100,0,0,100
2026-05-24 14:22:46.719511,27.0,61.0,100,0,0,100
2026-05-24 14:22:47.727783,27.0,61.0,100,0,0,100
2026-05-24 14:22:48.772441,27.0,61.0,100,0,0,100
2026-05-24 14:22:49.773226,27.0,61.0,100,0,0,100
2026-05-24 14:22:50.824903,27.0,61.0,100,0,0,100
2026-05-24 14:22:51.825772,27.0,61.0,100,0,0,100
2026-05-24 14:22:52.891520,27.0,61.0,100,0,0,100
2026-05-24 14:22:53.883690,27.0,61.0,100,0,0,100
2026-05-24 14:22:54.982607,27.0,61.0,100,0,0,100
2026-05-24 14:22:55.981433,27.0,61.0,100,0,0,100
2026-05-24 14:22:57.034266,27.0,61.0,100,0,0,100
2026-05-24 14:22:58.043259,27.0,61.0,100,0,0,100
2026-05-24 14:22:59.088666,27.0,61.0,100,0,0,100
2026-05-24 14:23:00.090723,27.0,61.0,100,0,0,100
2026-05-24 14:23:01.144250,27.0,61.0,99,0,0,100
2026-05-24 14:23:02.142188,27.0,61.0,100,0,0,100
2026-05-24 14:23:03.206003,27.0,61.0,100,0,0,100
2026-05-24 14:23:04.198053,27.0,61.0,99,0,0,100
2026-05-24 14:23:05.297544,27.0,61.0,100,0,0,100
2026-05-24 14:23:06.295798,27.0,61.0,100,0,0,100
2026-05-24 14:23:07.355407,27.0,61.0,100,0,0,100
2026-05-24 14:23:08.366714,27.0,61.0,99,0,0,100
2026-05-24 14:23:09.410979,27.0,61.0,100,0,0,100
2026-05-24 14:23:10.410971,27.0,61.0,100,0,0,100
2026-05-24 14:23:11.469938,27.0,61.0,100,0,0,100
2026-05-24 14:23:12.469413,27.0,61.0,100,0,0,100
2026-05-24 14:23:13.471849,27.0,61.0,100,0,0,100
2026-05-24 14:23:14.480810,27.0,61.0,99,0,0,100
2026-05-24 14:23:15.558597,27.0,61.0,100,0,0,100
2026-05-24 14:23:16.549718,27.0,61.0,100,0,0,100
2026-05-24 14:23:17.644392,27.0,61.0,100,0,0,100
2026-05-24 14:23:18.645966,27.0,61.0,99,0,0,100
2026-05-24 14:23:19.720588,27.0,61.0,100,0,0,100
2026-05-24 14:23:20.711089,27.0,61.0,99,0,0,100
2026-05-24 14:23:21.747013,27.0,61.0,99,0,0,100
2026-05-24 14:23:22.747609,27.0,61.0,100,0,0,100
2026-05-24 14:23:23.887850,27.0,61.0,100,0,0,100
2026-05-24 14:23:24.831021,27.0,61.0,100,0,0,100
2026-05-24 14:23:25.851051,27.0,61.0,100,0,0,100
2026-05-24 14:23:26.850622,27.0,61.0,100,0,0,100
2026-05-24 14:23:27.919165,27.0,61.0,100,0,0,100
2026-05-24 14:23:28.909644,27.0,61.0,100,0,0,100
2026-05-24 14:23:30.007671,27.0,61.0,100,0,0,100
2026-05-24 14:23:31.010103,27.0,61.0,99,0,0,100
2026-05-24 14:23:32.065973,27.0,61.0,100,0,0,100
2026-05-24 14:23:33.076207,27.0,61.0,99,0,0,100
2026-05-24 14:23:34.117771,27.0,61.0,100,0,0,100
2026-05-24 14:23:35.116898,27.0,61.0,100,0,0,100
2026-05-24 14:23:36.172675,27.0,61.0,100,0,0,100
2026-05-24 14:23:37.173834,27.0,61.0,100,0,0,100
2026-05-24 14:23:38.239577,27.0,61.0,100,0,0,100
2026-05-24 14:23:39.226354,27.0,61.0,100,0,0,100
2026-05-24 14:23:40.334008,27.0,61.0,100,0,0,100
2026-05-24 14:23:41.332595,27.0,61.0,100,0,0,100
2026-05-24 14:23:42.389606,27.0,61.0,100,0,0,100
2026-05-24 14:23:43.398303,27.0,61.0,100,0,0,100
2026-05-24 14:23:44.443867,27.0,61.0,100,0,0,100
2026-05-24 14:23:45.445356,27.0,61.0,100,0,0,100
2026-05-24 14:23:46.497411,27.0,61.0,100,0,0,100
2026-05-24 14:23:47.495732,27.0,61.0,100,0,0,100
2026-05-24 14:23:48.561444,27.0,61.0,100,0,0,100
2026-05-24 14:23:49.551816,27.0,61.0,100,0,0,100
2026-05-24 14:23:50.656817,27.0,61.0,100,0,0,100
2026-05-24 14:23:51.656409,27.0,61.0,100,0,0,100
2026-05-24 14:23:52.714003,27.0,61.0,100,0,0,100
2026-05-24 14:23:53.724412,27.0,61.0,100,0,0,100
2026-05-24 14:23:54.773460,27.0,61.0,100,0,0,100
2026-05-24 14:23:55.772995,27.0,61.0,99,0,0,100
2026-05-24 14:23:56.827317,27.0,61.0,100,0,0,100
2026-05-24 14:23:57.827184,27.0,61.0,100,0,0,100
2026-05-24 14:23:58.890574,27.0,61.0,100,0,0,100
2026-05-24 14:23:59.881838,27.0,61.0,100,0,0,100
2026-05-24 14:24:00.972630,27.0,61.0,100,0,0,100
2026-05-24 14:24:01.973126,27.0,61.0,99,0,0,100
2026-05-24 14:24:03.037934,27.0,61.0,100,0,0,100
2026-05-24 14:24:04.038154,27.0,61.0,100,0,0,100
2026-05-24 14:24:05.130884,27.0,61.0,100,0,0,100
2026-05-24 14:24:06.122100,27.0,61.0,100,0,0,100
2026-05-24 14:24:07.226063,27.0,61.0,100,0,0,100
2026-05-24 14:24:08.222696,27.0,61.0,99,0,0,100
2026-05-24 14:24:09.277765,27.0,61.0,100,0,0,100
2026-05-24 14:24:11.342692,27.0,61.0,100,0,0,100
2026-05-24 14:24:12.332952,27.0,61.0,100,0,0,100
2026-05-24 14:24:13.422165,27.0,61.0,100,0,0,100
2026-05-24 14:24:14.422751,27.0,61.0,100,0,0,100
2026-05-24 14:24:15.476016,27.0,61.0,100,0,0,100
2026-05-24 14:24:16.482933,27.0,61.0,99,0,0,100
2026-05-24 14:24:17.534227,27.0,61.0,100,0,0,100
2026-05-24 14:24:18.533226,27.0,61.0,100,0,0,100
2026-05-24 14:24:19.590513,27.0,61.0,100,0,0,100
2026-05-24 14:24:20.590389,27.0,61.0,100,0,0,100
2026-05-24 14:24:21.661940,27.0,61.0,100,0,0,100
2026-05-24 14:24:22.650617,27.0,61.0,100,0,0,100
2026-05-24 14:24:23.734817,27.0,61.0,100,0,0,100
2026-05-24 14:24:24.738068,27.0,61.0,100,0,0,100
2026-05-24 14:24:25.788676,27.0,61.0,100,0,0,100
2026-05-24 14:24:26.798218,27.0,61.0,100,0,0,100
2026-05-24 14:24:27.844595,27.0,61.0,100,0,0,100
2026-05-24 14:24:28.849464,27.0,61.0,100,0,0,100
2026-05-24 14:24:29.907871,27.0,61.0,100,0,0,100
2026-05-24 14:24:30.905942,27.0,61.0,100,0,0,100
2026-05-24 14:24:31.975751,27.0,61.0,100,0,0,100
2026-05-24 14:24:32.964718,27.0,61.0,100,0,0,100
2026-05-24 14:24:34.062655,27.0,61.0,100,0,0,100
2026-05-24 14:24:35.063302,27.0,61.0,99,0,0,100
2026-05-24 14:24:36.115723,27.0,61.0,100,0,0,100
2026-05-24 14:24:37.124914,27.0,61.0,100,0,0,100
2026-05-24 14:24:38.175155,27.0,61.0,100,0,0,100
2026-05-24 14:24:39.172918,27.0,63.0,100,0,0,100
2026-05-24 14:24:40.242450,27.0,63.0,100,0,0,100
2026-05-24 14:24:41.240527,27.0,63.0,99,0,0,100
2026-05-24 14:24:42.305982,27.0,63.0,100,0,0,100
2026-05-24 14:24:43.298125,27.0,63.0,100,0,0,100
2026-05-24 14:24:44.397866,27.0,63.0,100,0,0,100
2026-05-24 14:24:45.397042,27.0,63.0,99,0,0,100
2026-05-24 14:24:46.451614,27.0,63.0,99,0,0,100
2026-05-24 14:24:47.463373,27.0,63.0,100,0,0,100
2026-05-24 14:24:48.520624,27.0,63.0,100,0,0,100
2026-05-24 14:24:49.512754,27.0,63.0,100,0,0,100
2026-05-24 14:24:50.602305,27.0,64.0,100,0,0,100
2026-05-24 14:24:51.601955,27.0,64.0,100,0,0,100
2026-05-24 14:24:52.655171,27.0,64.0,100,0,0,100
2026-05-24 14:24:53.664141,27.0,64.0,100,0,0,100
2026-05-24 14:24:54.709171,27.0,64.0,100,0,0,100
2026-05-24 14:24:55.707865,27.0,64.0,99,0,0,100
2026-05-24 14:24:56.761099,27.0,64.0,100,0,0,100
2026-05-24 14:24:57.760653,27.0,64.0,100,0,0,100
2026-05-24 14:24:58.821931,27.0,64.0,100,0,0,100
2026-05-24 14:24:59.814214,27.0,64.0,100,0,0,100
2026-05-24 14:25:00.906126,27.0,64.0,100,0,0,100
2026-05-24 14:25:01.905139,27.0,64.0,100,0,0,100
2026-05-24 14:25:02.960569,27.0,64.0,100,0,0,100
2026-05-24 14:25:03.968489,27.0,64.0,100,0,0,100
2026-05-24 14:25:05.016459,27.0,64.0,100,0,0,100
2026-05-24 14:25:06.018293,27.0,64.0,99,0,0,100
2026-05-24 14:25:07.071038,27.0,64.0,100,0,0,100
2026-05-24 14:25:08.070439,27.0,64.0,100,0,0,100
2026-05-24 14:25:09.130183,27.0,64.0,100,0,0,100
2026-05-24 14:25:10.122027,27.0,64.0,100,0,0,100
2026-05-24 14:25:11.212730,27.0,64.0,100,0,0,100
2026-05-24 14:25:12.213924,27.0,64.0,99,0,0,100
2026-05-24 14:25:13.272487,27.0,64.0,100,0,0,100
2026-05-24 14:25:14.281579,27.0,64.0,100,0,0,100
2026-05-24 14:25:15.326021,27.0,64.0,100,0,0,100
2026-05-24 14:25:16.326524,27.0,63.0,100,0,0,100
2026-05-24 14:25:17.388308,27.0,63.0,100,0,0,100
2026-05-24 14:25:18.387336,27.0,63.0,100,0,0,100
2026-05-24 14:25:19.450208,27.0,63.0,100,0,0,100
2026-05-24 14:25:20.441808,27.0,63.0,100,0,0,100
2026-05-24 14:25:21.534899,27.0,63.0,100,0,0,100
2026-05-24 14:25:22.534139,27.0,63.0,100,0,0,100
2026-05-24 14:25:23.590108,27.0,63.0,100,0,0,100
2026-05-24 14:25:24.598525,27.0,63.0,100,0,0,100
2026-05-24 14:25:25.646281,27.0,63.0,100,0,0,100
2026-05-24 14:25:26.647205,27.0,63.0,99,0,0,100
2026-05-24 14:25:27.709433,27.0,63.0,100,0,0,100
2026-05-24 14:25:28.714152,27.0,61.0,100,0,0,100
2026-05-24 14:25:29.778943,27.0,61.0,100,0,0,100
2026-05-24 14:25:30.765759,27.0,61.0,100,0,0,100
2026-05-24 14:25:31.870085,27.0,61.0,100,0,0,100
2026-05-24 14:25:32.875270,27.0,61.0,100,0,0,100
2026-05-24 14:25:33.930804,27.0,61.0,100,0,0,100
2026-05-24 14:25:34.936287,27.0,61.0,100,0,0,100
2026-05-24 14:25:35.995715,27.0,61.0,100,0,0,100
2026-05-24 14:25:36.986530,27.0,61.0,100,0,0,100
2026-05-24 14:25:38.083488,27.0,61.0,100,0,0,100
2026-05-24 14:25:39.083836,27.0,61.0,100,0,0,100
2026-05-24 14:25:40.136791,27.0,63.0,100,0,0,100
2026-05-24 14:25:41.147007,27.0,63.0,100,0,0,100
2026-05-24 14:25:42.194123,27.0,63.0,100,0,0,100
2026-05-24 14:25:43.298685,27.0,63.0,100,0,0,100
2026-05-24 14:25:44.299156,27.0,63.0,100,0,0,100
2026-05-24 14:25:45.299124,27.0,63.0,100,0,0,100
2026-05-24 14:25:46.362254,27.0,63.0,99,0,0,100
2026-05-24 14:25:47.352312,27.0,63.0,100,0,0,100
2026-05-24 14:25:48.444343,27.0,63.0,100,0,0,100
2026-05-24 14:25:49.445928,27.0,63.0,100,0,0,100
2026-05-24 14:25:50.496009,27.0,63.0,100,0,0,100
2026-05-24 14:25:51.504304,27.0,63.0,99,0,0,100
2026-05-24 14:25:52.550922,27.0,63.0,100,0,0,100
2026-05-24 14:25:53.552357,27.0,63.0,99,0,0,100
2026-05-24 14:25:54.606325,27.0,63.0,100,0,0,100
2026-05-24 14:25:55.606276,27.0,63.0,100,0,0,100
2026-05-24 14:25:56.676280,27.0,63.0,100,0,0,100
2026-05-24 14:25:57.665080,27.0,63.0,99,0,0,100
2026-05-24 14:25:58.754826,27.0,63.0,100,0,0,100
2026-05-24 14:25:59.755670,27.0,63.0,100,0,0,100
2026-05-24 14:26:00.809001,27.0,63.0,100,0,0,100
2026-05-24 14:26:01.818151,27.0,63.0,100,0,0,100
2026-05-24 14:26:02.863923,27.0,63.0,100,0,0,100
2026-05-24 14:26:03.863272,27.0,63.0,99,0,0,100
2026-05-24 14:26:04.914816,27.0,63.0,100,0,0,100
2026-05-24 14:26:05.915445,27.0,63.0,100,0,0,100
2026-05-24 14:26:06.976999,27.0,63.0,100,0,0,100
2026-05-24 14:26:07.970700,27.0,63.0,100,0,0,100
2026-05-24 14:26:09.060529,27.0,63.0,100,0,0,100
2026-05-24 14:26:10.060979,27.0,63.0,100,0,0,100
2026-05-24 14:26:11.116966,27.0,63.0,99,0,0,100
2026-05-24 14:26:12.120665,27.0,63.0,100,0,0,100
2026-05-24 14:26:13.176355,27.0,63.0,100,0,0,100
2026-05-24 14:26:14.176233,27.0,63.0,100,0,0,100
2026-05-24 14:26:15.230214,27.0,64.0,100,0,0,100
2026-05-24 14:26:16.230914,27.0,64.0,100,0,0,100
2026-05-24 14:26:17.292130,27.0,64.0,100,0,0,100
2026-05-24 14:26:18.295614,27.0,64.0,100,0,0,100
2026-05-24 14:26:19.382108,27.0,64.0,100,0,0,100
2026-05-24 14:26:20.382894,27.0,64.0,100,0,0,100
2026-05-24 14:26:21.440765,27.0,64.0,100,0,0,100
2026-05-24 14:26:22.441704,27.0,64.0,100,0,0,100
2026-05-24 14:26:23.506257,27.0,64.0,100,0,0,100
2026-05-24 14:26:24.590189,27.0,64.0,99,0,0,100
2026-05-24 14:26:25.599286,27.0,64.0,100,0,0,100
2026-05-24 14:26:26.599214,27.0,64.0,100,0,0,100
2026-05-24 14:26:27.658042,27.0,64.0,100,0,0,100
2026-05-24 14:26:28.669044,27.0,64.0,100,0,0,100
2026-05-24 14:26:29.730022,27.0,64.0,100,0,0,100
2026-05-24 14:26:30.719457,27.0,64.0,99,0,0,100
2026-05-24 14:26:31.825474,27.0,64.0,100,0,0,100
2026-05-24 14:26:32.828383,27.0,64.0,100,0,0,100
2026-05-24 14:26:33.879602,27.0,64.0,100,0,0,100
2026-05-24 14:26:34.887494,27.0,64.0,100,0,0,100
2026-05-24 14:26:35.936177,27.0,64.0,100,0,0,100
2026-05-24 14:26:36.940506,27.0,64.0,100,0,0,100
2026-05-24 14:26:38.002052,27.0,64.0,100,0,0,100
2026-05-24 14:26:38.993588,27.0,64.0,99,0,0,100
2026-05-24 14:26:40.072820,27.0,64.0,100,0,0,100
2026-05-24 14:26:41.062367,27.0,64.0,99,0,0,100
2026-05-24 14:26:42.154178,27.0,64.0,100,0,0,100
2026-05-24 14:26:43.155943,27.0,64.0,100,0,0,100
2026-05-24 14:26:44.213782,27.0,64.0,100,0,0,100
2026-05-24 14:26:45.222260,27.0,64.0,100,0,0,100
2026-05-24 14:26:46.269540,27.0,64.0,100,0,0,100
2026-05-24 14:26:47.268443,27.0,64.0,99,0,0,100
2026-05-24 14:26:48.334183,27.0,64.0,100,0,0,100
2026-05-24 14:26:49.332567,27.0,64.0,100,0,0,100
2026-05-24 14:26:50.394433,27.0,64.0,100,0,0,100
2026-05-24 14:26:51.386399,27.0,64.0,100,0,0,100
2026-05-24 14:26:52.470380,27.0,64.0,100,0,0,100
2026-05-24 14:26:53.470599,27.0,64.0,99,0,0,100
2026-05-24 14:26:54.524095,27.0,64.0,100,0,0,100
2026-05-24 14:26:55.532761,27.0,64.0,100,0,0,100
2026-05-24 14:26:56.576913,27.0,64.0,100,0,0,100
2026-05-24 14:26:57.576545,27.0,64.0,100,0,0,100
2026-05-24 14:26:58.630034,27.0,64.0,100,0,0,100
2026-05-24 14:26:59.630035,27.0,64.0,99,0,0,100
2026-05-24 14:27:00.693391,27.0,64.0,100,0,0,100
2026-05-24 14:27:01.683393,27.0,64.0,99,0,0,100
2026-05-24 14:27:02.775592,27.0,64.0,100,0,0,100
2026-05-24 14:27:03.774063,27.0,64.0,100,0,0,100
2026-05-24 14:27:04.828551,27.0,64.0,100,0,0,100
2026-05-24 14:27:05.836502,27.0,64.0,100,0,0,100
2026-05-24 14:27:06.887120,27.0,64.0,100,0,0,100
2026-05-24 14:27:07.887540,27.0,64.0,100,0,0,100
2026-05-24 14:27:08.939820,27.0,64.0,100,0,0,100
2026-05-24 14:27:09.938691,27.0,64.0,100,0,0,100
2026-05-24 14:27:10.998973,27.0,64.0,100,0,0,100
2026-05-24 14:27:11.989798,27.0,64.0,100,0,0,100
2026-05-24 14:27:13.088720,27.0,64.0,100,0,0,100
2026-05-24 14:27:14.088660,27.0,64.0,100,0,0,100
2026-05-24 14:27:15.138631,27.0,64.0,100,0,0,100
2026-05-24 14:27:16.147662,27.0,64.0,100,0,0,100
2026-05-24 14:27:17.210073,27.0,64.0,100,0,0,100
2026-05-24 14:27:18.198418,27.0,64.0,100,0,0,100
2026-05-24 14:27:19.293635,27.0,64.0,100,0,0,100
2026-05-24 14:27:20.293962,27.0,64.0,100,0,0,100
2026-05-24 14:27:21.346903,27.0,64.0,100,0,0,100
2026-05-24 14:27:22.356146,27.0,64.0,100,0,0,100
2026-05-24 14:27:23.406509,27.0,64.0,100,0,0,100
2026-05-24 14:27:24.402139,27.0,64.0,99,0,0,100
2026-05-24 14:27:25.466246,27.0,64.0,100,0,0,100
2026-05-24 14:27:26.464678,27.0,64.0,99,0,0,100
2026-05-24 14:27:27.499908,27.0,64.0,100,0,0,100
2026-05-24 14:27:28.491120,27.0,64.0,99,0,0,100
2026-05-24 14:27:29.573987,27.0,64.0,100,0,0,100
2026-05-24 14:27:30.574466,27.0,64.0,100,0,0,100
2026-05-24 14:27:31.634873,27.0,64.0,100,0,0,100
2026-05-24 14:27:32.644095,27.0,64.0,100,0,0,100
2026-05-24 14:27:33.692539,27.0,64.0,100,0,0,100
2026-05-24 14:27:34.691761,27.0,64.0,99,0,0,100
2026-05-24 14:27:35.745591,27.0,64.0,100,0,0,100
2026-05-24 14:27:36.765849,27.0,64.0,100,0,0,100
2026-05-24 14:27:37.813655,27.0,64.0,100,0,0,100
2026-05-24 14:27:38.801599,27.0,64.0,100,0,0,100
2026-05-24 14:27:39.892980,27.0,64.0,99,0,0,100
2026-05-24 14:27:40.938491,27.0,64.0,100,0,0,100
2026-05-24 14:27:41.899712,27.0,64.0,100,0,0,100
2026-05-24 14:27:42.896373,27.0,64.0,100,0,0,100
2026-05-24 14:27:43.971600,27.0,64.0,100,0,0,100
2026-05-24 14:27:44.964092,27.0,64.0,100,0,0,100
2026-05-24 14:27:46.056381,27.0,64.0,100,0,0,100
2026-05-24 14:27:47.056980,27.0,64.0,100,0,0,100
2026-05-24 14:27:48.111490,27.0,64.0,100,0,0,100
2026-05-24 14:27:49.123603,27.0,64.0,99,0,0,100
2026-05-24 14:27:50.169974,27.0,64.0,100,0,0,100
2026-05-24 14:27:51.168120,27.0,64.0,100,0,0,100
2026-05-24 14:27:52.224505,27.0,64.0,99,0,0,100
2026-05-24 14:27:53.224542,27.0,64.0,99,0,0,100
2026-05-24 14:27:54.288068,27.0,66.0,100,0,0,100
2026-05-24 14:27:55.282671,27.0,66.0,100,0,0,100
2026-05-24 14:27:56.376761,27.0,66.0,100,0,0,100
2026-05-24 14:27:57.376672,27.0,66.0,100,0,0,100
2026-05-24 14:27:58.430069,27.0,66.0,100,0,0,100
2026-05-24 14:27:59.440998,27.0,64.0,100,0,0,100
2026-05-24 14:28:00.485816,27.0,66.0,100,0,0,100
2026-05-24 14:28:01.485339,27.0,66.0,100,0,0,100
2026-05-24 14:28:02.538429,27.0,66.0,100,0,0,100
2026-05-24 14:28:03.538704,27.0,64.0,100,0,0,100
2026-05-24 14:28:04.599881,27.0,64.0,100,0,0,100
2026-05-24 14:28:05.591793,27.0,64.0,100,0,0,100
2026-05-24 14:28:06.686200,27.0,64.0,99,0,0,100
2026-05-24 14:28:07.684829,27.0,64.0,100,0,0,100
2026-05-24 14:28:08.739667,27.0,64.0,100,0,0,100
2026-05-24 14:28:09.752474,27.0,64.0,99,0,0,100
2026-05-24 14:28:10.799249,27.0,64.0,100,0,0,100
2026-05-24 14:28:11.793091,27.0,64.0,100,0,0,100
2026-05-24 14:28:12.793331,27.0,64.0,100,0,0,100
2026-05-24 14:28:13.792697,27.0,64.0,100,0,0,100
2026-05-24 14:28:14.843928,27.0,64.0,100,0,0,100
2026-05-24 14:28:15.843736,27.0,64.0,100,0,0,100
2026-05-24 14:28:16.908609,27.0,64.0,99,0,0,100
2026-05-24 14:28:17.900512,27.0,64.0,100,0,0,100
2026-05-24 14:28:18.994900,27.0,64.0,100,0,0,100
2026-05-24 14:28:19.994096,27.0,64.0,100,0,0,100
2026-05-24 14:28:21.049766,27.0,64.0,100,0,0,100
2026-05-24 14:28:22.059579,27.0,64.0,100,0,0,100
2026-05-24 14:28:23.110497,27.0,64.0,100,0,0,100
2026-05-24 14:28:24.106628,27.0,64.0,99,0,0,100
2026-05-24 14:28:25.163700,27.0,64.0,99,0,0,100
2026-05-24 14:28:26.164782,27.0,64.0,100,0,0,100
2026-05-24 14:28:27.228911,27.0,64.0,100,0,0,100
2026-05-24 14:28:28.218384,27.0,64.0,99,0,0,100
2026-05-24 14:28:29.322314,27.0,64.0,100,0,0,100
2026-05-24 14:28:30.323656,27.0,64.0,99,0,0,100
2026-05-24 14:28:31.375733,27.0,64.0,100,0,0,100
2026-05-24 14:28:32.383679,27.0,66.0,100,0,0,100
2026-05-24 14:28:33.426987,27.0,66.0,100,0,0,100
2026-05-24 14:28:34.427256,27.0,66.0,100,0,0,100
2026-05-24 14:28:35.482085,27.0,66.0,100,0,0,100
2026-05-24 14:28:36.480391,27.0,66.0,100,0,0,100
2026-05-24 14:28:37.551287,27.0,66.0,100,0,0,100
2026-05-24 14:28:38.539504,27.0,66.0,99,0,0,100
2026-05-24 14:28:39.637444,27.0,66.0,100,0,0,100
2026-05-24 14:28:40.637490,27.0,66.0,100,0,0,100
2026-05-24 14:28:41.698382,27.0,66.0,100,0,0,100
2026-05-24 14:28:42.705735,27.0,66.0,100,0,0,100
2026-05-24 14:28:43.763837,27.0,66.0,100,0,0,100
2026-05-24 14:28:44.758456,27.0,66.0,100,0,0,100
2026-05-24 14:28:45.853020,27.0,66.0,100,0,0,100
2026-05-24 14:28:46.852983,27.0,64.0,100,0,0,100
2026-05-24 14:28:47.917953,27.0,66.0,100,0,0,100
2026-05-24 14:28:48.930293,27.0,66.0,100,0,0,100
2026-05-24 14:28:49.974965,27.0,64.0,100,0,0,100
2026-05-24 14:28:50.974597,27.0,64.0,99,0,0,100
2026-05-24 14:28:52.027335,27.0,64.0,100,0,0,100
2026-05-24 14:28:53.027944,27.0,64.0,100,0,0,100
2026-05-24 14:28:54.095628,27.0,64.0,100,0,0,100
2026-05-24 14:28:55.086034,27.0,64.0,100,0,0,100
2026-05-24 14:28:56.192238,27.0,64.0,100,0,0,100
2026-05-24 14:28:57.191679,27.0,64.0,100,0,0,100
2026-05-24 14:28:58.248408,27.0,64.0,100,0,0,100
2026-05-24 14:28:59.263155,27.0,64.0,100,0,0,100
2026-05-24 14:29:00.300750,27.0,64.0,100,0,0,100
2026-05-24 14:29:01.301685,27.0,64.0,100,0,0,100
2026-05-24 14:29:02.355862,27.0,64.0,100,0,0,100
2026-05-24 14:29:03.367256,27.0,64.0,99,0,0,100
2026-05-24 14:29:04.358708,27.0,66.0,100,0,0,100
2026-05-24 14:29:05.367410,27.0,66.0,99,0,0,100
2026-05-24 14:29:06.429813,27.0,66.0,100,0,0,100
2026-05-24 14:29:07.434505,27.0,64.0,100,0,0,100
2026-05-24 14:29:08.486638,27.0,64.0,100,0,0,100
2026-05-24 14:29:09.486399,27.0,64.0,100,0,0,100
2026-05-24 14:29:10.551114,27.0,64.0,100,0,0,100
2026-05-24 14:29:11.542745,27.0,64.0,100,0,0,100
2026-05-24 14:29:12.649398,27.0,64.0,100,0,0,100
2026-05-24 14:29:13.648816,27.0,64.0,99,0,0,100
2026-05-24 14:29:14.710482,27.0,64.0,100,0,0,100
2026-05-24 14:29:15.718890,27.0,64.0,100,0,0,100
2026-05-24 14:29:16.762423,27.0,64.0,100,0,0,100
2026-05-24 14:29:17.762813,27.0,64.0,99,0,0,100
2026-05-24 14:29:18.818542,27.0,64.0,100,0,0,100
2026-05-24 14:29:19.815211,27.0,64.0,100,0,0,100
2026-05-24 14:29:20.883689,27.0,64.0,100,0,0,100
2026-05-24 14:29:21.874158,27.0,64.0,99,0,0,100
2026-05-24 14:29:22.961995,27.0,64.0,100,0,0,100
2026-05-24 14:29:23.961947,27.0,64.0,100,0,0,100
2026-05-24 14:29:25.018127,27.0,64.0,100,0,0,100
2026-05-24 14:29:26.028295,27.0,64.0,100,0,0,100
2026-05-24 14:29:27.076337,27.0,64.0,100,0,0,100
2026-05-24 14:29:28.075414,27.0,64.0,100,0,0,100
2026-05-24 14:29:29.130136,27.0,64.0,100,0,0,100
2026-05-24 14:29:30.133431,27.0,64.0,100,0,0,100
2026-05-24 14:29:31.196833,27.0,64.0,100,0,0,100
2026-05-24 14:29:32.186128,27.0,64.0,100,0,0,100
2026-05-24 14:29:33.278113,27.0,64.0,100,0,0,100
2026-05-24 14:29:34.278454,27.0,64.0,99,0,0,100
2026-05-24 14:29:35.331994,27.0,64.0,100,0,0,100
2026-05-24 14:29:36.342257,27.0,64.0,100,0,0,100
2026-05-24 14:29:37.389158,27.0,64.0,100,0,0,100
2026-05-24 14:29:38.387487,27.0,66.0,100,0,0,100
2026-05-24 14:29:39.441864,27.0,64.0,100,0,0,100
2026-05-24 14:29:40.442222,27.0,64.0,100,0,0,100
2026-05-24 14:29:41.504176,27.0,64.0,100,0,0,100
2026-05-24 14:29:42.494255,27.0,64.0,100,0,0,100
2026-05-24 14:29:43.587621,27.0,64.0,100,0,0,100
2026-05-24 14:29:44.587655,27.0,64.0,99,0,0,100
2026-05-24 14:29:45.646679,27.0,64.0,99,0,0,100
2026-05-24 14:29:46.663424,27.0,64.0,100,0,0,100
2026-05-24 14:29:47.713748,27.0,64.0,99,0,0,100
2026-05-24 14:29:48.709592,27.0,64.0,100,0,0,100
2026-05-24 14:29:49.774942,27.0,64.0,100,0,0,100
2026-05-24 14:29:50.775795,27.0,64.0,100,0,0,100
2026-05-24 14:29:51.843538,27.0,64.0,100,0,0,100
2026-05-24 14:29:52.843958,27.0,64.0,100,0,0,100
2026-05-24 14:29:53.926002,27.0,64.0,100,0,0,100
2026-05-24 14:29:54.924803,27.0,64.0,99,0,0,100
2026-05-24 14:29:55.985934,27.0,64.0,100,0,0,100
2026-05-24 14:29:56.984832,27.0,64.0,100,0,0,100
2026-05-24 14:29:58.056554,27.0,64.0,100,0,0,100
2026-05-24 14:29:59.047128,27.0,64.0,100,0,0,100
2026-05-24 14:30:00.142064,27.0,64.0,100,0,0,100
2026-05-24 14:30:01.138755,27.0,64.0,100,0,0,100
2026-05-24 14:30:02.200652,27.0,64.0,100,0,0,100
2026-05-24 14:30:03.212179,27.0,64.0,100,0,0,100
2026-05-24 14:30:04.254005,27.0,64.0,100,0,0,100
2026-05-24 14:30:05.254227,27.0,64.0,100,0,0,100
2026-05-24 14:30:06.307543,27.0,64.0,100,0,0,100
2026-05-24 14:30:07.307116,27.0,64.0,100,0,0,100
2026-05-24 14:30:08.371800,27.0,64.0,100,0,0,100
2026-05-24 14:30:09.360469,27.0,64.0,100,0,0,100
2026-05-24 14:30:10.448593,27.0,64.0,100,0,0,100
2026-05-24 14:30:11.448355,27.0,64.0,100,0,0,100
2026-05-24 14:30:12.504670,27.0,64.0,100,0,0,100
2026-05-24 14:30:13.514671,27.0,64.0,100,0,0,100
2026-05-24 14:30:14.561601,27.0,64.0,100,0,0,100
2026-05-24 14:30:15.560057,27.0,64.0,100,0,0,100
2026-05-24 14:30:16.622828,27.0,64.0,100,0,0,100
2026-05-24 14:30:17.626140,27.0,64.0,100,0,0,100
2026-05-24 14:30:18.687467,27.0,64.0,100,0,0,100
2026-05-24 14:30:19.685682,27.0,64.0,100,0,0,100
2026-05-24 14:30:20.765790,27.0,64.0,100,0,0,100
2026-05-24 14:30:21.766289,27.0,64.0,100,0,0,100
2026-05-24 14:30:22.823626,27.0,64.0,100,0,0,100
2026-05-24 14:30:23.825611,27.0,64.0,100,0,0,100
2026-05-24 14:30:24.890969,27.0,64.0,99,0,0,100
2026-05-24 14:30:25.880318,27.0,64.0,99,0,0,100
2026-05-24 14:30:26.979861,27.0,64.0,97,0,0,100
2026-05-24 14:30:27.978414,27.0,64.0,99,0,0,100
2026-05-24 14:30:29.002026,27.0,64.0,100,0,0,100
2026-05-24 14:30:30.011118,27.0,64.0,99,0,0,100
2026-05-24 14:30:31.057108,27.0,64.0,100,0,0,100
2026-05-24 14:30:32.056454,27.0,64.0,100,0,0,100
2026-05-24 14:30:33.107768,27.0,64.0,100,0,0,100
2026-05-24 14:30:34.110037,27.0,64.0,99,0,0,100
2026-05-24 14:30:35.171721,27.0,64.0,100,0,0,100
2026-05-24 14:30:36.161673,27.0,64.0,100,0,0,100
2026-05-24 14:30:37.266081,27.0,64.0,100,0,0,100
2026-05-24 14:30:38.264648,27.0,64.0,100,0,0,100
2026-05-24 14:30:39.318777,27.0,64.0,100,0,0,100
2026-05-24 14:30:40.326140,27.0,64.0,100,0,0,100
2026-05-24 14:30:41.369857,27.0,66.0,100,0,0,100
2026-05-24 14:30:42.370097,27.0,66.0,99,0,0,100
2026-05-24 14:30:43.425619,27.0,66.0,100,0,0,100
2026-05-24 14:30:44.426133,27.0,66.0,100,0,0,100
2026-05-24 14:30:45.491581,27.0,66.0,100,0,0,100
2026-05-24 14:30:46.479486,27.0,66.0,100,0,0,100
2026-05-24 14:30:47.585620,27.0,66.0,100,0,0,100
2026-05-24 14:30:48.583484,27.0,64.0,100,0,0,100
2026-05-24 14:30:49.648085,27.0,66.0,99,0,0,100
2026-05-24 14:30:50.658997,27.0,64.0,100,0,0,100
2026-05-24 14:30:51.708983,27.0,64.0,100,0,0,100
2026-05-24 14:30:52.709077,27.0,64.0,100,0,0,100
2026-05-24 14:30:53.768384,27.0,64.0,100,0,0,100
2026-05-24 14:30:54.769243,27.0,64.0,100,0,0,100
2026-05-24 14:30:55.846619,27.0,64.0,100,0,0,100
2026-05-24 14:30:56.849342,27.0,64.0,100,0,0,100
2026-05-24 14:30:57.935245,27.0,64.0,99,0,0,100
2026-05-24 14:30:58.933124,27.0,64.0,100,0,0,100
2026-05-24 14:30:59.992831,27.0,64.0,100,0,0,100
2026-05-24 14:31:00.992186,27.0,64.0,100,0,0,100
2026-05-24 14:31:02.063879,27.0,64.0,100,0,0,100
2026-05-24 14:31:03.052179,27.0,64.0,100,0,0,100
2026-05-24 14:31:04.145485,27.0,64.0,100,0,0,100
2026-05-24 14:31:05.147107,27.0,64.0,100,0,0,100
2026-05-24 14:31:06.204141,27.0,64.0,100,0,0,100
2026-05-24 14:31:07.210901,27.0,64.0,100,0,0,100
2026-05-24 14:31:08.256640,27.0,64.0,100,0,0,100
2026-05-24 14:31:09.256019,27.0,64.0,100,0,0,100
2026-05-24 14:31:10.311390,27.0,64.0,100,0,0,100
2026-05-24 14:31:11.314117,27.0,64.0,100,0,0,100
2026-05-24 14:31:12.374980,27.0,64.0,100,0,0,100
2026-05-24 14:31:13.364942,27.0,64.0,99,0,0,100
2026-05-24 14:31:14.451936,27.0,64.0,100,0,0,100
2026-05-24 14:31:15.451810,27.0,64.0,100,0,0,100
2026-05-24 14:31:16.504739,27.0,64.0,100,0,0,100
2026-05-24 14:31:17.515828,27.0,64.0,99,0,0,100
2026-05-24 14:31:18.558124,27.0,64.0,99,0,0,100
2026-05-24 14:31:19.561710,27.0,64.0,100,0,0,100
2026-05-24 14:31:20.614313,27.0,64.0,100,0,0,100
2026-05-24 14:31:21.613841,27.0,64.0,99,0,0,100
2026-05-24 14:31:22.675196,27.0,64.0,100,0,0,100
2026-05-24 14:31:23.665862,27.0,64.0,99,0,0,100
2026-05-24 14:31:24.763057,27.0,64.0,100,0,0,100
2026-05-24 14:31:25.762617,27.0,64.0,100,0,0,100
2026-05-24 14:31:26.818694,27.0,64.0,100,0,0,100
2026-05-24 14:31:27.831152,27.0,64.0,100,0,0,100
2026-05-24 14:31:28.879946,27.0,64.0,100,0,0,100
2026-05-24 14:31:29.879040,27.0,64.0,100,0,0,100
2026-05-24 14:31:30.930563,27.0,64.0,100,0,0,100
2026-05-24 14:31:31.930752,27.0,64.0,99,0,0,100
2026-05-24 14:31:32.989545,27.0,64.0,100,0,0,100
2026-05-24 14:31:33.981970,27.0,64.0,100,0,0,100
2026-05-24 14:31:35.083951,27.0,64.0,100,0,0,100
2026-05-24 14:31:36.077924,27.0,64.0,99,0,0,100
2026-05-24 14:31:37.135809,27.0,64.0,100,0,0,100
2026-05-24 14:31:38.148284,27.0,64.0,100,0,0,100
2026-05-24 14:31:39.192600,27.0,64.0,100,0,0,100
2026-05-24 14:31:40.191332,27.0,64.0,100,0,0,100
2026-05-24 14:31:41.244771,27.0,64.0,100,0,0,100
2026-05-24 14:31:42.244221,27.0,64.0,100,0,0,100
2026-05-24 14:31:43.304561,27.0,64.0,100,0,0,100
2026-05-24 14:31:44.296667,27.0,64.0,100,0,0,100
2026-05-24 14:31:45.391564,27.0,64.0,100,0,0,100
2026-05-24 14:31:46.390966,27.0,64.0,100,0,0,100
2026-05-24 14:31:47.444075,27.0,64.0,100,0,0,100
2026-05-24 14:31:48.452681,27.0,64.0,100,0,0,100
2026-05-24 14:31:49.498317,27.0,64.0,100,0,0,100
2026-05-24 14:31:50.499074,27.0,64.0,100,0,0,100
2026-05-24 14:31:51.554458,27.0,64.0,100,0,0,100
2026-05-24 14:31:52.552094,27.0,64.0,100,0,0,100
2026-05-24 14:31:53.623433,27.0,64.0,100,0,0,100
2026-05-24 14:31:54.616388,27.0,64.0,100,0,0,100
2026-05-24 14:31:55.715808,27.0,64.0,100,0,0,100
2026-05-24 14:31:56.715068,27.0,64.0,100,0,0,100
2026-05-24 14:31:57.768933,27.0,64.0,100,0,0,100
2026-05-24 14:31:58.786808,27.0,64.0,100,0,0,100
2026-05-24 14:31:59.834303,27.0,64.0,100,0,0,100
2026-05-24 14:32:00.826623,27.0,64.0,99,0,0,100
2026-05-24 14:32:01.894367,27.0,64.0,100,0,0,100
2026-05-24 14:32:02.894888,27.0,64.0,100,0,0,100
2026-05-24 14:32:03.955209,27.0,64.0,97,0,0,100
2026-05-24 14:32:04.947827,27.0,64.0,100,0,0,100
2026-05-24 14:32:06.028284,27.0,64.0,100,0,0,100
2026-05-24 14:32:07.028802,27.0,64.0,100,0,0,100
2026-05-24 14:32:08.080564,27.0,64.0,100,0,0,100
2026-05-24 14:32:09.095101,27.0,64.0,99,0,0,100
2026-05-24 14:32:10.139345,27.0,64.0,97,0,0,100
2026-05-24 14:32:11.138404,27.0,64.0,100,0,0,100
2026-05-24 14:32:12.199893,27.0,64.0,100,0,0,100
2026-05-24 14:32:13.199886,27.0,64.0,100,0,0,100
2026-05-24 14:32:14.261249,27.0,64.0,100,0,0,100
2026-05-24 14:32:15.253699,27.0,64.0,100,0,0,100
2026-05-24 14:32:16.346215,27.0,64.0,100,0,0,100
2026-05-24 14:32:17.346111,27.0,64.0,100,0,0,100
2026-05-24 14:32:18.398208,27.0,64.0,100,0,0,100
2026-05-24 14:32:19.409004,27.0,64.0,100,0,0,100
2026-05-24 14:32:20.453334,27.0,64.0,100,0,0,100
2026-05-24 14:32:21.453862,27.0,64.0,100,0,0,100
2026-05-24 14:32:22.507513,27.0,64.0,100,0,0,100
2026-05-24 14:32:23.508400,27.0,64.0,100,0,0,100
2026-05-24 14:32:24.569528,27.0,64.0,100,0,0,100
2026-05-24 14:32:25.559498,27.0,64.0,100,0,0,100
2026-05-24 14:32:26.661325,27.0,64.0,100,0,0,100
2026-05-24 14:32:27.663302,27.0,64.0,99,0,0,100
2026-05-24 14:32:28.712316,27.0,64.0,100,0,0,100
2026-05-24 14:32:29.724464,27.0,64.0,100,0,0,100
2026-05-24 14:32:30.767503,27.0,64.0,100,0,0,100
2026-05-24 14:32:31.767573,27.0,64.0,100,0,0,100
2026-05-24 14:32:32.823970,27.0,64.0,100,0,0,100
2026-05-24 14:32:33.824367,27.0,64.0,99,0,0,100
2026-05-24 14:32:34.886718,27.0,64.0,100,0,0,100
2026-05-24 14:32:35.879078,27.0,64.0,100,0,0,100
2026-05-24 14:32:36.973448,27.0,64.0,100,0,0,100
2026-05-24 14:32:37.972315,27.0,64.0,98,0,0,100
2026-05-24 14:32:39.028529,27.0,64.0,100,0,0,100
2026-05-24 14:32:40.043041,27.0,64.0,100,0,0,100
2026-05-24 14:32:41.088320,27.0,64.0,98,0,0,100
2026-05-24 14:32:42.086301,27.0,64.0,99,0,0,100
2026-05-24 14:32:43.140498,27.0,64.0,100,0,0,100
2026-05-24 14:32:44.140573,27.0,64.0,100,0,0,100
2026-05-24 14:32:45.202604,27.0,64.0,100,0,0,100
2026-05-24 14:32:46.195032,27.0,64.0,100,0,0,100
2026-05-24 14:32:47.290265,27.0,64.0,100,0,0,100
2026-05-24 14:32:48.289321,27.0,64.0,100,0,0,100
2026-05-24 14:32:49.350104,27.0,64.0,100,0,0,100
2026-05-24 14:32:50.358052,27.0,64.0,100,0,0,100
2026-05-24 14:32:51.406338,27.0,64.0,100,0,0,100
2026-05-24 14:32:52.404768,27.0,64.0,100,0,0,100
2026-05-24 14:32:53.462052,27.0,64.0,100,0,0,100
2026-05-24 14:32:54.462678,27.0,63.0,100,0,0,100
2026-05-24 14:32:56.528754,27.0,64.0,99,0,0,100
2026-05-24 14:32:57.579915,27.0,63.0,100,0,0,100
2026-05-24 14:32:58.580794,27.0,63.0,99,0,0,100
2026-05-24 14:32:59.638172,27.0,63.0,100,0,0,100
2026-05-24 14:33:00.638449,27.0,63.0,100,0,0,100
2026-05-24 14:33:01.705473,27.0,63.0,100,0,0,100
2026-05-24 14:33:02.700645,27.0,63.0,100,0,0,100
2026-05-24 14:33:03.792601,27.0,63.0,100,0,0,100
2026-05-24 14:33:04.792245,27.0,63.0,99,0,0,100
2026-05-24 14:33:05.871427,27.0,63.0,100,0,0,100
2026-05-24 14:33:06.892767,27.0,63.0,100,0,0,100
2026-05-24 14:33:07.926968,27.0,63.0,100,0,0,100
2026-05-24 14:33:08.924431,27.0,63.0,100,0,0,100
2026-05-24 14:33:09.982787,27.0,63.0,100,0,0,100
2026-05-24 14:33:10.983780,27.0,63.0,99,0,0,100
2026-05-24 14:33:12.049082,27.0,63.0,100,0,0,100
2026-05-24 14:33:13.038330,27.0,63.0,100,0,0,100
2026-05-24 14:33:14.139465,27.0,63.0,100,0,0,100
2026-05-24 14:33:15.138548,27.0,63.0,100,0,0,100
2026-05-24 14:33:16.195828,27.0,63.0,100,0,0,100
2026-05-24 14:33:17.208960,27.0,63.0,100,0,0,100
2026-05-24 14:33:18.256132,27.0,63.0,100,0,0,100
2026-05-24 14:33:19.256103,27.0,63.0,100,0,0,100
2026-05-24 14:33:20.312244,27.0,63.0,100,0,0,100
2026-05-24 14:33:21.311928,27.0,63.0,100,0,0,100
2026-05-24 14:33:22.376777,27.0,63.0,100,0,0,100
2026-05-24 14:33:23.382218,27.0,63.0,99,0,0,100
2026-05-24 14:33:24.460579,27.0,63.0,100,0,0,100
2026-05-24 14:33:25.460227,26.0,63.0,100,0,0,100
2026-05-24 14:33:26.512648,26.0,63.0,100,0,0,100
2026-05-24 14:33:27.512163,26.0,63.0,100,0,0,100
2026-05-24 14:33:28.574477,27.0,63.0,100,0,0,100
2026-05-24 14:33:29.567107,26.0,63.0,99,0,0,100
2026-05-24 14:33:30.658026,26.0,63.0,100,0,0,100
2026-05-24 14:33:31.657610,26.0,63.0,99,0,0,100
2026-05-24 14:33:32.712672,26.0,63.0,100,0,0,100
2026-05-24 14:33:33.725701,26.0,63.0,100,0,0,100
2026-05-24 14:33:34.769632,26.0,63.0,100,0,0,100
2026-05-24 14:33:35.770059,26.0,63.0,100,0,0,100
2026-05-24 14:33:36.826353,26.0,63.0,100,0,0,100
2026-05-24 14:33:37.826138,26.0,63.0,99,0,0,100
2026-05-24 14:33:38.890066,26.0,63.0,100,0,0,100
2026-05-24 14:33:39.882136,26.0,63.0,99,0,0,100
2026-05-24 14:33:40.973433,26.0,63.0,100,0,0,100
2026-05-24 14:33:41.971870,26.0,61.0,100,0,0,100
2026-05-24 14:33:43.027173,26.0,61.0,100,0,0,100
2026-05-24 14:33:44.035736,26.0,61.0,100,0,0,100
2026-05-24 14:33:45.080813,26.0,61.0,100,0,0,100
2026-05-24 14:33:46.082361,26.0,61.0,100,0,0,100
2026-05-24 14:33:47.135105,26.0,61.0,98,0,0,100
2026-05-24 14:33:48.134742,26.0,61.0,100,0,0,100
2026-05-24 14:33:49.196470,26.0,61.0,100,0,0,100
2026-05-24 14:33:50.188105,26.0,61.0,100,0,0,100
2026-05-24 14:33:51.277491,26.0,61.0,100,0,0,100
2026-05-24 14:33:52.278349,26.0,61.0,100,0,0,100
2026-05-24 14:33:53.334234,26.0,61.0,100,0,0,100
2026-05-24 14:33:54.342068,26.0,61.0,100,0,0,100
2026-05-24 14:33:55.391710,26.0,61.0,100,0,0,100
2026-05-24 14:33:56.392230,26.0,61.0,100,0,0,100
2026-05-24 14:33:57.444228,26.0,61.0,100,0,0,100
2026-05-24 14:33:58.445492,26.0,61.0,100,0,0,100
2026-05-24 14:33:59.507119,26.0,61.0,100,0,0,100
2026-05-24 14:34:00.502179,26.0,61.0,100,0,0,100
2026-05-24 14:34:01.589248,26.0,61.0,99,0,0,100
2026-05-24 14:34:02.589305,26.0,61.0,100,0,0,100
2026-05-24 14:34:03.649561,26.0,61.0,99,0,0,100
2026-05-24 14:34:04.658002,26.0,61.0,99,0,0,100
2026-05-24 14:34:05.705501,26.0,61.0,100,0,0,100
2026-05-24 14:34:06.704215,26.0,61.0,100,0,0,100
2026-05-24 14:34:07.767238,26.0,61.0,100,0,0,100
2026-05-24 14:34:09.015942,26.0,61.0,100,0,0,100
2026-05-24 14:34:09.833049,26.0,61.0,99,0,0,100
2026-05-24 14:34:10.823503,26.0,61.0,100,0,0,100
2026-05-24 14:34:11.925293,26.0,61.0,100,0,0,100
2026-05-24 14:34:12.923612,26.0,61.0,100,0,0,100
2026-05-24 14:34:13.994227,26.0,61.0,100,0,0,100
2026-05-24 14:34:15.007320,26.0,61.0,100,0,0,100
2026-05-24 14:34:15.991911,26.0,61.0,100,0,0,100
2026-05-24 14:34:16.991859,26.0,61.0,100,0,0,100
2026-05-24 14:34:18.048300,26.0,61.0,98,0,0,100
2026-05-24 14:34:19.046882,26.0,61.0,100,0,0,100
2026-05-24 14:34:20.103912,26.0,61.0,100,0,0,100
2026-05-24 14:34:21.111405,26.0,61.0,100,0,0,100
2026-05-24 14:34:22.159729,26.0,61.0,99,0,0,100
2026-05-24 14:34:23.159490,26.0,61.0,100,0,0,100
2026-05-24 14:34:24.216959,26.0,61.0,100,0,0,100
2026-05-24 14:34:25.215940,26.0,61.0,100,0,0,100
2026-05-24 14:34:26.281595,26.0,61.0,99,0,0,100
2026-05-24 14:34:27.272960,26.0,61.0,100,0,0,100
2026-05-24 14:34:28.375814,26.0,61.0,100,0,0,100
2026-05-24 14:34:29.375251,26.0,63.0,100,0,0,100
2026-05-24 14:34:30.399296,26.0,61.0,100,0,0,100
2026-05-24 14:34:31.409900,26.0,63.0,99,0,0,100
2026-05-24 14:34:32.457572,26.0,63.0,100,0,0,100
2026-05-24 14:34:33.455064,26.0,61.0,100,0,0,100
2026-05-24 14:34:34.512029,26.0,63.0,100,0,0,100
2026-05-24 14:34:35.511605,26.0,63.0,100,0,0,100
2026-05-24 14:34:36.577845,26.0,63.0,100,0,0,100
2026-05-24 14:34:37.570553,26.0,63.0,100,0,0,100
2026-05-24 14:34:38.669464,26.0,63.0,100,0,0,100
2026-05-24 14:34:39.669152,26.0,63.0,100,0,0,100
2026-05-24 14:34:40.726209,26.0,63.0,100,0,0,100
2026-05-24 14:34:41.735460,26.0,63.0,99,0,0,100
2026-05-24 14:34:42.790199,26.0,63.0,100,0,0,100
2026-05-24 14:34:43.780205,26.0,63.0,100,0,0,100
2026-05-24 14:34:44.873681,26.0,63.0,100,0,0,100
2026-05-24 14:34:45.874014,26.0,63.0,100,0,0,100
2026-05-24 14:34:46.934985,26.0,63.0,100,0,0,100
2026-05-24 14:34:47.942266,26.0,63.0,100,0,0,100
2026-05-24 14:34:48.994882,26.0,63.0,100,0,0,100
2026-05-24 14:34:49.993904,26.0,63.0,100,0,0,100
2026-05-24 14:34:51.052436,26.0,63.0,100,0,0,100
2026-05-24 14:34:52.052247,26.0,63.0,100,0,0,100
2026-05-24 14:34:53.123078,26.0,63.0,100,0,0,100
2026-05-24 14:34:54.112679,26.0,63.0,100,0,0,100
2026-05-24 14:34:55.204089,26.0,63.0,100,0,0,100
2026-05-24 14:34:56.203744,26.0,63.0,100,0,0,100
2026-05-24 14:34:57.256082,26.0,63.0,100,0,0,100
2026-05-24 14:34:58.267479,26.0,63.0,100,0,0,100
2026-05-24 14:34:59.312621,26.0,63.0,100,0,0,100
2026-05-24 14:35:00.311184,26.0,63.0,100,0,0,100
2026-05-24 14:35:01.368071,26.0,63.0,100,0,0,100
2026-05-24 14:35:02.367507,26.0,63.0,100,0,0,100
2026-05-24 14:35:03.431458,26.0,63.0,100,0,0,100
2026-05-24 14:35:04.419782,26.0,63.0,100,0,0,100
2026-05-24 14:35:05.514191,26.0,63.0,100,0,0,100
2026-05-24 14:35:06.512990,26.0,63.0,100,0,0,100
2026-05-24 14:35:07.569506,26.0,63.0,100,0,0,100
2026-05-24 14:35:08.579917,26.0,63.0,100,0,0,100
2026-05-24 14:35:09.631113,26.0,63.0,100,0,0,100
2026-05-24 14:35:10.630161,26.0,63.0,100,0,0,100
2026-05-24 14:35:11.683262,26.0,63.0,100,0,0,100
2026-05-24 14:35:12.683636,26.0,63.0,100,0,0,100
2026-05-24 14:35:13.753261,26.0,63.0,100,0,0,100
2026-05-24 14:35:14.743209,26.0,63.0,100,0,0,100
2026-05-24 14:35:15.843452,26.0,63.0,100,0,0,100
2026-05-24 14:35:16.841585,26.0,63.0,100,0,0,100
2026-05-24 14:35:17.901899,26.0,63.0,100,0,0,100
2026-05-24 14:35:18.911465,26.0,63.0,100,0,0,100
2026-05-24 14:35:19.959336,26.0,63.0,98,0,0,100
2026-05-24 14:35:20.963510,26.0,63.0,100,0,0,100
2026-05-24 14:35:21.959804,26.0,63.0,100,0,0,100
2026-05-24 14:35:22.959981,26.0,63.0,100,0,0,100
2026-05-24 14:35:23.957997,26.0,63.0,100,0,0,100
2026-05-24 14:35:24.969675,26.0,63.0,99,0,0,100
2026-05-24 14:35:25.971264,26.0,63.0,100,0,0,100
2026-05-24 14:35:27.059764,26.0,63.0,100,0,0,100
2026-05-24 14:35:28.049014,26.0,63.0,100,0,0,100
2026-05-24 14:35:29.151358,26.0,63.0,100,0,0,100
2026-05-24 14:35:30.147986,26.0,63.0,100,0,0,100
2026-05-24 14:35:31.171639,26.0,63.0,100,0,0,100
2026-05-24 14:35:32.179591,26.0,63.0,100,0,0,100
2026-05-24 14:35:33.227628,26.0,63.0,100,0,0,100
2026-05-24 14:35:34.229937,26.0,63.0,100,0,0,100
2026-05-24 14:35:35.282209,26.0,63.0,100,0,0,100
2026-05-24 14:35:36.280979,26.0,63.0,100,0,0,100
2026-05-24 14:35:37.345542,26.0,63.0,100,0,0,100
2026-05-24 14:35:38.337577,26.0,63.0,100,0,0,100
2026-05-24 14:35:39.440428,26.0,63.0,100,0,0,100
2026-05-24 14:35:40.443911,26.0,63.0,100,0,0,100
2026-05-24 14:35:41.495361,26.0,63.0,100,0,0,100
2026-05-24 14:35:42.506916,26.0,63.0,100,0,0,100
2026-05-24 14:35:43.559710,26.0,63.0,99,0,0,100
2026-05-24 14:35:44.550686,26.0,63.0,100,0,0,100
2026-05-24 14:35:45.636300,26.0,63.0,99,0,0,100
2026-05-24 14:35:46.636388,26.0,63.0,100,0,0,100
2026-05-24 14:35:47.688885,26.0,63.0,100,0,0,100
2026-05-24 14:35:48.698573,26.0,63.0,100,0,0,100
2026-05-24 14:35:49.739801,26.0,63.0,100,0,0,100
2026-05-24 14:35:50.742101,26.0,63.0,100,0,0,100
2026-05-24 14:35:51.796760,26.0,63.0,99,0,0,100
2026-05-24 14:35:52.796526,26.0,63.0,100,0,0,100
2026-05-24 14:35:53.863496,26.0,63.0,100,0,0,100
2026-05-24 14:35:54.863846,26.0,63.0,100,0,0,100
2026-05-24 14:35:55.946946,26.0,63.0,100,0,0,100
2026-05-24 14:35:56.945975,26.0,63.0,100,0,0,100
2026-05-24 14:35:58.000426,26.0,63.0,100,0,0,100
2026-05-24 14:35:59.000670,26.0,63.0,100,0,0,100
2026-05-24 14:36:00.068122,26.0,63.0,100,0,0,100
2026-05-24 14:36:01.057984,26.0,63.0,100,0,0,100
2026-05-24 14:36:02.154217,26.0,63.0,100,0,0,100
2026-05-24 14:36:03.155993,26.0,63.0,100,0,0,100
2026-05-24 14:36:04.209089,26.0,63.0,100,0,0,100
2026-05-24 14:36:05.219020,26.0,63.0,100,0,0,100
2026-05-24 14:36:06.264507,26.0,63.0,100,0,0,100
2026-05-24 14:36:07.264493,26.0,63.0,98,0,0,100
2026-05-24 14:36:08.320276,26.0,63.0,100,0,0,100
2026-05-24 14:36:09.321072,26.0,63.0,100,0,0,100
2026-05-24 14:36:10.385797,26.0,63.0,99,0,0,100
2026-05-24 14:36:11.374279,26.0,63.0,100,0,0,100
2026-05-24 14:36:12.466054,26.0,63.0,100,0,0,100
2026-05-24 14:36:13.469543,26.0,63.0,99,0,0,100
2026-05-24 14:36:14.519845,26.0,63.0,100,0,0,100
2026-05-24 14:36:15.529667,26.0,63.0,100,0,0,100
2026-05-24 14:36:16.575646,26.0,63.0,100,0,0,100
2026-05-24 14:36:17.578281,26.0,63.0,100,0,0,100
2026-05-24 14:36:18.634456,26.0,63.0,99,0,0,100
2026-05-24 14:36:19.634543,26.0,63.0,100,0,0,100
2026-05-24 14:36:20.720221,26.0,63.0,99,0,0,100
2026-05-24 14:36:21.691464,26.0,63.0,100,0,0,100
2026-05-24 14:36:22.688530,26.0,63.0,100,0,0,100
2026-05-24 14:36:23.688436,26.0,63.0,100,0,0,100
2026-05-24 14:36:24.688746,26.0,63.0,100,0,0,100
2026-05-24 14:36:25.754119,26.0,63.0,100,0,0,100
2026-05-24 14:36:26.745951,26.0,63.0,100,0,0,100
2026-05-24 14:36:27.849450,26.0,63.0,99,0,0,100
2026-05-24 14:36:28.850328,26.0,63.0,100,0,0,100
2026-05-24 14:36:29.911891,26.0,63.0,100,0,0,100
2026-05-24 14:36:30.920440,26.0,63.0,100,0,0,100
2026-05-24 14:36:31.941327,26.0,63.0,100,0,0,100
2026-05-24 14:36:32.943642,26.0,63.0,100,0,0,100
2026-05-24 14:36:34.023218,26.0,63.0,100,0,0,100
2026-05-24 14:36:35.023325,26.0,63.0,100,0,0,100
2026-05-24 14:36:36.073922,26.0,63.0,100,0,0,100
2026-05-24 14:36:37.073475,26.0,63.0,100,0,0,100
2026-05-24 14:36:38.136860,26.0,63.0,100,0,0,100
2026-05-24 14:36:39.127586,26.0,63.0,100,0,0,100
2026-05-24 14:36:40.220645,26.0,63.0,100,0,0,100
2026-05-24 14:36:41.220298,26.0,63.0,99,0,0,100
2026-05-24 14:36:42.276386,26.0,63.0,100,0,0,100
2026-05-24 14:36:43.287939,26.0,63.0,98,0,0,100
2026-05-24 14:36:44.332416,26.0,63.0,100,0,0,100
2026-05-24 14:36:45.332391,26.0,63.0,100,0,0,100
2026-05-24 14:36:46.388691,26.0,63.0,100,0,0,100
2026-05-24 14:36:47.387106,26.0,63.0,100,0,0,100
2026-05-24 14:36:48.451311,26.0,63.0,100,0,0,100
2026-05-24 14:36:49.443303,26.0,63.0,100,0,0,100
2026-05-24 14:36:50.538116,26.0,63.0,100,0,0,100
2026-05-24 14:36:51.536981,26.0,63.0,100,0,0,100
2026-05-24 14:36:52.601364,26.0,63.0,100,0,0,100
2026-05-24 14:36:53.614758,26.0,63.0,99,0,0,100
2026-05-24 14:36:54.660460,26.0,63.0,100,0,0,100
2026-05-24 14:36:55.660094,26.0,63.0,100,0,0,100
2026-05-24 14:36:56.711321,26.0,63.0,100,0,0,100
2026-05-24 14:36:57.712185,26.0,63.0,100,0,0,100
2026-05-24 14:36:58.779469,26.0,63.0,100,0,0,100
2026-05-24 14:36:59.769164,26.0,63.0,99,0,0,100
2026-05-24 14:37:00.854204,26.0,63.0,100,0,0,100
2026-05-24 14:37:01.858045,26.0,63.0,100,0,0,100
2026-05-24 14:37:02.912106,26.0,63.0,100,0,0,100
2026-05-24 14:37:03.922396,26.0,63.0,99,0,0,100
2026-05-24 14:37:04.968152,26.0,63.0,100,0,0,100
2026-05-24 14:37:05.966959,26.0,63.0,100,0,0,100
2026-05-24 14:37:07.020540,26.0,63.0,100,0,0,100
2026-05-24 14:37:08.018970,26.0,63.0,100,0,0,100
2026-05-24 14:37:09.080390,26.0,63.0,100,0,0,100
2026-05-24 14:37:10.072293,26.0,63.0,100,0,0,100
2026-05-24 14:37:11.168483,26.0,63.0,100,0,0,100
2026-05-24 14:37:12.167226,26.0,63.0,100,0,0,100
2026-05-24 14:37:13.227750,26.0,63.0,100,0,0,100
2026-05-24 14:37:14.238205,26.0,63.0,100,0,0,100
2026-05-24 14:37:15.278680,26.0,63.0,100,0,0,100
2026-05-24 14:37:16.279125,26.0,63.0,100,0,0,100
2026-05-24 14:37:17.333053,26.0,63.0,100,0,0,100
2026-05-24 14:37:18.332151,26.0,63.0,100,0,0,100
2026-05-24 14:37:19.391467,26.0,63.0,100,0,0,100
2026-05-24 14:37:20.381459,26.0,63.0,100,0,0,100
2026-05-24 14:37:21.480464,26.0,63.0,100,0,0,100
2026-05-24 14:37:22.479191,26.0,63.0,100,0,0,100
2026-05-24 14:37:23.530380,26.0,63.0,100,0,0,100
2026-05-24 14:37:24.540348,26.0,63.0,100,0,0,100
2026-05-24 14:37:25.648235,26.0,63.0,100,0,0,100
2026-05-24 14:37:26.587098,26.0,63.0,99,0,0,100
2026-05-24 14:37:27.586790,26.0,63.0,100,0,0,100
2026-05-24 14:37:28.586835,26.0,63.0,100,0,0,100
2026-05-24 14:37:29.587259,26.0,63.0,100,0,0,100
2026-05-24 14:37:30.597164,26.0,63.0,100,0,0,100
2026-05-24 14:37:31.599883,26.0,63.0,100,0,0,100
2026-05-24 14:37:32.618460,26.0,63.0,99,0,0,100
2026-05-24 14:37:33.615532,26.0,63.0,100,0,0,100
2026-05-24 14:37:34.676498,26.0,63.0,100,0,0,100
2026-05-24 14:37:35.677846,26.0,63.0,100,0,0,100
2026-05-24 14:37:36.736983,26.0,63.0,99,0,0,100
2026-05-24 14:37:37.734275,26.0,63.0,100,0,0,100
2026-05-24 14:37:38.827326,26.0,63.0,100,0,0,100
2026-05-24 14:37:39.828599,26.0,63.0,100,0,0,100
2026-05-24 14:37:40.882539,26.0,63.0,100,0,0,100
2026-05-24 14:37:41.890242,26.0,63.0,100,0,0,100
2026-05-24 14:37:42.946087,26.0,63.0,99,0,0,100
2026-05-24 14:37:43.932783,26.0,63.0,100,0,0,100
2026-05-24 14:37:45.021962,26.0,64.0,100,0,0,100
2026-05-24 14:37:46.022578,26.0,63.0,100,0,0,100
2026-05-24 14:37:47.077535,26.0,64.0,100,0,0,100
2026-05-24 14:37:48.085530,26.0,64.0,100,0,0,100
2026-05-24 14:37:49.132261,26.0,64.0,100,0,0,100
2026-05-24 14:37:50.132064,26.0,64.0,100,0,0,100
2026-05-24 14:37:51.194976,26.0,64.0,99,0,0,100
2026-05-24 14:37:52.192838,26.0,64.0,100,0,0,100
2026-05-24 14:37:53.255068,26.0,64.0,100,0,0,100
2026-05-24 14:37:54.255203,26.0,64.0,100,0,0,100
2026-05-24 14:37:55.338643,26.0,64.0,100,0,0,100
2026-05-24 14:37:56.339129,26.0,64.0,100,0,0,100
2026-05-24 14:37:57.396964,26.0,64.0,99,0,0,100
2026-05-24 14:37:58.396003,26.0,64.0,100,0,0,100
2026-05-24 14:37:59.460553,26.0,64.0,100,0,0,100
2026-05-24 14:38:00.450273,26.0,64.0,100,0,0,100
2026-05-24 14:38:01.555857,26.0,64.0,99,0,0,100
2026-05-24 14:38:02.555965,26.0,63.0,100,0,0,100
2026-05-24 14:38:03.611617,26.0,63.0,100,0,0,100
2026-05-24 14:38:04.623056,26.0,63.0,100,0,0,100
2026-05-24 14:38:05.666535,26.0,63.0,100,0,0,100
2026-05-24 14:38:06.665621,26.0,63.0,100,0,0,100
2026-05-24 14:38:07.729231,26.0,63.0,100,0,0,100
2026-05-24 14:38:08.729336,26.0,63.0,99,0,0,100
2026-05-24 14:38:09.797787,26.0,63.0,100,0,0,100
2026-05-24 14:38:10.797964,26.0,63.0,100,0,0,100
2026-05-24 14:38:11.877054,26.0,63.0,100,0,0,100
2026-05-24 14:38:12.878119,26.0,63.0,100,0,0,100
2026-05-24 14:38:13.931612,26.0,63.0,100,0,0,100
2026-05-24 14:38:14.931104,26.0,63.0,100,0,0,100
2026-05-24 14:38:15.994992,26.0,64.0,100,0,0,100
2026-05-24 14:38:16.986965,26.0,63.0,99,0,0,100
2026-05-24 14:38:18.087730,26.0,63.0,100,0,0,100
2026-05-24 14:38:19.088662,26.0,63.0,100,0,0,100
2026-05-24 14:38:20.141867,26.0,63.0,100,0,0,100
2026-05-24 14:38:21.152645,26.0,63.0,100,0,0,100
2026-05-24 14:38:22.196483,26.0,63.0,100,0,0,100
2026-05-24 14:38:23.196502,26.0,64.0,100,0,0,100
2026-05-24 14:38:24.249723,26.0,63.0,100,0,0,100
2026-05-24 14:38:25.248977,26.0,63.0,99,0,0,100
2026-05-24 14:38:26.312628,26.0,64.0,99,0,0,100
2026-05-24 14:38:27.305808,26.0,64.0,100,0,0,100
2026-05-24 14:38:28.400985,26.0,64.0,100,0,0,100
2026-05-24 14:38:29.400781,26.0,64.0,100,0,0,100
2026-05-24 14:38:30.458593,26.0,64.0,100,0,0,100
2026-05-24 14:38:31.472182,26.0,64.0,100,0,0,100
2026-05-24 14:38:32.519202,26.0,64.0,100,0,0,100
2026-05-24 14:38:33.518980,26.0,64.0,100,0,0,100
2026-05-24 14:38:34.577981,26.0,64.0,100,0,0,100
2026-05-24 14:38:35.578292,26.0,64.0,100,0,0,100
2026-05-24 14:38:36.647700,26.0,64.0,100,0,0,100
2026-05-24 14:38:37.637047,26.0,64.0,100,0,0,100
2026-05-24 14:38:38.727581,26.0,64.0,100,0,0,100
2026-05-24 14:38:39.727064,26.0,64.0,100,0,0,100
2026-05-24 14:38:40.788082,26.0,64.0,99,0,0,100
2026-05-24 14:38:41.794535,26.0,64.0,99,0,0,100
2026-05-24 14:38:42.843133,26.0,64.0,100,0,0,100
2026-05-24 14:38:43.846634,26.0,64.0,100,0,0,100
2026-05-24 14:38:44.897619,26.0,64.0,100,0,0,100
2026-05-24 14:38:45.898843,26.0,64.0,100,0,0,100
2026-05-24 14:38:46.968123,26.0,64.0,99,0,0,100
2026-05-24 14:38:47.966618,26.0,63.0,100,0,0,100
2026-05-24 14:38:49.047933,26.0,64.0,100,0,0,100
2026-05-24 14:38:50.049635,26.0,64.0,100,0,0,100
2026-05-24 14:38:51.100378,26.0,63.0,100,0,0,100
2026-05-24 14:38:52.101109,26.0,64.0,100,0,0,100
2026-05-24 14:38:53.165750,26.0,63.0,100,0,0,100
2026-05-24 14:38:54.155798,26.0,64.0,100,0,0,100
2026-05-24 14:38:55.256803,26.0,64.0,100,0,0,100
2026-05-24 14:38:56.255634,26.0,64.0,100,0,0,100
2026-05-24 14:38:57.306378,26.0,64.0,99,0,0,100
2026-05-24 14:38:58.315332,26.0,64.0,100,0,0,100
2026-05-24 14:38:59.366671,26.0,63.0,100,0,0,100
2026-05-24 14:39:00.362103,26.0,63.0,98,0,0,100
2026-05-24 14:39:01.421855,26.0,64.0,100,0,0,100
2026-05-24 14:39:02.422287,26.0,64.0,100,0,0,100
2026-05-24 14:39:03.485394,26.0,63.0,100,0,0,100
2026-05-24 14:39:04.490353,26.0,63.0,99,0,0,100
2026-05-24 14:39:05.562066,26.0,64.0,100,0,0,100
2026-05-24 14:39:06.561231,26.0,64.0,100,0,0,100
2026-05-24 14:39:07.623603,26.0,64.0,100,0,0,100
2026-05-24 14:39:08.633623,26.0,64.0,100,0,0,100
2026-05-24 14:39:09.680538,26.0,64.0,100,0,0,100
2026-05-24 14:39:10.677856,26.0,64.0,99,0,0,100
2026-05-24 14:39:11.729893,26.0,64.0,98,0,0,100
2026-05-24 14:39:12.729722,26.0,64.0,100,0,0,100
2026-05-24 14:39:13.797019,26.0,64.0,100,0,0,100
2026-05-24 14:39:14.786248,26.0,64.0,100,0,0,100
2026-05-24 14:39:15.878509,26.0,64.0,100,0,0,100
2026-05-24 14:39:16.878594,26.0,64.0,100,0,0,100
2026-05-24 14:39:17.931280,26.0,64.0,99,0,0,100
2026-05-24 14:39:18.939703,26.0,64.0,100,0,0,100
2026-05-24 14:39:19.988162,26.0,64.0,99,0,0,100
2026-05-24 14:39:20.990881,26.0,64.0,100,0,0,100
2026-05-24 14:39:22.043329,26.0,64.0,98,0,0,100
2026-05-24 14:39:23.043007,26.0,64.0,100,0,0,100
2026-05-24 14:39:24.105364,26.0,64.0,100,0,0,100
2026-05-24 14:39:25.095369,26.0,64.0,100,0,0,100
2026-05-24 14:39:26.197582,26.0,64.0,99,0,0,100
2026-05-24 14:39:27.196523,26.0,64.0,100,0,0,100
2026-05-24 14:39:28.251426,26.0,64.0,100,0,0,100
2026-05-24 14:39:29.260719,26.0,64.0,100,0,0,100
2026-05-24 14:39:30.314249,26.0,64.0,99,0,0,100
2026-05-24 14:39:31.305713,26.0,64.0,100,0,0,100
2026-05-24 14:39:32.406439,26.0,64.0,100,0,0,100
2026-05-24 14:39:33.405913,26.0,64.0,100,0,0,100
2026-05-24 14:39:34.465586,26.0,64.0,100,0,0,100
2026-05-24 14:39:35.475096,26.0,64.0,99,0,0,100
2026-05-24 14:39:36.526080,26.0,64.0,100,0,0,100
2026-05-24 14:39:37.526597,26.0,64.0,100,0,0,100
2026-05-24 14:39:38.584415,26.0,64.0,99,0,0,100
2026-05-24 14:39:39.585856,26.0,64.0,100,0,0,100
2026-05-24 14:39:40.658111,26.0,64.0,100,0,0,100
2026-05-24 14:39:41.650094,26.0,64.0,100,0,0,100
2026-05-24 14:39:42.750412,26.0,64.0,100,0,0,100
2026-05-24 14:39:43.748556,26.0,64.0,100,0,0,100
2026-05-24 14:39:44.805851,26.0,64.0,100,0,0,100
2026-05-24 14:39:45.814093,26.0,64.0,100,0,0,100
2026-05-24 14:39:46.868385,26.0,64.0,100,0,0,100
2026-05-24 14:39:47.868456,26.0,64.0,100,0,0,100
2026-05-24 14:39:48.926094,26.0,64.0,100,0,0,100
2026-05-24 14:39:49.925614,26.0,64.0,100,0,0,100
2026-05-24 14:39:50.994392,26.0,64.0,100,0,0,100
2026-05-24 14:39:51.995069,26.0,64.0,100,0,0,100
2026-05-24 14:39:53.074163,26.0,64.0,100,0,0,100
2026-05-24 14:39:54.073294,26.0,64.0,99,0,0,100
2026-05-24 14:39:55.127457,26.0,64.0,100,0,0,100
2026-05-24 14:39:56.126754,26.0,64.0,100,0,0,100
2026-05-24 14:39:57.190623,26.0,64.0,100,0,0,100
2026-05-24 14:39:58.183131,26.0,64.0,100,0,0,100
2026-05-24 14:39:59.276631,26.0,64.0,100,0,0,100
2026-05-24 14:40:00.276286,26.0,64.0,100,0,0,100
2026-05-24 14:40:01.331518,26.0,64.0,99,0,0,100
2026-05-24 14:40:02.338789,26.0,64.0,100,0,0,100
2026-05-24 14:40:03.395413,26.0,64.0,100,0,0,100
2026-05-24 14:40:04.393082,26.0,64.0,100,0,0,100
2026-05-24 14:40:05.479608,26.0,64.0,100,0,0,100
2026-05-24 14:40:06.479042,26.0,64.0,100,0,0,100
2026-05-24 14:40:07.531931,26.0,64.0,100,0,0,100
2026-05-24 14:40:08.532420,26.0,64.0,100,0,0,100
2026-05-24 14:40:09.594130,26.0,64.0,99,0,0,100
2026-05-24 14:40:10.587776,26.0,64.0,100,0,0,100
2026-05-24 14:40:11.679213,26.0,64.0,100,0,0,100
2026-05-24 14:40:12.679417,26.0,64.0,99,0,0,100
2026-05-24 14:40:13.734946,26.0,64.0,100,0,0,100
2026-05-24 14:40:14.747122,26.0,64.0,100,0,0,100
2026-05-24 14:40:15.790468,26.0,64.0,100,0,0,100
2026-05-24 14:40:16.790025,26.0,64.0,100,0,0,100
2026-05-24 14:40:17.844073,26.0,64.0,100,0,0,100
2026-05-24 14:40:18.844243,26.0,64.0,100,0,0,100
2026-05-24 14:40:19.914859,26.0,64.0,99,0,0,100
2026-05-24 14:40:20.913080,26.0,64.0,100,0,0,100
2026-05-24 14:40:21.994899,26.0,64.0,100,0,0,100
2026-05-24 14:40:22.995471,26.0,64.0,100,0,0,100
2026-05-24 14:40:24.048666,26.0,64.0,100,0,0,100
2026-05-24 14:40:25.056816,26.0,64.0,100,0,0,100
2026-05-24 14:40:26.107001,26.0,64.0,99,0,0,100
2026-05-24 14:40:27.105041,26.0,64.0,100,0,0,100
2026-05-24 14:40:28.162376,26.0,64.0,99,0,0,100
2026-05-24 14:40:29.162602,26.0,64.0,100,0,0,100
2026-05-24 14:40:30.223816,26.0,64.0,100,0,0,100
2026-05-24 14:40:31.214808,26.0,64.0,99,0,0,100
2026-05-24 14:40:32.303637,26.0,64.0,100,0,0,100
2026-05-24 14:40:33.302617,26.0,64.0,100,0,0,100
2026-05-24 14:40:34.327021,26.0,64.0,100,0,0,100
2026-05-24 14:40:35.342586,26.0,64.0,100,0,0,100
2026-05-24 14:40:36.391667,26.0,64.0,100,0,0,100
2026-05-24 14:40:37.395453,26.0,64.0,100,0,0,100
2026-05-24 14:40:38.475327,26.0,64.0,100,0,0,100
2026-05-24 14:40:39.474444,26.0,64.0,99,0,0,100
2026-05-24 14:40:40.549996,26.0,64.0,100,0,0,100
2026-05-24 14:40:41.552007,26.0,64.0,100,0,0,100
2026-05-24 14:40:42.669666,26.0,64.0,99,0,0,100
2026-05-24 14:40:43.611804,26.0,64.0,100,0,0,100
2026-05-24 14:40:44.606934,26.0,64.0,100,0,0,100
2026-05-24 14:40:45.606334,26.0,64.0,100,0,0,100
2026-05-24 14:40:46.606897,26.0,64.0,100,0,0,100
2026-05-24 14:40:47.663554,26.0,64.0,100,0,0,100
2026-05-24 14:40:48.664039,26.0,64.0,100,0,0,100
2026-05-24 14:40:49.750501,26.0,64.0,100,0,0,100
2026-05-24 14:40:50.750060,26.0,64.0,99,0,0,100
2026-05-24 14:40:51.805651,26.0,64.0,100,0,0,100
2026-05-24 14:40:52.815998,26.0,64.0,100,0,0,100
2026-05-24 14:40:53.861419,26.0,64.0,100,0,0,100
2026-05-24 14:40:54.862044,26.0,64.0,100,0,0,100
2026-05-24 14:40:55.915514,26.0,64.0,100,0,0,100
2026-05-24 14:40:56.916513,26.0,64.0,100,0,0,100
2026-05-24 14:40:57.982094,26.0,64.0,100,0,0,100
2026-05-24 14:40:58.972380,26.0,64.0,100,0,0,100
2026-05-24 14:41:00.070530,26.0,64.0,100,0,0,100
2026-05-24 14:41:01.067201,26.0,64.0,100,0,0,100
2026-05-24 14:41:02.127646,26.0,64.0,100,0,0,100
2026-05-24 14:41:03.135158,26.0,64.0,99,0,0,100
2026-05-24 14:41:04.192515,26.0,64.0,100,0,0,100
2026-05-24 14:41:05.182145,26.0,64.0,100,0,0,100
2026-05-24 14:41:06.267995,26.0,64.0,100,0,0,100
2026-05-24 14:41:07.267926,26.0,64.0,100,0,0,100
2026-05-24 14:41:08.321886,26.0,64.0,100,0,0,100
2026-05-24 14:41:09.326498,26.0,64.0,100,0,0,100
2026-05-24 14:41:10.385242,26.0,64.0,100,0,0,100
2026-05-24 14:41:11.385008,26.0,64.0,100,0,0,100
2026-05-24 14:41:12.468758,26.0,64.0,100,0,0,100
2026-05-24 14:41:13.467905,26.0,64.0,99,0,0,100
2026-05-24 14:41:14.523424,26.0,64.0,100,0,0,100
2026-05-24 14:41:15.521964,26.0,64.0,100,0,0,100
2026-05-24 14:41:16.586024,26.0,64.0,100,0,0,100
2026-05-24 14:41:17.575977,26.0,64.0,99,0,0,100
2026-05-24 14:41:18.681078,26.0,64.0,100,0,0,100
2026-05-24 14:41:19.681407,26.0,64.0,100,0,0,100
2026-05-24 14:41:20.742128,26.0,64.0,100,0,0,100
2026-05-24 14:41:21.753256,26.0,64.0,100,0,0,100
2026-05-24 14:41:22.798624,26.0,64.0,100,0,0,100
2026-05-24 14:41:23.799182,26.0,64.0,100,0,0,100
2026-05-24 14:41:24.849701,26.0,64.0,100,0,0,100
2026-05-24 14:41:25.849574,26.0,64.0,100,0,0,100
2026-05-24 14:41:26.914529,26.0,64.0,100,0,0,100
2026-05-24 14:41:27.903474,26.0,64.0,100,0,0,100
2026-05-24 14:41:29.000016,26.0,64.0,100,0,0,100
2026-05-24 14:41:29.998892,26.0,64.0,99,0,0,100
2026-05-24 14:41:31.060720,26.0,64.0,100,0,0,100
2026-05-24 14:41:32.069767,26.0,64.0,100,0,0,100
2026-05-24 14:41:33.113725,26.0,64.0,100,0,0,100
2026-05-24 14:41:34.114560,26.0,64.0,99,0,0,100
2026-05-24 14:41:35.167857,26.0,64.0,99,0,0,100
2026-05-24 14:41:36.167798,26.0,64.0,100,0,0,100
2026-05-24 14:41:37.173530,26.0,64.0,100,0,0,100
2026-05-24 14:41:38.172218,26.0,64.0,100,0,0,100
2026-05-24 14:41:39.264938,26.0,64.0,100,0,0,100
2026-05-24 14:41:40.265234,26.0,64.0,100,0,0,100
2026-05-24 14:41:41.322862,26.0,64.0,100,0,0,100
2026-05-24 14:41:42.331644,26.0,64.0,100,0,0,100
2026-05-24 14:41:43.411204,26.0,64.0,100,0,0,100
2026-05-24 14:41:44.379419,26.0,64.0,100,0,0,100
2026-05-24 14:41:45.487900,26.0,64.0,100,0,0,100
2026-05-24 14:41:46.488470,26.0,64.0,100,0,0,100
2026-05-24 14:41:47.605969,26.0,64.0,100,0,0,100
2026-05-24 14:41:48.549101,26.0,64.0,100,0,0,100
2026-05-24 14:41:49.546040,26.0,64.0,100,0,0,100
2026-05-24 14:41:50.547104,26.0,64.0,100,0,0,100
2026-05-24 14:41:51.547175,26.0,64.0,100,0,0,100
2026-05-24 14:41:52.607226,26.0,64.0,100,0,0,100
2026-05-24 14:41:53.603994,26.0,64.0,100,0,0,100
2026-05-24 14:41:54.701934,26.0,64.0,100,0,0,100
2026-05-24 14:41:55.702638,26.0,64.0,100,0,0,100
2026-05-24 14:41:56.760120,26.0,64.0,100,0,0,100
2026-05-24 14:41:57.768292,26.0,64.0,100,0,0,100
2026-05-24 14:41:58.826324,26.0,64.0,100,0,0,100
2026-05-24 14:41:59.816981,26.0,64.0,100,0,0,100
2026-05-24 14:42:00.910489,26.0,64.0,100,0,0,100
2026-05-24 14:42:01.909347,26.0,64.0,100,0,0,100
2026-05-24 14:42:02.962238,26.0,64.0,100,0,0,100
2026-05-24 14:42:03.970915,26.0,64.0,99,0,0,100
2026-05-24 14:42:05.026567,26.0,64.0,100,0,0,100
2026-05-24 14:42:06.018570,26.0,64.0,100,0,0,100
2026-05-24 14:42:07.100917,26.0,64.0,100,0,0,100
2026-05-24 14:42:08.100371,26.0,64.0,100,0,0,100
2026-05-24 14:42:09.162353,26.0,64.0,100,0,0,100
2026-05-24 14:42:10.154016,26.0,64.0,100,0,0,100
2026-05-24 14:42:11.257621,26.0,64.0,99,0,0,100
2026-05-24 14:42:12.257211,26.0,64.0,100,0,0,100
2026-05-24 14:42:13.311386,26.0,64.0,100,0,0,100
2026-05-24 14:42:14.319893,26.0,64.0,99,0,0,100
2026-05-24 14:42:15.375668,26.0,64.0,100,0,0,100
2026-05-24 14:42:16.365085,26.0,64.0,100,0,0,100
2026-05-24 14:42:17.459678,26.0,64.0,100,0,0,100
2026-05-24 14:42:18.460776,26.0,64.0,99,0,0,100
2026-05-24 14:42:19.511832,26.0,64.0,99,0,0,100
2026-05-24 14:42:20.519582,26.0,64.0,100,0,0,100
2026-05-24 14:42:21.515013,26.0,64.0,100,0,0,100
2026-05-24 14:42:22.513385,26.0,64.0,100,0,0,100
2026-05-24 14:42:23.568837,26.0,64.0,99,0,0,100
2026-05-24 14:42:24.569906,26.0,64.0,100,0,0,100
2026-05-24 14:42:25.631162,26.0,64.0,100,0,0,100
2026-05-24 14:42:26.622109,26.0,64.0,100,0,0,100
2026-05-24 14:42:27.722327,26.0,64.0,100,0,0,100
2026-05-24 14:42:28.723361,26.0,64.0,100,0,0,100
2026-05-24 14:42:29.776290,26.0,64.0,100,0,0,100
2026-05-24 14:42:30.783644,26.0,64.0,100,0,0,100
2026-05-24 14:42:31.839902,26.0,64.0,100,0,0,100
2026-05-24 14:42:32.829126,26.0,64.0,100,0,0,100
2026-05-24 14:42:33.926708,26.0,64.0,99,0,0,100
2026-05-24 14:42:34.926338,26.0,64.0,100,0,0,100
2026-05-24 14:42:35.991389,26.0,64.0,99,0,0,100
2026-05-24 14:42:37.002131,26.0,64.0,100,0,0,100
2026-05-24 14:42:38.055232,26.0,64.0,100,0,0,100
2026-05-24 14:42:39.047570,26.0,64.0,100,0,0,100
2026-05-24 14:42:40.133035,26.0,64.0,99,0,0,100
2026-05-24 14:42:41.133163,26.0,64.0,99,0,0,100
2026-05-24 14:42:42.184062,26.0,64.0,100,0,0,100
2026-05-24 14:42:43.190977,26.0,64.0,100,0,0,100
2026-05-24 14:42:44.235315,26.0,64.0,100,0,0,100
2026-05-24 14:42:45.234666,26.0,64.0,100,0,0,100
2026-05-24 14:42:46.290173,26.0,64.0,100,0,0,100
2026-05-24 14:42:47.290262,26.0,64.0,100,0,0,100
2026-05-24 14:42:48.354146,26.0,64.0,100,0,0,100
2026-05-24 14:42:49.354370,26.0,64.0,100,0,0,100
2026-05-24 14:42:50.438684,26.0,64.0,99,0,0,100
2026-05-24 14:42:51.439727,26.0,64.0,100,0,0,100
2026-05-24 14:42:52.509452,26.0,64.0,100,0,0,100
2026-05-24 14:42:53.498466,26.0,64.0,100,0,0,100
2026-05-24 14:42:54.586272,26.0,64.0,99,0,0,100
2026-05-24 14:42:55.577480,26.0,64.0,99,0,0,100
2026-05-24 14:42:56.683395,26.0,64.0,100,0,0,100
2026-05-24 14:42:57.669047,26.0,64.0,100,0,0,100
2026-05-24 14:42:58.748598,26.0,64.0,100,0,0,100
2026-05-24 14:42:59.757803,26.0,64.0,100,0,0,100
2026-05-24 14:43:00.807595,26.0,64.0,100,0,0,100
2026-05-24 14:43:01.806881,26.0,64.0,100,0,0,100
2026-05-24 14:43:02.864457,26.0,64.0,99,0,0,100
2026-05-24 14:43:03.863458,26.0,64.0,100,0,0,100
2026-05-24 14:43:04.928557,26.0,64.0,100,0,0,100
2026-05-24 14:43:05.920801,26.0,64.0,99,0,0,100
2026-05-24 14:43:07.011460,26.0,64.0,99,0,0,100
2026-05-24 14:43:08.011204,26.0,64.0,100,0,0,100
2026-05-24 14:43:09.066338,26.0,64.0,99,0,0,100
2026-05-24 14:43:10.074098,26.0,64.0,100,0,0,100
2026-05-24 14:43:11.119653,26.0,64.0,100,0,0,100
2026-05-24 14:43:12.118811,26.0,64.0,100,0,0,100
2026-05-24 14:43:13.173590,26.0,64.0,100,0,0,100
2026-05-24 14:43:14.172702,26.0,64.0,100,0,0,100
2026-05-24 14:43:15.239948,26.0,64.0,100,0,0,100
2026-05-24 14:43:16.239073,26.0,64.0,100,0,0,100
2026-05-24 14:43:17.317541,26.0,64.0,100,0,0,100
2026-05-24 14:43:18.323343,26.0,64.0,100,0,0,100
2026-05-24 14:43:19.375898,26.0,64.0,100,0,0,100
2026-05-24 14:43:20.375625,26.0,64.0,100,0,0,100
2026-05-24 14:43:21.440757,26.0,64.0,100,0,0,100
2026-05-24 14:43:22.430916,26.0,64.0,100,0,0,100
2026-05-24 14:43:23.532187,26.0,64.0,100,0,0,100
2026-05-24 14:43:24.531160,26.0,64.0,100,0,0,100
2026-05-24 14:43:25.590234,26.0,64.0,100,0,0,100
2026-05-24 14:43:26.600335,26.0,64.0,100,0,0,100
2026-05-24 14:43:27.647779,26.0,64.0,100,0,0,100
2026-05-24 14:43:28.647858,26.0,64.0,100,0,0,100
2026-05-24 14:43:29.699579,26.0,64.0,100,0,0,100
2026-05-24 14:43:30.699524,26.0,64.0,100,0,0,100
2026-05-24 14:43:31.761038,26.0,64.0,100,0,0,100
2026-05-24 14:43:32.754035,26.0,64.0,100,0,0,100
2026-05-24 14:43:33.842867,26.0,64.0,99,0,0,100
2026-05-24 14:43:34.842380,26.0,64.0,100,0,0,100
2026-05-24 14:43:35.896188,26.0,64.0,100,0,0,100
2026-05-24 14:43:36.906735,26.0,64.0,100,0,0,100
2026-05-24 14:43:37.959961,26.0,64.0,100,0,0,100
2026-05-24 14:43:38.952478,26.0,64.0,100,0,0,100
2026-05-24 14:43:40.045554,26.0,64.0,100,0,0,100
2026-05-24 14:43:41.046605,26.0,64.0,100,0,0,100
2026-05-24 14:43:42.101873,26.0,64.0,100,0,0,100
2026-05-24 14:43:43.109789,26.0,64.0,100,0,0,100
2026-05-24 14:43:44.158589,26.0,64.0,100,0,0,100
2026-05-24 14:43:45.158173,26.0,64.0,100,0,0,100
2026-05-24 14:43:46.212668,26.0,64.0,100,0,0,100
2026-05-24 14:43:47.213332,26.0,64.0,99,0,0,100
2026-05-24 14:43:48.273766,26.0,64.0,100,0,0,100
2026-05-24 14:43:49.264386,26.0,64.0,100,0,0,100
2026-05-24 14:43:50.356946,26.0,64.0,100,0,0,100
2026-05-24 14:43:51.438646,26.0,64.0,100,0,0,100
2026-05-24 14:43:52.438537,26.0,64.0,100,0,0,100
2026-05-24 14:43:53.449944,26.0,64.0,100,0,0,100
2026-05-24 14:43:54.500202,26.0,64.0,100,0,0,100
2026-05-24 14:43:55.494427,26.0,64.0,100,0,0,100
2026-05-24 14:43:56.590411,26.0,64.0,100,0,0,100
2026-05-24 14:43:57.595331,26.0,64.0,100,0,0,100
2026-05-24 14:43:58.859125,26.0,64.0,99,0,0,100
2026-05-24 14:43:59.663859,26.0,64.0,100,0,0,100
2026-05-24 14:44:00.667818,26.0,64.0,100,0,0,100
2026-05-24 14:44:01.658948,26.0,64.0,100,0,0,100
2026-05-24 14:44:02.657727,26.0,64.0,100,0,0,100
2026-05-24 14:44:03.717954,26.0,64.0,100,0,0,100
2026-05-24 14:44:04.715872,26.0,64.0,100,0,0,100
2026-05-24 14:44:05.793973,26.0,64.0,100,0,0,100
2026-05-24 14:44:06.774774,26.0,64.0,100,0,0,100
2026-05-24 14:44:07.774429,26.0,64.0,100,0,0,100
2026-05-24 14:44:08.774143,26.0,64.0,99,0,0,100
2026-05-24 14:44:09.776452,26.0,64.0,100,0,0,100
2026-05-24 14:44:10.831095,26.0,64.0,100,0,0,100
2026-05-24 14:44:11.830607,26.0,64.0,100,0,0,100
2026-05-24 14:44:12.894768,26.0,64.0,100,0,0,100
2026-05-24 14:44:13.894559,26.0,64.0,100,0,0,100
2026-05-24 14:44:14.950631,26.0,64.0,100,0,0,100
2026-05-24 14:44:15.951381,26.0,64.0,99,0,0,100
2026-05-24 14:44:17.015652,26.0,64.0,100,0,0,100
2026-05-24 14:44:18.005946,26.0,64.0,100,0,0,100
2026-05-24 14:44:19.099127,26.0,64.0,100,0,0,100
2026-05-24 14:44:20.099233,26.0,64.0,100,0,0,100
2026-05-24 14:44:21.154271,26.0,64.0,99,0,0,100
2026-05-24 14:44:22.163957,26.0,64.0,100,0,0,100
2026-05-24 14:44:23.155707,26.0,64.0,100,0,0,100
2026-05-24 14:44:24.154943,26.0,64.0,100,0,0,100
2026-05-24 14:44:25.208784,26.0,64.0,100,0,0,100
2026-05-24 14:44:26.209657,26.0,64.0,100,0,0,100
2026-05-24 14:44:27.270143,26.0,64.0,100,0,0,100
2026-05-24 14:44:28.269010,26.0,64.0,99,0,0,100
2026-05-24 14:44:29.346210,26.0,64.0,100,0,0,100
2026-05-24 14:44:30.346328,26.0,64.0,100,0,0,100
2026-05-24 14:44:31.399431,26.0,64.0,100,0,0,100
2026-05-24 14:44:32.399642,26.0,64.0,100,0,0,100
2026-05-24 14:44:33.462741,26.0,64.0,100,0,0,100
2026-05-24 14:44:34.455205,26.0,64.0,100,0,0,100
2026-05-24 14:44:35.557297,26.0,64.0,100,0,0,100
2026-05-24 14:44:36.556230,26.0,64.0,100,0,0,100
2026-05-24 14:44:37.610534,26.0,64.0,100,0,0,100
2026-05-24 14:44:38.625822,26.0,64.0,100,0,0,100
2026-05-24 14:44:39.669272,26.0,64.0,100,0,0,100
2026-05-24 14:44:40.668391,26.0,64.0,100,0,0,100
2026-05-24 14:44:41.722676,26.0,64.0,100,0,0,100
2026-05-24 14:44:42.718926,26.0,64.0,100,0,0,100
2026-05-24 14:44:43.792103,26.0,64.0,100,0,0,100
2026-05-24 14:44:44.788539,26.0,64.0,100,0,0,100
2026-05-24 14:44:45.882287,26.0,64.0,100,0,0,100
2026-05-24 14:44:46.876079,26.0,64.0,100,0,0,100
2026-05-24 14:44:47.934116,26.0,64.0,100,0,0,100
2026-05-24 14:44:48.938941,26.0,64.0,100,0,0,100
2026-05-24 14:44:50.000851,26.0,64.0,100,0,0,100
2026-05-24 14:44:50.995500,26.0,64.0,100,0,0,100
2026-05-24 14:44:52.087001,26.0,64.0,99,0,0,100
2026-05-24 14:44:53.087078,26.0,64.0,100,0,0,100
2026-05-24 14:44:54.141971,26.0,64.0,100,0,0,100
2026-05-24 14:44:55.152030,26.0,64.0,100,0,0,100
2026-05-24 14:44:56.199207,26.0,64.0,100,0,0,100
2026-05-24 14:44:57.200174,26.0,64.0,100,0,0,100
2026-05-24 14:44:58.251835,26.0,64.0,100,0,0,100
2026-05-24 14:44:59.252650,26.0,64.0,100,0,0,100
2026-05-24 14:45:00.311273,26.0,64.0,100,0,0,100
2026-05-24 14:45:01.310384,26.0,64.0,100,0,0,100
2026-05-24 14:45:02.406765,26.0,64.0,100,0,0,100
2026-05-24 14:45:03.405142,26.0,64.0,100,0,0,100
2026-05-24 14:45:04.462112,26.0,64.0,100,0,0,100
2026-05-24 14:45:05.480265,26.0,64.0,100,0,0,100
2026-05-24 14:45:06.523232,26.0,64.0,100,0,0,100
2026-05-24 14:45:07.520748,26.0,64.0,100,0,0,100
2026-05-24 14:45:08.579010,26.0,64.0,100,0,0,100
2026-05-24 14:45:09.578147,26.0,64.0,100,0,0,100
2026-05-24 14:45:10.644902,26.0,64.0,100,0,0,100
2026-05-24 14:45:11.636090,26.0,64.0,100,0,0,100
2026-05-24 14:45:12.725482,26.0,64.0,100,0,0,100
2026-05-24 14:45:13.725970,26.0,64.0,100,0,0,100
2026-05-24 14:45:14.782804,26.0,64.0,99,0,0,100
2026-05-24 14:45:15.794865,26.0,64.0,100,0,0,100
2026-05-24 14:45:16.838141,26.0,64.0,100,0,0,100
2026-05-24 14:45:17.837546,26.0,64.0,100,0,0,100
2026-05-24 14:45:18.895624,26.0,64.0,100,0,0,100
2026-05-24 14:45:19.895551,26.0,64.0,100,0,0,100
2026-05-24 14:45:20.961394,26.0,64.0,99,0,0,100
2026-05-24 14:45:21.954710,26.0,64.0,100,0,0,100
2026-05-24 14:45:23.049466,26.0,64.0,100,0,0,100
2026-05-24 14:45:24.050918,26.0,64.0,100,0,0,100
2026-05-24 14:45:25.108704,26.0,64.0,100,0,0,100
2026-05-24 14:45:26.122356,26.0,64.0,100,0,0,100
2026-05-24 14:45:27.163363,26.0,64.0,100,0,0,100
2026-05-24 14:45:28.164809,26.0,64.0,100,0,0,100
2026-05-24 14:45:29.216616,26.0,64.0,100,0,0,100
2026-05-24 14:45:30.218792,26.0,64.0,100,0,0,100
2026-05-24 14:45:31.281842,26.0,64.0,100,0,0,100
2026-05-24 14:45:32.272438,26.0,64.0,100,0,0,100
2026-05-24 14:45:33.363371,26.0,64.0,100,0,0,100
2026-05-24 14:45:34.359335,26.0,64.0,100,0,0,100
2026-05-24 14:45:35.381118,26.0,64.0,100,0,0,100
2026-05-24 14:45:36.395232,26.0,64.0,100,0,0,100
2026-05-24 14:45:37.431715,26.0,64.0,100,0,0,100
2026-05-24 14:45:38.430812,26.0,64.0,100,0,0,100
2026-05-24 14:45:39.484998,26.0,64.0,99,0,0,100
2026-05-24 14:45:40.485592,26.0,64.0,100,0,0,100
2026-05-24 14:45:41.551938,26.0,64.0,100,0,0,100
2026-05-24 14:45:42.543080,26.0,64.0,100,0,0,100
2026-05-24 14:45:43.652702,26.0,64.0,100,0,0,100
2026-05-24 14:45:44.650943,26.0,64.0,100,0,0,100
2026-05-24 14:45:45.718133,26.0,64.0,100,0,0,100
2026-05-24 14:45:46.726523,26.0,64.0,100,0,0,100
2026-05-24 14:45:47.774389,26.0,64.0,100,0,0,100
2026-05-24 14:45:48.777354,26.0,64.0,100,0,0,100
2026-05-24 14:45:49.826153,26.0,64.0,100,0,0,100
2026-05-24 14:45:50.824711,26.0,64.0,100,0,0,100
2026-05-24 14:45:51.887427,26.0,64.0,100,0,0,100
2026-05-24 14:45:52.879979,26.0,64.0,100,0,0,100
2026-05-24 14:45:53.975524,26.0,64.0,100,0,0,100
2026-05-24 14:45:54.976359,26.0,64.0,100,0,0,100
2026-05-24 14:45:56.030282,26.0,64.0,100,0,0,100
2026-05-24 14:45:57.043372,26.0,64.0,100,0,0,100
2026-05-24 14:45:58.083339,26.0,64.0,100,0,0,100
2026-05-24 14:45:59.083307,26.0,64.0,100,0,0,100
2026-05-24 14:46:00.135893,26.0,64.0,100,0,0,100
2026-05-24 14:46:01.136610,26.0,64.0,100,0,0,100
2026-05-24 14:46:02.197130,26.0,64.0,100,0,0,100
2026-05-24 14:46:03.198969,26.0,64.0,100,0,0,100
2026-05-24 14:46:04.276512,26.0,64.0,100,0,0,100
2026-05-24 14:46:05.282092,26.0,64.0,100,0,0,100
2026-05-24 14:46:06.339863,26.0,64.0,100,0,0,100
2026-05-24 14:46:07.338130,26.0,64.0,100,0,0,100
2026-05-24 14:46:08.436007,26.0,64.0,100,0,0,100
2026-05-24 14:46:09.440062,26.0,64.0,100,0,0,100
2026-05-24 14:46:10.523019,26.0,64.0,100,0,0,100
2026-05-24 14:46:11.522543,26.0,64.0,99,0,0,100
2026-05-24 14:46:12.582618,26.0,64.0,100,0,0,100
2026-05-24 14:46:13.582151,26.0,64.0,99,0,0,100
2026-05-24 14:46:14.649963,26.0,64.0,99,0,0,100
2026-05-24 14:46:15.642217,26.0,64.0,100,0,0,100
2026-05-24 14:46:16.742009,26.0,64.0,100,0,0,100
2026-05-24 14:46:17.739662,26.0,64.0,100,0,0,100
2026-05-24 14:46:18.796715,26.0,64.0,100,0,0,100
2026-05-24 14:46:19.808766,26.0,64.0,100,0,0,100
2026-05-24 14:46:20.852118,26.0,64.0,99,0,0,100
2026-05-24 14:46:21.851382,26.0,64.0,99,0,0,100
2026-05-24 14:46:22.904278,26.0,64.0,100,0,0,100
2026-05-24 14:46:23.904067,26.0,64.0,100,0,0,100
2026-05-24 14:46:24.969382,26.0,64.0,100,0,0,100
2026-05-24 14:46:25.961146,26.0,64.0,100,0,0,100
2026-05-24 14:46:27.057997,26.0,64.0,100,0,0,100
2026-05-24 14:46:28.058741,26.0,64.0,100,0,0,100
2026-05-24 14:46:29.111535,26.0,64.0,100,0,0,100
2026-05-24 14:46:30.125492,26.0,64.0,100,0,0,100
2026-05-24 14:46:31.162311,26.0,64.0,100,0,0,100
2026-05-24 14:46:32.163303,26.0,64.0,100,0,0,100
2026-05-24 14:46:33.217984,26.0,64.0,100,0,0,100
2026-05-24 14:46:34.219557,26.0,64.0,100,0,0,100
2026-05-24 14:46:35.280978,26.0,64.0,100,0,0,100
2026-05-24 14:46:36.272010,26.0,64.0,100,0,0,100
2026-05-24 14:46:37.366683,26.0,64.0,99,0,0,100
2026-05-24 14:46:38.365712,26.0,64.0,100,0,0,100
2026-05-24 14:46:39.421233,26.0,64.0,100,0,0,100
2026-05-24 14:46:40.431353,26.0,64.0,100,0,0,100
2026-05-24 14:46:41.473342,26.0,64.0,100,0,0,100
2026-05-24 14:46:42.473059,26.0,64.0,100,0,0,100
2026-05-24 14:46:43.521746,26.0,64.0,100,0,0,100
2026-05-24 14:46:44.522269,26.0,64.0,100,0,0,100
2026-05-24 14:46:45.584813,26.0,64.0,100,0,0,100
2026-05-24 14:46:46.575543,26.0,64.0,100,0,0,100
2026-05-24 14:46:47.674037,26.0,64.0,99,0,0,100
2026-05-24 14:46:48.674388,26.0,64.0,100,0,0,100
2026-05-24 14:46:49.729904,26.0,64.0,100,0,0,100
2026-05-24 14:46:50.742535,26.0,64.0,100,0,0,100
2026-05-24 14:46:51.790069,26.0,64.0,100,0,0,100
2026-05-24 14:46:52.878616,26.0,64.0,100,0,0,100
2026-05-24 14:46:53.878417,26.0,64.0,99,0,0,100
2026-05-24 14:46:54.878476,26.0,64.0,100,0,0,100
2026-05-24 14:46:55.941167,26.0,64.0,100,0,0,100
2026-05-24 14:46:56.938239,26.0,64.0,100,0,0,100
2026-05-24 14:46:58.017492,26.0,64.0,98,0,0,100
2026-05-24 14:46:59.016651,26.0,64.0,100,0,0,100
2026-05-24 14:47:00.070272,26.0,64.0,100,0,0,100
2026-05-24 14:47:01.078321,26.0,64.0,100,0,0,100
2026-05-24 14:47:02.126193,26.0,64.0,100,0,0,100
2026-05-24 14:47:03.125939,26.0,64.0,99,0,0,100
2026-05-24 14:47:04.179669,26.0,64.0,100,0,0,100
2026-05-24 14:47:05.180741,26.0,64.0,99,0,0,100
2026-05-24 14:47:06.241606,26.0,64.0,100,0,0,100
2026-05-24 14:47:07.232615,26.0,64.0,100,0,0,100
2026-05-24 14:47:08.328775,26.0,64.0,100,0,0,100
2026-05-24 14:47:09.326260,26.0,64.0,100,0,0,100
2026-05-24 14:47:10.331345,26.0,64.0,100,0,0,100
2026-05-24 14:47:11.329172,26.0,64.0,100,0,0,100
2026-05-24 14:47:12.390474,26.0,64.0,100,0,0,100
2026-05-24 14:47:13.391777,26.0,64.0,100,0,0,100
2026-05-24 14:47:14.455475,26.0,64.0,100,0,0,100
2026-05-24 14:47:15.453938,26.0,64.0,100,0,0,100
2026-05-24 14:47:16.517815,26.0,64.0,100,0,0,100
2026-05-24 14:47:17.525363,26.0,64.0,100,0,0,100
2026-05-24 14:47:18.575246,26.0,64.0,99,0,0,100
2026-05-24 14:47:19.574341,26.0,64.0,100,0,0,100
2026-05-24 14:47:20.640262,26.0,64.0,100,0,0,100
2026-05-24 14:47:21.638645,26.0,64.0,100,0,0,100
2026-05-24 14:47:22.706420,26.0,64.0,100,0,0,100
2026-05-24 14:47:23.697394,26.0,64.0,100,0,0,100
2026-05-24 14:47:24.794352,26.0,64.0,100,0,0,100
2026-05-24 14:47:25.793532,26.0,64.0,100,0,0,100
2026-05-24 14:47:26.847110,26.0,64.0,99,0,0,100
2026-05-24 14:47:27.859454,26.0,64.0,99,0,0,100
2026-05-24 14:47:28.900867,26.0,64.0,100,0,0,100
2026-05-24 14:47:29.901800,26.0,64.0,100,0,0,100
2026-05-24 14:47:30.962226,26.0,64.0,100,0,0,100
2026-05-24 14:47:31.956510,26.0,64.0,100,0,0,100
2026-05-24 14:47:33.028364,26.0,64.0,100,0,0,100
2026-05-24 14:47:34.020526,26.0,64.0,100,0,0,100
2026-05-24 14:47:35.126625,26.0,64.0,100,0,0,100
2026-05-24 14:47:36.121577,26.0,64.0,100,0,0,100
2026-05-24 14:47:37.149984,26.0,64.0,100,0,0,100
2026-05-24 14:47:38.156007,26.0,64.0,100,0,0,100
2026-05-24 14:47:39.202910,26.0,64.0,100,0,0,100
2026-05-24 14:47:40.202505,26.0,64.0,100,0,0,100
2026-05-24 14:47:41.259241,26.0,64.0,100,0,0,100
2026-05-24 14:47:42.259911,26.0,64.0,100,0,0,100
2026-05-24 14:47:43.329072,26.0,64.0,99,0,0,100
2026-05-24 14:47:44.318489,26.0,64.0,100,0,0,100
2026-05-24 14:47:45.400751,26.0,64.0,100,0,0,100
2026-05-24 14:47:46.400143,26.0,64.0,100,0,0,100
2026-05-24 14:47:47.456481,26.0,64.0,99,0,0,100
2026-05-24 14:47:48.464802,26.0,64.0,100,0,0,100
2026-05-24 14:47:49.511816,26.0,64.0,100,0,0,100
2026-05-24 14:47:50.510728,26.0,64.0,100,0,0,100
2026-05-24 14:47:51.569111,26.0,64.0,100,0,0,100
2026-05-24 14:47:52.566041,26.0,64.0,100,0,0,100
2026-05-24 14:47:53.643487,26.0,64.0,99,0,0,100
2026-05-24 14:47:54.633973,26.0,64.0,100,0,0,100
2026-05-24 14:47:55.720088,26.0,64.0,100,0,0,100
2026-05-24 14:47:56.718722,26.0,64.0,99,0,0,100
2026-05-24 14:47:57.776359,26.0,64.0,100,0,0,100
2026-05-24 14:47:58.782932,26.0,64.0,100,0,0,100
2026-05-24 14:47:59.827613,26.0,64.0,100,0,0,100
2026-05-24 14:48:00.826113,26.0,64.0,100,0,0,100
2026-05-24 14:48:01.884597,26.0,64.0,100,0,0,100
2026-05-24 14:48:02.884444,26.0,64.0,100,0,0,100
2026-05-24 14:48:03.943947,26.0,64.0,100,0,0,100
2026-05-24 14:48:04.944465,26.0,64.0,100,0,0,100
2026-05-24 14:48:06.022425,26.0,64.0,99,0,0,100
2026-05-24 14:48:07.030379,26.0,64.0,100,0,0,100
2026-05-24 14:48:08.076700,26.0,64.0,100,0,0,100
2026-05-24 14:48:09.076436,26.0,64.0,100,0,0,100
2026-05-24 14:48:10.138027,26.0,64.0,100,0,0,100
2026-05-24 14:48:11.129931,26.0,64.0,100,0,0,100
2026-05-24 14:48:12.220741,26.0,64.0,99,0,0,100
2026-05-24 14:48:13.219429,26.0,64.0,100,0,0,100
2026-05-24 14:48:14.280673,26.0,64.0,100,0,0,100
2026-05-24 14:48:15.291078,26.0,64.0,100,0,0,100
2026-05-24 14:48:16.340280,26.0,64.0,100,0,0,100
2026-05-24 14:48:17.339814,26.0,64.0,100,0,0,100
2026-05-24 14:48:18.399448,26.0,64.0,100,0,0,100
2026-05-24 14:48:19.399497,26.0,64.0,100,0,0,100
2026-05-24 14:48:20.472265,26.0,64.0,100,0,0,100
2026-05-24 14:48:21.459494,26.0,64.0,100,0,0,100
2026-05-24 14:48:22.558398,26.0,64.0,98,0,0,100
2026-05-24 14:48:23.558047,26.0,64.0,100,0,0,100
2026-05-24 14:48:24.619447,26.0,64.0,99,0,0,100
2026-05-24 14:48:25.627191,26.0,64.0,100,0,0,100
2026-05-24 14:48:26.683996,26.0,64.0,100,0,0,100
2026-05-24 14:48:27.683521,26.0,64.0,100,0,0,100
2026-05-24 14:48:28.739323,26.0,64.0,99,0,0,100
2026-05-24 14:48:29.738784,26.0,64.0,100,0,0,100
2026-05-24 14:48:30.808102,26.0,64.0,99,0,0,100
2026-05-24 14:48:31.798087,26.0,64.0,100,0,0,100
2026-05-24 14:48:32.893358,26.0,64.0,100,0,0,100
2026-05-24 14:48:33.894398,26.0,64.0,99,0,0,100
2026-05-24 14:48:34.947088,26.0,64.0,100,0,0,100
2026-05-24 14:48:35.958871,26.0,64.0,100,0,0,100
2026-05-24 14:48:36.999311,26.0,64.0,100,0,0,100
2026-05-24 14:48:37.998161,26.0,64.0,100,0,0,100
2026-05-24 14:48:39.053157,26.0,64.0,100,0,0,100
2026-05-24 14:48:40.052273,26.0,64.0,100,0,0,100
2026-05-24 14:48:41.116692,26.0,64.0,100,0,0,100
2026-05-24 14:48:42.105154,26.0,64.0,100,0,0,100
2026-05-24 14:48:43.201519,26.0,64.0,100,0,0,100
2026-05-24 14:48:44.199608,26.0,64.0,100,0,0,100
2026-05-24 14:48:45.255831,26.0,64.0,100,0,0,100
2026-05-24 14:48:46.266653,26.0,64.0,100,0,0,100
2026-05-24 14:48:47.311761,26.0,64.0,100,0,0,100
2026-05-24 14:48:48.310450,26.0,64.0,100,0,0,100
2026-05-24 14:48:49.371028,26.0,64.0,99,0,0,100
2026-05-24 14:48:50.370010,26.0,64.0,100,0,0,100
2026-05-24 14:48:51.440969,26.0,64.0,98,0,0,100
2026-05-24 14:48:52.430175,26.0,64.0,100,0,0,100
2026-05-24 14:48:53.534995,26.0,64.0,100,0,0,100
2026-05-24 14:48:54.535159,26.0,64.0,99,0,0,100
2026-05-24 14:48:55.591338,26.0,64.0,100,0,0,100
2026-05-24 14:48:56.599731,26.0,64.0,100,0,0,100
2026-05-24 14:48:57.659023,26.0,64.0,100,0,0,100
2026-05-24 14:48:58.647920,26.0,64.0,100,0,0,100
2026-05-24 14:48:59.746662,26.0,64.0,100,0,0,100
2026-05-24 14:49:00.746614,26.0,64.0,100,0,0,100
2026-05-24 14:49:01.804462,26.0,64.0,100,0,0,100
2026-05-24 14:49:02.812527,26.0,64.0,100,0,0,100
2026-05-24 14:49:03.866188,26.0,64.0,99,0,0,100
2026-05-24 14:49:04.863025,26.0,64.0,100,0,0,100
2026-05-24 14:49:05.919604,26.0,64.0,99,0,0,100
2026-05-24 14:49:06.919909,26.0,64.0,100,0,0,100
2026-05-24 14:49:07.984105,26.0,64.0,100,0,0,100
2026-05-24 14:49:08.972765,26.0,64.0,99,0,0,100
2026-05-24 14:49:10.073958,26.0,64.0,100,0,0,100
2026-05-24 14:49:11.075545,26.0,64.0,100,0,0,100
2026-05-24 14:49:12.131255,26.0,64.0,100,0,0,100
2026-05-24 14:49:13.138564,26.0,64.0,100,0,0,100
2026-05-24 14:49:14.191713,26.0,64.0,100,0,0,100
2026-05-24 14:49:15.185239,26.0,64.0,100,0,0,100
2026-05-24 14:49:16.269805,26.0,64.0,99,0,0,100
2026-05-24 14:49:17.270237,26.0,64.0,100,0,0,100
2026-05-24 14:49:18.343825,26.0,64.0,100,0,0,100
2026-05-24 14:49:19.340310,26.0,64.0,100,0,0,100
2026-05-24 14:49:20.405275,26.0,64.0,99,0,0,100
2026-05-24 14:49:21.405395,26.0,64.0,100,0,0,100
2026-05-24 14:49:22.463305,26.0,64.0,100,0,0,100
2026-05-24 14:49:23.462575,26.0,64.0,100,0,0,100
2026-05-24 14:49:24.535745,26.0,64.0,100,0,0,100
2026-05-24 14:49:25.526491,26.0,64.0,100,0,0,100
2026-05-24 14:49:26.627802,26.0,64.0,99,0,0,100
2026-05-24 14:49:27.626716,26.0,64.0,100,0,0,100
2026-05-24 14:49:28.682801,26.0,64.0,100,0,0,100
2026-05-24 14:49:29.694268,26.0,64.0,100,0,0,100
2026-05-24 14:49:30.738007,26.0,64.0,100,0,0,100
2026-05-24 14:49:31.738853,26.0,64.0,100,0,0,100
2026-05-24 14:49:32.791018,26.0,64.0,100,0,0,100
2026-05-24 14:49:33.788713,26.0,64.0,100,0,0,100
2026-05-24 14:49:34.860405,26.0,64.0,100,0,0,100
2026-05-24 14:49:35.948878,26.0,64.0,100,0,0,100
2026-05-24 14:49:36.947557,26.0,64.0,100,0,0,100
2026-05-24 14:49:37.947827,26.0,64.0,100,0,0,100
2026-05-24 14:49:39.003502,26.0,64.0,100,0,0,100
2026-05-24 14:49:40.014007,26.0,64.0,100,0,0,100
2026-05-24 14:49:41.061073,26.0,64.0,99,0,0,100
2026-05-24 14:49:42.060130,26.0,64.0,100,0,0,100
2026-05-24 14:49:43.112188,26.0,64.0,99,0,0,100
2026-05-24 14:49:44.111944,26.0,64.0,100,0,0,100
2026-05-24 14:49:45.170974,26.0,64.0,100,0,0,100
2026-05-24 14:49:46.175826,26.0,64.0,100,0,0,100
2026-05-24 14:49:47.260276,26.0,64.0,100,0,0,100
2026-05-24 14:49:48.259314,26.0,64.0,99,0,0,100
2026-05-24 14:49:49.314098,26.0,64.0,100,0,0,100
2026-05-24 14:49:50.314630,26.0,64.0,99,0,0,100
2026-05-24 14:49:51.381127,26.0,64.0,100,0,0,100
2026-05-24 14:49:52.371411,26.0,64.0,100,0,0,100
2026-05-24 14:49:53.462133,26.0,64.0,100,0,0,100
2026-05-24 14:49:54.461803,26.0,64.0,100,0,0,100
2026-05-24 14:49:55.466461,26.0,64.0,100,0,0,100
2026-05-24 14:49:56.475052,26.0,64.0,100,0,0,100
2026-05-24 14:49:57.519085,26.0,64.0,100,0,0,100
2026-05-24 14:49:58.519164,26.0,64.0,100,0,0,100
2026-05-24 14:49:59.572926,26.0,64.0,100,0,0,100
2026-05-24 14:50:00.573299,26.0,64.0,100,0,0,100
2026-05-24 14:50:01.644249,26.0,64.0,99,0,0,100
2026-05-24 14:50:02.634469,26.0,64.0,100,0,0,100
2026-05-24 14:50:03.721467,26.0,64.0,100,0,0,100
2026-05-24 14:50:04.720831,26.0,64.0,100,0,0,100
2026-05-24 14:50:05.781091,26.0,64.0,100,0,0,100
2026-05-24 14:50:06.789532,26.0,64.0,100,0,0,100
2026-05-24 14:50:07.837148,26.0,64.0,100,0,0,100
2026-05-24 14:50:08.841738,26.0,64.0,99,0,0,100
2026-05-24 14:50:09.891692,26.0,64.0,100,0,0,100
2026-05-24 14:50:10.894152,26.0,64.0,100,0,0,100
2026-05-24 14:50:11.953487,26.0,64.0,100,0,0,100
2026-05-24 14:50:12.943239,26.0,64.0,100,0,0,100
2026-05-24 14:50:14.027585,26.0,64.0,100,0,0,100
2026-05-24 14:50:15.027144,26.0,64.0,100,0,0,100
2026-05-24 14:50:16.079425,26.0,64.0,100,0,0,100
2026-05-24 14:50:17.086466,26.0,64.0,100,0,0,100
2026-05-24 14:50:18.133743,26.0,64.0,100,0,0,100
2026-05-24 14:50:19.134617,26.0,64.0,100,0,0,100
2026-05-24 14:50:20.191114,26.0,64.0,100,0,0,100
2026-05-24 14:50:21.190138,26.0,64.0,100,0,0,100
2026-05-24 14:50:22.250790,26.0,64.0,100,0,0,100
2026-05-24 14:50:23.246700,26.0,64.0,100,0,0,100
2026-05-24 14:50:24.334486,26.0,64.0,100,0,0,100
2026-05-24 14:50:25.334123,26.0,64.0,100,0,0,100
2026-05-24 14:50:26.395129,26.0,64.0,100,0,0,100
2026-05-24 14:50:27.413853,26.0,64.0,99,0,0,100
2026-05-24 14:50:28.454860,26.0,64.0,100,0,0,100
2026-05-24 14:50:29.452358,26.0,64.0,100,0,0,100
2026-05-24 14:50:30.518267,26.0,64.0,100,0,0,100
2026-05-24 14:50:31.517936,26.0,64.0,100,0,0,100
2026-05-24 14:50:32.585422,26.0,64.0,100,0,0,100
2026-05-24 14:50:33.576131,26.0,64.0,100,0,0,100
2026-05-24 14:50:34.673520,26.0,64.0,100,0,0,100
2026-05-24 14:50:35.673988,26.0,64.0,100,0,0,100
2026-05-24 14:50:36.730773,26.0,64.0,100,0,0,100
2026-05-24 14:50:37.739727,26.0,64.0,97,0,0,100
2026-05-24 14:50:38.799517,26.0,64.0,100,0,0,100
2026-05-24 14:50:39.791018,26.0,64.0,100,0,0,100
2026-05-24 14:50:40.793426,26.0,63.0,100,0,0,100
2026-05-24 14:50:41.792717,26.0,64.0,100,0,0,100
2026-05-24 14:50:42.848767,26.0,64.0,99,0,0,100
2026-05-24 14:50:43.848500,26.0,64.0,100,0,0,100
2026-05-24 14:50:44.910985,26.0,64.0,100,0,0,100
2026-05-24 14:50:45.903528,26.0,64.0,100,0,0,100
2026-05-24 14:50:46.994365,26.0,64.0,100,0,0,100
2026-05-24 14:50:47.994684,26.0,64.0,100,0,0,100
2026-05-24 14:50:49.048373,26.0,63.0,100,0,0,100
2026-05-24 14:50:50.066093,26.0,64.0,100,0,0,100
2026-05-24 14:50:51.101053,26.0,63.0,99,0,0,100
2026-05-24 14:50:52.106208,26.0,63.0,100,0,0,100
2026-05-24 14:50:53.153121,26.0,63.0,100,0,0,100
2026-05-24 14:50:54.152490,26.0,63.0,100,0,0,100
2026-05-24 14:50:55.212704,26.0,63.0,98,0,0,100
2026-05-24 14:50:56.212082,26.0,63.0,100,0,0,100
2026-05-24 14:50:57.284977,26.0,63.0,100,0,0,100
2026-05-24 14:50:58.285153,26.0,63.0,99,0,0,100
2026-05-24 14:50:59.338941,26.0,64.0,100,0,0,100
2026-05-24 14:51:00.339203,26.0,63.0,100,0,0,100
2026-05-24 14:51:01.407878,26.0,63.0,100,0,0,100
2026-05-24 14:51:02.395358,26.0,63.0,100,0,0,100
2026-05-24 14:51:03.491542,26.0,63.0,100,0,0,100
2026-05-24 14:51:04.491991,26.0,63.0,100,0,0,100
2026-05-24 14:51:05.546440,26.0,63.0,100,0,0,100
2026-05-24 14:51:06.554978,26.0,63.0,100,0,0,100
2026-05-24 14:51:07.602090,26.0,63.0,100,0,0,100
2026-05-24 14:51:08.600796,26.0,63.0,100,0,0,100
2026-05-24 14:51:09.664825,26.0,63.0,100,0,0,100
2026-05-24 14:51:10.664299,26.0,63.0,100,0,0,100
2026-05-24 14:51:11.729857,26.0,63.0,99,0,0,100
2026-05-24 14:51:12.726811,26.0,63.0,100,0,0,100
2026-05-24 14:51:13.809141,26.0,63.0,100,0,0,100
2026-05-24 14:51:14.809501,26.0,63.0,100,0,0,100
2026-05-24 14:51:15.867774,26.0,63.0,100,0,0,100
2026-05-24 14:51:16.867636,26.0,63.0,100,0,0,100
2026-05-24 14:51:17.930370,26.0,63.0,99,0,0,100
2026-05-24 14:51:18.924579,26.0,63.0,100,0,0,100
2026-05-24 14:51:20.026507,26.0,63.0,100,0,0,100
2026-05-24 14:51:21.022644,26.0,63.0,100,0,0,100
2026-05-24 14:51:22.084020,26.0,63.0,100,0,0,100
2026-05-24 14:51:23.092057,26.0,63.0,100,0,0,100
2026-05-24 14:51:24.141019,26.0,63.0,99,0,0,100
2026-05-24 14:51:25.141995,26.0,63.0,100,0,0,100
2026-05-24 14:51:26.191898,26.0,63.0,100,0,0,100
2026-05-24 14:51:27.197015,26.0,63.0,100,0,0,100
2026-05-24 14:51:28.260165,26.0,63.0,100,0,0,100
2026-05-24 14:51:29.256800,26.0,63.0,100,0,0,100
2026-05-24 14:51:30.342792,26.0,63.0,100,0,0,100
2026-05-24 14:51:31.347285,26.0,63.0,99,0,0,100
2026-05-24 14:51:32.404530,26.0,63.0,100,0,0,100
2026-05-24 14:51:33.400144,26.0,63.0,100,0,0,100
2026-05-24 14:51:34.469257,26.0,63.0,100,0,0,100
2026-05-24 14:51:35.459184,26.0,63.0,100,0,0,100
2026-05-24 14:51:36.563206,26.0,63.0,100,0,0,100
2026-05-24 14:51:37.563195,26.0,63.0,100,0,0,100
2026-05-24 14:51:38.587533,26.0,63.0,100,0,0,100
2026-05-24 14:51:39.597155,26.0,63.0,100,0,0,100
2026-05-24 14:51:40.657934,26.0,63.0,99,0,0,100
2026-05-24 14:51:41.645049,26.0,64.0,100,0,0,100
2026-05-24 14:51:42.739955,26.0,64.0,100,0,0,100
2026-05-24 14:51:43.740885,26.0,64.0,100,0,0,100
2026-05-24 14:51:44.794015,26.0,64.0,100,0,0,100
2026-05-24 14:51:45.803468,26.0,64.0,100,0,0,100
2026-05-24 14:51:46.847548,26.0,64.0,100,0,0,100
2026-05-24 14:51:47.847799,26.0,64.0,100,0,0,100
2026-05-24 14:51:48.905070,26.0,64.0,99,0,0,100
2026-05-24 14:51:49.906096,26.0,64.0,100,0,0,100
2026-05-24 14:51:50.967982,26.0,64.0,99,0,0,100
2026-05-24 14:51:51.959258,26.0,64.0,100,0,0,100
2026-05-24 14:51:53.052912,26.0,64.0,99,0,0,100
2026-05-24 14:51:54.058500,26.0,64.0,100,0,0,100
2026-05-24 14:51:55.105526,26.0,64.0,100,0,0,100
2026-05-24 14:51:56.114070,26.0,64.0,99,0,0,100
2026-05-24 14:51:57.106112,26.0,64.0,100,0,0,100
2026-05-24 14:51:58.105249,26.0,64.0,100,0,0,100
2026-05-24 14:51:59.164348,26.0,64.0,100,0,0,100
2026-05-24 14:52:00.164261,26.0,64.0,100,0,0,100
2026-05-24 14:52:01.227367,26.0,64.0,99,0,0,100
2026-05-24 14:52:02.216923,26.0,64.0,99,0,0,100
2026-05-24 14:52:03.318493,26.0,64.0,100,0,0,100
2026-05-24 14:52:04.317808,26.0,64.0,100,0,0,100
2026-05-24 14:52:05.373962,26.0,64.0,100,0,0,100
2026-05-24 14:52:06.386050,26.0,64.0,100,0,0,100
2026-05-24 14:52:07.440113,26.0,64.0,100,0,0,100
2026-05-24 14:52:08.430436,26.0,64.0,100,0,0,100
2026-05-24 14:52:09.517096,26.0,64.0,100,0,0,100
2026-05-24 14:52:10.516971,26.0,64.0,100,0,0,100
2026-05-24 14:52:11.578928,26.0,64.0,100,0,0,100
2026-05-24 14:52:12.582414,26.0,64.0,100,0,0,100
2026-05-24 14:52:13.662828,26.0,64.0,100,0,0,100
2026-05-24 14:52:14.661725,26.0,64.0,100,0,0,100
2026-05-24 14:52:15.721551,26.0,64.0,100,0,0,100
2026-05-24 14:52:16.721968,26.0,64.0,100,0,0,100
2026-05-24 14:52:17.787763,26.0,64.0,100,0,0,100
2026-05-24 14:52:18.777940,26.0,64.0,100,0,0,100
2026-05-24 14:52:19.877840,26.0,64.0,99,0,0,100
2026-05-24 14:52:20.878161,26.0,64.0,100,0,0,100
2026-05-24 14:52:21.933537,26.0,64.0,100,0,0,100
2026-05-24 14:52:22.943334,26.0,64.0,100,0,0,100
2026-05-24 14:52:23.986757,26.0,64.0,100,0,0,100
2026-05-24 14:52:24.986742,26.0,64.0,100,0,0,100
2026-05-24 14:52:26.038529,26.0,64.0,99,0,0,100
2026-05-24 14:52:27.039071,26.0,64.0,100,0,0,100
2026-05-24 14:52:28.108287,26.0,64.0,100,0,0,100
2026-05-24 14:52:29.096298,26.0,64.0,100,0,0,100
2026-05-24 14:52:30.184051,26.0,64.0,100,0,0,100
2026-05-24 14:52:31.189638,26.0,64.0,99,0,0,100
2026-05-24 14:52:32.237982,26.0,64.0,100,0,0,100
2026-05-24 14:52:33.248898,26.0,64.0,100,0,0,100
2026-05-24 14:52:34.296675,26.0,64.0,100,0,0,100
2026-05-24 14:52:35.299320,26.0,64.0,99,0,0,100
2026-05-24 14:52:36.354503,26.0,64.0,99,0,0,100
2026-05-24 14:52:37.352762,26.0,64.0,100,0,0,100
2026-05-24 14:52:38.429637,26.0,64.0,100,0,0,100
2026-05-24 14:52:39.425923,26.0,64.0,100,0,0,100
2026-05-24 14:52:40.512843,26.0,64.0,100,0,0,100
2026-05-24 14:52:41.515483,26.0,64.0,99,0,0,100
2026-05-24 14:52:42.569533,26.0,64.0,100,0,0,100
2026-05-24 14:52:43.568706,26.0,64.0,100,0,0,100
2026-05-24 14:52:44.646634,26.0,64.0,100,0,0,100
2026-05-24 14:52:45.632735,26.0,64.0,100,0,0,100
2026-05-24 14:52:46.734397,26.0,64.0,100,0,0,100
2026-05-24 14:52:47.735975,26.0,64.0,99,0,0,100
2026-05-24 14:52:48.789905,26.0,64.0,100,0,0,100
2026-05-24 14:52:49.798303,26.0,64.0,100,0,0,100
2026-05-24 14:52:50.842834,26.0,64.0,100,0,0,100
2026-05-24 14:52:51.843336,26.0,64.0,100,0,0,100
2026-05-24 14:52:52.894914,26.0,64.0,100,0,0,100
2026-05-24 14:52:53.894380,26.0,64.0,99,0,0,100
2026-05-24 14:52:54.959641,26.0,64.0,100,0,0,100
2026-05-24 14:52:55.949705,26.0,64.0,100,0,0,100
2026-05-24 14:52:57.035949,26.0,64.0,99,0,0,100
2026-05-24 14:52:58.034735,26.0,64.0,99,0,0,100
2026-05-24 14:52:59.090234,26.0,64.0,99,0,0,100
2026-05-24 14:53:00.102897,26.0,64.0,100,0,0,100
2026-05-24 14:53:01.142021,26.0,64.0,100,0,0,100
2026-05-24 14:53:02.146534,26.0,64.0,100,0,0,100
2026-05-24 14:53:03.197983,26.0,64.0,100,0,0,100
2026-05-24 14:53:04.197778,26.0,64.0,100,0,0,100
2026-05-24 14:53:05.260516,26.0,64.0,100,0,0,100
2026-05-24 14:53:06.259673,26.0,64.0,100,0,0,100
2026-05-24 14:53:07.352373,26.0,64.0,99,0,0,100
2026-05-24 14:53:08.352333,26.0,64.0,100,0,0,100
2026-05-24 14:53:09.406322,26.0,64.0,100,0,0,100
2026-05-24 14:53:10.405825,26.0,64.0,100,0,0,100
2026-05-24 14:53:11.466788,26.0,64.0,99,0,0,100
2026-05-24 14:53:12.459989,26.0,64.0,100,0,0,100
2026-05-24 14:53:13.550997,26.0,64.0,100,0,0,100
2026-05-24 14:53:14.551707,26.0,64.0,100,0,0,100
2026-05-24 14:53:15.602354,26.0,64.0,100,0,0,100
2026-05-24 14:53:16.618062,26.0,64.0,100,0,0,100
2026-05-24 14:53:17.665028,26.0,64.0,100,0,0,100
2026-05-24 14:53:18.664343,26.0,64.0,100,0,0,100
2026-05-24 14:53:19.717509,26.0,64.0,99,0,0,100
2026-05-24 14:53:20.717985,26.0,64.0,100,0,0,100
2026-05-24 14:53:21.778948,26.0,64.0,100,0,0,100
2026-05-24 14:53:22.771000,26.0,64.0,100,0,0,100
2026-05-24 14:53:23.882292,26.0,64.0,100,0,0,100
2026-05-24 14:53:24.882834,26.0,64.0,100,0,0,100
2026-05-24 14:53:25.937996,26.0,64.0,99,0,0,100
2026-05-24 14:53:26.947238,26.0,64.0,100,0,0,100
2026-05-24 14:53:27.997970,26.0,64.0,100,0,0,100
2026-05-24 14:53:28.990084,26.0,64.0,100,0,0,100
2026-05-24 14:53:30.079193,26.0,64.0,100,0,0,100
2026-05-24 14:53:31.080163,26.0,64.0,100,0,0,100
2026-05-24 14:53:32.132008,26.0,64.0,100,0,0,100
2026-05-24 14:53:33.140102,26.0,64.0,99,0,0,100
2026-05-24 14:53:34.183957,26.0,64.0,99,0,0,100
2026-05-24 14:53:35.184092,26.0,64.0,100,0,0,100
2026-05-24 14:53:36.239038,26.0,64.0,100,0,0,100
2026-05-24 14:53:37.354651,26.0,64.0,100,0,0,100
2026-05-24 14:53:38.362155,26.0,64.0,100,0,0,100
2026-05-24 14:53:39.362095,26.0,64.0,100,0,0,100
2026-05-24 14:53:40.447248,26.0,64.0,100,0,0,100
2026-05-24 14:53:41.446272,26.0,64.0,100,0,0,100
2026-05-24 14:53:42.506143,26.0,64.0,100,0,0,100
2026-05-24 14:53:43.506071,26.0,64.0,100,0,0,100
2026-05-24 14:53:44.517420,27.0,64.0,100,0,0,100
2026-05-24 14:53:45.516382,26.0,64.0,100,0,0,100
2026-05-24 14:53:46.598219,26.0,64.0,100,0,0,100
2026-05-24 14:53:47.596821,26.0,64.0,100,0,0,100
2026-05-24 14:53:48.653387,26.0,64.0,99,0,0,100
2026-05-24 14:53:49.658003,26.0,64.0,100,0,0,100
2026-05-24 14:53:50.714317,26.0,64.0,100,0,0,100
2026-05-24 14:53:51.706214,27.0,64.0,100,0,0,100
2026-05-24 14:53:52.806051,26.0,64.0,100,0,0,100
2026-05-24 14:53:53.805533,26.0,64.0,100,0,0,100
2026-05-24 14:53:54.861957,26.0,64.0,100,0,0,100
2026-05-24 14:53:55.960726,26.0,64.0,100,0,0,100
2026-05-24 14:53:56.949089,26.0,64.0,100,0,0,100
2026-05-24 14:53:57.950386,26.0,64.0,100,0,0,100
2026-05-24 14:53:58.949832,26.0,64.0,100,0,0,100
2026-05-24 14:53:59.950363,27.0,64.0,100,0,0,100
2026-05-24 14:54:01.007458,27.0,64.0,100,0,0,100
2026-05-24 14:54:02.015745,27.0,64.0,100,0,0,100
2026-05-24 14:54:03.059441,26.0,64.0,100,0,0,100
2026-05-24 14:54:04.059731,27.0,64.0,100,0,0,100
2026-05-24 14:54:05.113961,26.0,64.0,100,0,0,100
2026-05-24 14:54:06.115780,26.0,64.0,100,0,0,100
2026-05-24 14:54:07.177616,27.0,64.0,99,0,0,100
2026-05-24 14:54:08.190639,26.0,64.0,99,0,0,100
2026-05-24 14:54:09.264518,26.0,64.0,100,0,0,100
2026-05-24 14:54:10.267523,26.0,64.0,100,0,0,100
2026-05-24 14:54:11.322530,27.0,64.0,100,0,0,100
2026-05-24 14:54:12.320615,27.0,64.0,99,0,0,100
2026-05-24 14:54:13.383686,27.0,64.0,100,0,0,100
2026-05-24 14:54:14.374933,26.0,64.0,100,0,0,100
2026-05-24 14:54:15.478114,27.0,64.0,100,0,0,100
2026-05-24 14:54:16.478724,26.0,64.0,100,0,0,100
2026-05-24 14:54:17.529966,27.0,64.0,100,0,0,100
2026-05-24 14:54:18.542987,27.0,64.0,99,0,0,100
2026-05-24 14:54:19.589117,27.0,64.0,100,0,0,100
2026-05-24 14:54:20.589478,26.0,64.0,99,0,0,100
2026-05-24 14:54:21.644669,26.0,64.0,99,0,0,100
2026-05-24 14:54:22.644758,26.0,64.0,100,0,0,100
2026-05-24 14:54:23.704603,27.0,64.0,100,0,0,100
2026-05-24 14:54:24.696688,26.0,64.0,99,0,0,100
2026-05-24 14:54:25.787800,26.0,64.0,100,0,0,100
2026-05-24 14:54:26.787059,26.0,64.0,100,0,0,100
2026-05-24 14:54:27.841577,27.0,64.0,99,0,0,100
2026-05-24 14:54:28.849118,27.0,64.0,100,0,0,100
2026-05-24 14:54:29.907655,27.0,64.0,100,0,0,100
2026-05-24 14:54:30.897372,26.0,63.0,100,0,0,100
2026-05-24 14:54:31.986653,27.0,64.0,99,0,0,100
2026-05-24 14:54:32.986823,27.0,64.0,100,0,0,100
2026-05-24 14:54:34.039185,27.0,64.0,99,0,0,100
2026-05-24 14:54:35.051714,27.0,64.0,100,0,0,100
2026-05-24 14:54:36.091411,27.0,64.0,100,0,0,100
2026-05-24 14:54:37.092536,27.0,64.0,100,0,0,100
2026-05-24 14:54:38.148332,27.0,64.0,99,0,0,100
2026-05-24 14:54:39.150077,26.0,64.0,100,0,0,100
2026-05-24 14:54:40.216958,27.0,64.0,100,0,0,100
2026-05-24 14:54:41.201021,27.0,64.0,100,0,0,100
2026-05-24 14:54:42.302921,27.0,64.0,99,0,0,100
2026-05-24 14:54:43.303112,27.0,64.0,100,0,0,100
2026-05-24 14:54:44.365725,27.0,64.0,100,0,0,100
2026-05-24 14:54:45.381588,27.0,64.0,100,0,0,100
2026-05-24 14:54:46.439001,27.0,64.0,100,0,0,100
2026-05-24 14:54:47.428512,27.0,64.0,100,0,0,100
2026-05-24 14:54:48.523424,26.0,64.0,99,0,0,100
2026-05-24 14:54:49.522234,26.0,64.0,99,0,0,100
2026-05-24 14:54:50.579030,26.0,64.0,99,0,0,100
2026-05-24 14:54:51.586844,27.0,64.0,100,0,0,100
2026-05-24 14:54:52.640048,27.0,64.0,100,0,0,100
2026-05-24 14:54:53.639402,27.0,64.0,100,0,0,100
2026-05-24 14:54:54.690515,27.0,64.0,99,0,0,100
2026-05-24 14:54:55.689104,27.0,64.0,100,0,0,100
2026-05-24 14:54:56.753383,27.0,64.0,100,0,0,100
2026-05-24 14:54:57.743738,27.0,64.0,100,0,0,100
2026-05-24 14:54:58.838710,27.0,64.0,99,0,0,100
2026-05-24 14:54:59.837557,27.0,64.0,100,0,0,100
2026-05-24 14:55:00.891639,27.0,64.0,100,0,0,100
2026-05-24 14:55:01.899946,27.0,64.0,100,0,0,100
2026-05-24 14:55:02.944030,27.0,64.0,100,0,0,100
2026-05-24 14:55:03.943821,27.0,64.0,100,0,0,100
2026-05-24 14:55:05.002092,27.0,64.0,100,0,0,100
2026-05-24 14:55:05.999696,27.0,64.0,100,0,0,100
2026-05-24 14:55:07.065731,27.0,64.0,100,0,0,100
2026-05-24 14:55:08.057736,27.0,64.0,100,0,0,100
2026-05-24 14:55:09.156703,27.0,64.0,99,0,0,100
2026-05-24 14:55:10.176601,27.0,64.0,100,0,0,100
2026-05-24 14:55:11.214132,27.0,64.0,99,0,0,100
2026-05-24 14:55:12.227674,27.0,64.0,100,0,0,100
2026-05-24 14:55:13.275809,27.0,64.0,100,0,0,100
2026-05-24 14:55:14.274717,27.0,64.0,100,0,0,100
2026-05-24 14:55:15.330466,27.0,64.0,100,0,0,100
2026-05-24 14:55:16.331297,27.0,64.0,100,0,0,100
2026-05-24 14:55:17.392518,27.0,64.0,100,0,0,100
2026-05-24 14:55:18.385137,27.0,64.0,100,0,0,100
2026-05-24 14:55:19.475311,27.0,64.0,99,0,0,100
2026-05-24 14:55:20.474521,27.0,64.0,100,0,0,100
2026-05-24 14:55:21.528883,27.0,64.0,100,0,0,100
2026-05-24 14:55:22.542465,27.0,64.0,100,0,0,100
2026-05-24 14:55:23.542016,27.0,64.0,100,0,0,100
2026-05-24 14:55:24.530807,27.0,64.0,100,0,0,100
2026-05-24 14:55:25.638851,27.0,64.0,100,0,0,100
2026-05-24 14:55:26.637309,27.0,64.0,100,0,0,100
2026-05-24 14:55:27.702545,27.0,64.0,100,0,0,100
2026-05-24 14:55:28.711884,27.0,64.0,100,0,0,100
2026-05-24 14:55:29.760878,27.0,64.0,99,0,0,100
2026-05-24 14:55:30.760540,27.0,64.0,100,0,0,100
2026-05-24 14:55:31.813273,27.0,64.0,100,0,0,100
2026-05-24 14:55:32.814077,27.0,64.0,100,0,0,100
2026-05-24 14:55:33.880750,27.0,64.0,99,0,0,100
2026-05-24 14:55:34.869926,27.0,64.0,100,0,0,100
2026-05-24 14:55:35.958837,27.0,64.0,100,0,0,100
2026-05-24 14:55:36.958463,27.0,64.0,100,0,0,100
2026-05-24 14:55:38.016858,27.0,63.0,100,0,0,100
2026-05-24 14:55:39.024781,27.0,64.0,100,0,0,100
2026-05-24 14:55:40.043414,27.0,63.0,100,0,0,100
2026-05-24 14:55:41.043105,27.0,64.0,100,0,0,100
2026-05-24 14:55:42.095101,27.0,63.0,100,0,0,100
2026-05-24 14:55:43.094116,27.0,63.0,100,0,0,100
2026-05-24 14:55:44.219256,27.0,64.0,100,0,0,100
2026-05-24 14:55:45.153743,27.0,63.0,100,0,0,100
2026-05-24 14:55:46.151949,27.0,63.0,100,0,0,100
2026-05-24 14:55:47.151997,27.0,63.0,100,0,0,100
2026-05-24 14:55:48.152126,27.0,63.0,100,0,0,100
2026-05-24 14:55:49.160275,27.0,63.0,100,0,0,100
2026-05-24 14:55:50.163038,27.0,64.0,99,0,0,100
2026-05-24 14:55:51.219856,27.0,63.0,100,0,0,100
2026-05-24 14:55:52.222457,27.0,63.0,100,0,0,100
2026-05-24 14:55:53.274441,27.0,63.0,100,0,0,100
2026-05-24 14:55:54.273848,27.0,63.0,99,0,0,100
2026-05-24 14:55:55.336674,27.0,63.0,100,0,0,100
2026-05-24 14:55:56.328245,27.0,64.0,100,0,0,100
2026-05-24 14:55:57.419392,27.0,63.0,100,0,0,100
2026-05-24 14:55:58.420229,27.0,63.0,99,0,0,100
2026-05-24 14:55:59.421339,27.0,63.0,100,0,0,100
2026-05-24 14:56:00.420704,27.0,63.0,100,0,0,100
2026-05-24 14:56:01.490885,27.0,63.0,100,0,0,100
2026-05-24 14:56:02.478669,27.0,63.0,100,0,0,100
2026-05-24 14:56:03.580514,27.0,63.0,99,0,0,100
2026-05-24 14:56:04.581111,27.0,63.0,100,0,0,100
2026-05-24 14:56:05.642515,27.0,63.0,100,0,0,100
2026-05-24 14:56:06.650135,27.0,63.0,100,0,0,100
2026-05-24 14:56:07.707414,27.0,64.0,100,0,0,100
2026-05-24 14:56:08.702392,27.0,63.0,100,0,0,100
2026-05-24 14:56:09.790825,27.0,63.0,100,0,0,100
2026-05-24 14:56:10.789952,27.0,63.0,100,0,0,100
2026-05-24 14:56:11.844428,27.0,63.0,100,0,0,100
2026-05-24 14:56:12.852873,27.0,63.0,99,0,0,100
2026-05-24 14:56:13.898727,27.0,63.0,100,0,0,100
2026-05-24 14:56:14.899224,27.0,63.0,100,0,0,100
2026-05-24 14:56:15.955251,27.0,63.0,100,0,0,100
2026-05-24 14:56:16.953954,27.0,63.0,99,0,0,100
2026-05-24 14:56:18.018963,27.0,63.0,100,0,0,100
2026-05-24 14:56:19.025571,27.0,63.0,100,0,0,100
2026-05-24 14:56:20.101496,27.0,63.0,100,0,0,100
2026-05-24 14:56:21.100485,27.0,63.0,99,0,0,100
2026-05-24 14:56:22.159782,27.0,64.0,100,0,0,100
2026-05-24 14:56:23.160182,27.0,64.0,99,0,0,100
2026-05-24 14:56:24.227433,27.0,63.0,100,0,0,100
2026-05-24 14:56:25.224467,27.0,63.0,100,0,0,100
2026-05-24 14:56:26.314159,27.0,64.0,100,0,0,100
2026-05-24 14:56:27.314465,27.0,63.0,99,0,0,100
2026-05-24 14:56:28.370205,27.0,63.0,100,0,0,100
2026-05-24 14:56:29.377588,27.0,63.0,100,0,0,100
2026-05-24 14:56:30.426262,27.0,63.0,100,0,0,100
2026-05-24 14:56:31.425953,27.0,63.0,99,0,0,100
2026-05-24 14:56:32.479493,27.0,63.0,100,0,0,100
2026-05-24 14:56:33.479602,27.0,63.0,100,0,0,100
2026-05-24 14:56:34.551258,27.0,63.0,100,0,0,100
2026-05-24 14:56:35.550514,27.0,63.0,100,0,0,100
2026-05-24 14:56:36.644629,27.0,63.0,99,0,0,100
2026-05-24 14:56:37.642808,27.0,63.0,98,0,0,100
2026-05-24 14:56:38.698218,27.0,63.0,99,0,0,100
2026-05-24 14:56:39.696327,27.0,63.0,100,0,0,100
2026-05-24 14:56:40.733894,27.0,63.0,100,0,0,100
2026-05-24 14:56:41.724334,27.0,63.0,100,0,0,100
2026-05-24 14:56:42.820288,27.0,63.0,99,0,0,100
2026-05-24 14:56:43.821014,27.0,63.0,100,0,0,100
2026-05-24 14:56:44.872117,27.0,63.0,100,0,0,100
2026-05-24 14:56:45.883188,27.0,63.0,99,0,0,100
2026-05-24 14:56:46.928525,27.0,63.0,100,0,0,100
2026-05-24 14:56:47.926921,27.0,63.0,100,0,0,100
2026-05-24 14:56:48.984905,27.0,63.0,100,0,0,100
2026-05-24 14:56:49.983148,27.0,63.0,99,0,0,100
2026-05-24 14:56:51.056550,27.0,63.0,100,0,0,100
2026-05-24 14:56:52.044797,27.0,63.0,100,0,0,100
2026-05-24 14:56:53.157398,27.0,63.0,100,0,0,100
2026-05-24 14:56:54.156508,27.0,63.0,99,0,0,100
2026-05-24 14:56:55.215739,27.0,63.0,100,0,0,100
2026-05-24 14:56:56.227512,27.0,63.0,100,0,0,100
2026-05-24 14:56:57.274393,27.0,63.0,99,0,0,100
2026-05-24 14:56:58.272828,27.0,63.0,99,0,0,100
2026-05-24 14:56:59.330010,27.0,63.0,100,0,0,100
2026-05-24 14:57:00.327051,27.0,63.0,99,0,0,100
2026-05-24 14:57:01.399670,27.0,63.0,100,0,0,100
2026-05-24 14:57:02.391370,27.0,63.0,100,0,0,100
2026-05-24 14:57:03.479542,27.0,63.0,100,0,0,100
2026-05-24 14:57:04.479105,27.0,63.0,100,0,0,100
2026-05-24 14:57:05.535402,27.0,63.0,100,0,0,100
2026-05-24 14:57:06.545255,27.0,63.0,100,0,0,100
2026-05-24 14:57:07.591110,27.0,63.0,100,0,0,100
2026-05-24 14:57:08.589789,27.0,63.0,100,0,0,100
2026-05-24 14:57:09.648431,27.0,63.0,100,0,0,100
2026-05-24 14:57:10.647899,27.0,63.0,100,0,0,100
2026-05-24 14:57:11.716262,27.0,63.0,100,0,0,100
2026-05-24 14:57:12.704714,27.0,63.0,99,0,0,100
2026-05-24 14:57:13.794390,27.0,63.0,100,0,0,100
2026-05-24 14:57:14.794452,27.0,63.0,100,0,0,100
2026-05-24 14:57:15.847665,27.0,63.0,100,0,0,100
2026-05-24 14:57:16.858746,27.0,63.0,100,0,0,100
2026-05-24 14:57:17.902136,27.0,63.0,100,0,0,100
2026-05-24 14:57:18.906494,27.0,63.0,100,0,0,100
2026-05-24 14:57:19.957272,27.0,63.0,99,0,0,100
2026-05-24 14:57:20.956726,27.0,63.0,100,0,0,100
2026-05-24 14:57:22.021257,27.0,63.0,100,0,0,100
2026-05-24 14:57:23.010102,27.0,63.0,99,0,0,100
2026-05-24 14:57:24.107462,27.0,63.0,100,0,0,100
2026-05-24 14:57:25.106724,27.0,63.0,100,0,0,100
2026-05-24 14:57:26.162116,27.0,63.0,100,0,0,100
2026-05-24 14:57:27.172588,27.0,63.0,99,0,0,100
2026-05-24 14:57:28.223023,27.0,63.0,100,0,0,100
2026-05-24 14:57:29.220001,27.0,63.0,99,0,0,100
2026-05-24 14:57:30.277233,27.0,63.0,100,0,0,100
2026-05-24 14:57:31.276923,27.0,63.0,99,0,0,100
2026-05-24 14:57:32.342437,27.0,64.0,100,0,0,100
2026-05-24 14:57:33.331492,27.0,64.0,100,0,0,100
2026-05-24 14:57:34.425670,27.0,64.0,100,0,0,100
2026-05-24 14:57:35.425133,27.0,64.0,100,0,0,100
2026-05-24 14:57:36.494018,27.0,64.0,100,0,0,100
2026-05-24 14:57:37.499810,27.0,64.0,100,0,0,100
2026-05-24 14:57:38.549426,27.0,64.0,100,0,0,100
2026-05-24 14:57:39.548725,27.0,64.0,99,0,0,100
2026-05-24 14:57:40.605299,27.0,64.0,100,0,0,100
2026-05-24 14:57:41.611252,27.0,64.0,98,0,0,100
2026-05-24 14:57:42.674947,27.0,64.0,100,0,0,100
2026-05-24 14:57:43.675754,27.0,64.0,100,0,0,100
2026-05-24 14:57:44.755259,27.0,64.0,100,0,0,100
2026-05-24 14:57:45.756806,27.0,64.0,100,0,0,100
2026-05-24 14:57:46.811135,27.0,64.0,100,0,0,100
2026-05-24 14:57:47.814951,27.0,64.0,100,0,0,100
2026-05-24 14:57:48.871035,27.0,64.0,100,0,0,100
2026-05-24 14:57:49.866487,27.0,64.0,100,0,0,100
2026-05-24 14:57:50.964687,27.0,64.0,100,0,0,100
2026-05-24 14:57:51.964675,27.0,64.0,100,0,0,100
2026-05-24 14:57:53.052987,27.0,64.0,100,0,0,100
2026-05-24 14:57:54.032879,27.0,64.0,100,0,0,100
2026-05-24 14:57:55.062344,27.0,64.0,100,0,0,100
2026-05-24 14:57:56.062113,27.0,63.0,100,0,0,100
2026-05-24 14:57:57.126920,27.0,64.0,100,0,0,100
2026-05-24 14:57:58.127806,27.0,63.0,100,0,0,100
2026-05-24 14:57:59.237066,27.0,63.0,100,0,0,100
2026-05-24 14:58:00.227427,27.0,63.0,100,0,0,100
2026-05-24 14:58:01.229908,27.0,63.0,99,0,0,100
2026-05-24 14:58:02.229660,27.0,63.0,99,0,0,100
2026-05-24 14:58:03.282883,27.0,64.0,100,0,0,100
2026-05-24 14:58:04.283281,27.0,63.0,99,0,0,100
2026-05-24 14:58:05.359702,27.0,63.0,100,0,0,100
2026-05-24 14:58:06.348300,27.0,63.0,100,0,0,100
2026-05-24 14:58:07.443477,27.0,63.0,100,0,0,100
2026-05-24 14:58:08.440734,27.0,63.0,100,0,0,100
2026-05-24 14:58:09.498624,27.0,63.0,100,0,0,100
2026-05-24 14:58:10.508154,27.0,63.0,100,0,0,100
2026-05-24 14:58:11.556771,27.0,63.0,100,0,0,100
2026-05-24 14:58:12.555645,27.0,63.0,100,0,0,100
2026-05-24 14:58:13.618986,27.0,63.0,99,0,0,100
2026-05-24 14:58:14.618987,27.0,63.0,99,0,0,100
2026-05-24 14:58:15.692235,27.0,63.0,100,0,0,100
2026-05-24 14:58:16.682342,27.0,63.0,100,0,0,100
2026-05-24 14:58:17.780115,27.0,63.0,100,0,0,100
2026-05-24 14:58:18.780592,27.0,63.0,100,0,0,100
2026-05-24 14:58:19.837288,27.0,63.0,99,0,0,100
2026-05-24 14:58:20.844716,27.0,63.0,100,0,0,100
2026-05-24 14:58:21.897574,27.0,63.0,100,0,0,100
2026-05-24 14:58:22.888807,27.0,63.0,100,0,0,100
2026-05-24 14:58:23.979542,27.0,63.0,100,0,0,100
2026-05-24 14:58:24.979746,27.0,63.0,100,0,0,100
2026-05-24 14:58:26.031775,27.0,63.0,100,0,0,100
2026-05-24 14:58:27.039215,27.0,63.0,100,0,0,100
2026-05-24 14:58:28.095223,27.0,63.0,100,0,0,100
2026-05-24 14:58:29.096489,27.0,63.0,100,0,0,100
2026-05-24 14:58:30.180295,27.0,63.0,100,0,0,100
2026-05-24 14:58:31.177978,27.0,63.0,99,0,0,100
2026-05-24 14:58:32.233417,27.0,63.0,100,0,0,100
2026-05-24 14:58:33.233075,27.0,63.0,100,0,0,100
2026-05-24 14:58:34.299948,27.0,63.0,100,0,0,100
2026-05-24 14:58:35.291215,27.0,63.0,99,0,0,100
2026-05-24 14:58:36.392805,27.0,63.0,100,0,0,100
2026-05-24 14:58:37.396170,27.0,63.0,100,0,0,100
2026-05-24 14:58:38.449362,27.0,63.0,100,0,0,100
2026-05-24 14:58:39.459008,27.0,63.0,100,0,0,100
2026-05-24 14:58:40.503761,27.0,63.0,100,0,0,100
2026-05-24 14:58:41.502761,27.0,63.0,100,0,0,100
2026-05-24 14:58:42.560351,27.0,63.0,100,0,0,100
2026-05-24 14:58:43.561135,27.0,63.0,98,0,0,100
2026-05-24 14:58:44.631411,27.0,63.0,100,0,0,100
2026-05-24 14:58:45.620630,27.0,63.0,100,0,0,100
2026-05-24 14:58:46.722707,27.0,64.0,100,0,0,100
2026-05-24 14:58:47.722943,27.0,63.0,100,0,0,100
2026-05-24 14:58:48.776457,27.0,63.0,100,0,0,100
2026-05-24 14:58:49.784479,27.0,63.0,100,0,0,100
2026-05-24 14:58:50.830795,27.0,63.0,100,0,0,100
2026-05-24 14:58:51.832201,27.0,63.0,100,0,0,100
2026-05-24 14:58:52.890085,27.0,63.0,100,0,0,100
2026-05-24 14:58:53.888599,27.0,63.0,100,0,0,100
2026-05-24 14:58:54.959541,27.0,63.0,100,0,0,100
2026-05-24 14:58:55.949118,27.0,63.0,100,0,0,100
2026-05-24 14:58:57.042387,27.0,63.0,100,0,0,100
2026-05-24 14:58:58.046439,27.0,63.0,100,0,0,100
2026-05-24 14:58:59.096948,27.0,63.0,100,0,0,100
2026-05-24 14:59:00.108161,27.0,63.0,100,0,0,100
2026-05-24 14:59:01.155109,27.0,63.0,100,0,0,100
2026-05-24 14:59:02.158312,27.0,63.0,100,0,0,100
2026-05-24 14:59:03.215422,27.0,63.0,99,0,0,100
2026-05-24 14:59:04.212207,27.0,63.0,100,0,0,100
2026-05-24 14:59:05.281660,27.0,63.0,100,0,0,100
2026-05-24 14:59:06.272027,27.0,63.0,100,0,0,100
2026-05-24 14:59:07.362609,27.0,63.0,100,0,0,100
2026-05-24 14:59:08.362815,27.0,63.0,99,0,0,100
2026-05-24 14:59:09.427884,27.0,63.0,100,0,0,100
2026-05-24 14:59:10.428954,27.0,63.0,100,0,0,100
2026-05-24 14:59:11.502869,27.0,63.0,100,0,0,100
2026-05-24 14:59:12.501893,27.0,63.0,100,0,0,100
2026-05-24 14:59:13.558289,27.0,63.0,100,0,0,100
2026-05-24 14:59:14.558522,27.0,63.0,99,0,0,100
2026-05-24 14:59:15.619324,27.0,63.0,100,0,0,100
2026-05-24 14:59:16.626222,27.0,63.0,100,0,0,100
2026-05-24 14:59:17.699437,27.0,63.0,100,0,0,100
2026-05-24 14:59:18.698671,27.0,63.0,100,0,0,100
2026-05-24 14:59:19.754230,27.0,63.0,100,0,0,100
2026-05-24 14:59:20.754246,27.0,63.0,99,0,0,100
2026-05-24 14:59:21.816439,27.0,63.0,100,0,0,100
2026-05-24 14:59:22.807639,27.0,63.0,99,0,0,100
2026-05-24 14:59:23.908389,27.0,63.0,100,0,0,100
2026-05-24 14:59:24.908809,27.0,63.0,100,0,0,100
2026-05-24 14:59:25.963891,27.0,63.0,100,0,0,100
2026-05-24 14:59:26.974660,27.0,63.0,100,0,0,100
2026-05-24 14:59:28.022046,27.0,63.0,100,0,0,100
2026-05-24 14:59:29.017173,27.0,63.0,100,0,0,100
2026-05-24 14:59:30.081416,27.0,63.0,100,0,0,100
2026-05-24 14:59:31.080108,27.0,63.0,100,0,0,100
2026-05-24 14:59:32.148674,27.0,63.0,100,0,0,100
2026-05-24 14:59:33.136188,27.0,63.0,100,0,0,100
2026-05-24 14:59:34.228044,27.0,63.0,100,0,0,100
2026-05-24 14:59:35.230054,27.0,63.0,99,0,0,100
2026-05-24 14:59:36.286171,27.0,63.0,100,0,0,100
2026-05-24 14:59:37.291253,27.0,63.0,100,0,0,100
2026-05-24 14:59:38.340613,27.0,63.0,100,0,0,100
2026-05-24 14:59:39.449892,27.0,63.0,99,0,0,100
2026-05-24 14:59:40.447915,27.0,63.0,100,0,0,100
2026-05-24 14:59:41.448307,27.0,63.0,100,0,0,100
2026-05-24 14:59:42.509221,27.0,63.0,99,0,0,100
2026-05-24 14:59:43.502256,27.0,63.0,99,0,0,100
2026-05-24 14:59:44.597634,27.0,63.0,100,0,0,100
2026-05-24 14:59:45.597874,27.0,63.0,100,0,0,100
2026-05-24 14:59:46.652437,27.0,63.0,100,0,0,100
2026-05-24 14:59:47.662397,27.0,63.0,100,0,0,100
2026-05-24 14:59:48.709806,27.0,63.0,100,0,0,100
2026-05-24 14:59:49.709736,27.0,63.0,100,0,0,100
2026-05-24 14:59:50.765488,27.0,63.0,100,0,0,100
2026-05-24 14:59:51.765419,27.0,63.0,100,0,0,100
2026-05-24 14:59:52.831712,27.0,63.0,100,0,0,100
2026-05-24 14:59:53.821610,27.0,63.0,99,0,0,100
2026-05-24 14:59:54.929420,27.0,63.0,100,0,0,100
2026-05-24 14:59:55.927431,27.0,63.0,100,0,0,100
2026-05-24 14:59:56.983823,27.0,63.0,100,0,0,100
2026-05-24 14:59:57.993425,27.0,63.0,100,0,0,100
2026-05-24 14:59:59.053511,27.0,63.0,99,0,0,100
2026-05-24 15:00:00.095598,27.0,63.0,100,0,0,100
2026-05-24 15:00:01.131704,27.0,63.0,98,0,0,100
2026-05-24 15:00:02.138042,27.0,63.0,100,0,0,100
2026-05-24 15:00:03.187198,27.0,63.0,100,0,0,100
2026-05-24 15:00:04.199313,27.0,63.0,100,0,0,100
2026-05-24 15:00:05.244536,27.0,63.0,97,0,0,100
2026-05-24 15:00:06.246551,27.0,63.0,100,0,0,100
2026-05-24 15:00:07.301428,27.0,63.0,100,0,0,100
2026-05-24 15:00:08.298436,27.0,63.0,99,0,0,100
2026-05-24 15:00:09.372267,27.0,63.0,100,0,0,100
2026-05-24 15:00:10.361135,27.0,63.0,100,0,0,100
2026-05-24 15:00:11.477285,27.0,63.0,100,0,0,100
2026-05-24 15:00:12.478615,27.0,63.0,100,0,0,100
2026-05-24 15:00:13.534778,27.0,63.0,100,0,0,100
2026-05-24 15:00:14.544947,27.0,63.0,100,0,0,100
2026-05-24 15:00:15.593777,27.0,63.0,100,0,0,100
2026-05-24 15:00:16.592155,27.0,63.0,99,0,0,100
2026-05-24 15:00:17.652739,27.0,63.0,100,0,0,100
2026-05-24 15:00:18.652876,27.0,63.0,100,0,0,100
2026-05-24 15:00:19.718640,27.0,63.0,100,0,0,100
2026-05-24 15:00:20.709421,27.0,63.0,100,0,0,100
2026-05-24 15:00:21.798272,27.0,63.0,100,0,0,100
2026-05-24 15:00:22.798808,27.0,63.0,100,0,0,100
2026-05-24 15:00:23.852672,27.0,63.0,100,0,0,100
2026-05-24 15:00:24.863034,27.0,63.0,100,0,0,100
2026-05-24 15:00:25.902497,27.0,63.0,100,0,0,100
2026-05-24 15:00:26.903151,27.0,63.0,99,0,0,100
2026-05-24 15:00:27.955829,27.0,63.0,100,0,0,100
2026-05-24 15:00:28.955765,27.0,63.0,99,0,0,100
2026-05-24 15:00:30.015238,27.0,63.0,100,0,0,100
2026-05-24 15:00:31.008013,27.0,63.0,100,0,0,100
2026-05-24 15:00:32.102811,27.0,63.0,100,0,0,100
2026-05-24 15:00:33.101696,27.0,63.0,100,0,0,100
2026-05-24 15:00:34.155749,27.0,63.0,100,0,0,100
2026-05-24 15:00:35.164756,27.0,63.0,100,0,0,100
2026-05-24 15:00:36.209671,27.0,63.0,100,0,0,100
2026-05-24 15:00:37.210189,27.0,63.0,100,0,0,100
2026-05-24 15:00:38.267920,27.0,63.0,100,0,0,100
2026-05-24 15:00:39.267128,27.0,63.0,100,0,0,100
2026-05-24 15:00:40.331090,27.0,63.0,100,0,0,100
2026-05-24 15:00:41.320765,27.0,63.0,100,0,0,100
2026-05-24 15:00:42.380839,27.0,63.0,100,0,0,100
2026-05-24 15:00:43.381382,27.0,63.0,99,0,0,100
2026-05-24 15:00:44.435944,27.0,63.0,100,0,0,100
2026-05-24 15:00:45.446616,27.0,63.0,100,0,0,100
2026-05-24 15:00:46.499993,27.0,63.0,100,0,0,100
2026-05-24 15:00:47.490788,27.0,63.0,100,0,0,100
2026-05-24 15:00:48.580996,27.0,63.0,100,0,0,100
2026-05-24 15:00:49.581336,27.0,63.0,100,0,0,100
2026-05-24 15:00:50.583574,27.0,63.0,100,0,0,100
2026-05-24 15:00:51.592764,27.0,63.0,100,0,0,100
2026-05-24 15:00:52.642713,27.0,63.0,100,0,0,100
2026-05-24 15:00:53.641718,27.0,63.0,100,0,0,100
2026-05-24 15:00:54.706562,27.0,63.0,100,0,0,100
2026-05-24 15:00:55.706215,27.0,63.0,100,0,0,100
2026-05-24 15:00:56.772485,27.0,63.0,100,0,0,100
2026-05-24 15:00:57.761647,27.0,63.0,100,0,0,100
2026-05-24 15:00:58.856131,27.0,63.0,100,0,0,100
2026-05-24 15:00:59.856319,27.0,63.0,100,0,0,100
2026-05-24 15:01:00.910921,27.0,63.0,100,0,0,100
2026-05-24 15:01:01.922657,27.0,63.0,99,0,0,100
2026-05-24 15:01:02.975378,27.0,63.0,100,0,0,100
2026-05-24 15:01:03.966193,27.0,63.0,100,0,0,100
2026-05-24 15:01:05.057872,27.0,63.0,100,0,0,100
2026-05-24 15:01:06.056978,27.0,63.0,100,0,0,100
2026-05-24 15:01:07.115353,27.0,63.0,100,0,0,100
2026-05-24 15:01:08.124013,27.0,63.0,100,0,0,100
2026-05-24 15:01:09.168016,27.0,63.0,100,0,0,100
2026-05-24 15:01:10.178518,27.0,63.0,100,0,0,100
2026-05-24 15:01:11.220852,27.0,63.0,100,0,0,100
2026-05-24 15:01:12.221029,27.0,63.0,100,0,0,100
2026-05-24 15:01:13.289366,27.0,63.0,100,0,0,100
2026-05-24 15:01:14.298407,27.0,63.0,100,0,0,100
2026-05-24 15:01:15.374510,27.0,63.0,100,0,0,100
2026-05-24 15:01:16.372372,27.0,63.0,100,0,0,100
2026-05-24 15:01:17.430775,27.0,63.0,99,0,0,100
2026-05-24 15:01:18.443126,27.0,63.0,100,0,0,100
2026-05-24 15:01:19.485397,27.0,63.0,100,0,0,100
2026-05-24 15:01:20.485970,27.0,63.0,100,0,0,100
2026-05-24 15:01:21.546196,27.0,63.0,99,0,0,100
2026-05-24 15:01:22.548056,27.0,63.0,100,0,0,100
2026-05-24 15:01:23.609612,27.0,63.0,100,0,0,100
2026-05-24 15:01:24.600598,27.0,63.0,100,0,0,100
2026-05-24 15:01:25.700542,27.0,63.0,100,0,0,100
2026-05-24 15:01:26.701975,27.0,63.0,99,0,0,100
2026-05-24 15:01:27.752213,27.0,63.0,98,0,0,100
2026-05-24 15:01:28.761917,27.0,63.0,99,0,0,100
2026-05-24 15:01:29.806397,27.0,63.0,100,0,0,100
2026-05-24 15:01:30.806075,27.0,63.0,98,0,0,100
2026-05-24 15:01:31.863474,27.0,63.0,99,0,0,100
2026-05-24 15:01:32.864414,27.0,63.0,100,0,0,100
2026-05-24 15:01:33.924259,27.0,63.0,100,0,0,100
2026-05-24 15:01:34.914908,27.0,63.0,99,0,0,100
2026-05-24 15:01:36.007130,27.0,63.0,100,0,0,100
2026-05-24 15:01:37.008141,27.0,63.0,100,0,0,100
2026-05-24 15:01:38.060515,27.0,63.0,100,0,0,100
2026-05-24 15:01:39.070645,27.0,63.0,100,0,0,100
2026-05-24 15:01:40.111854,27.0,63.0,100,0,0,100
2026-05-24 15:01:41.112670,27.0,63.0,100,0,0,100
2026-05-24 15:01:42.167541,27.0,63.0,100,0,0,100
2026-05-24 15:01:43.170447,27.0,63.0,100,0,0,100
2026-05-24 15:01:44.228520,27.0,63.0,98,0,0,100
2026-05-24 15:01:45.221766,27.0,63.0,99,0,0,100
2026-05-24 15:01:46.308401,27.0,63.0,99,0,0,100
2026-05-24 15:01:47.307779,27.0,63.0,100,0,0,100
2026-05-24 15:01:48.362949,27.0,63.0,99,0,0,100
2026-05-24 15:01:49.373019,27.0,63.0,100,0,0,100
2026-05-24 15:01:50.416997,27.0,63.0,100,0,0,100
2026-05-24 15:01:51.416278,27.0,63.0,100,0,0,100
2026-05-24 15:01:52.469369,27.0,63.0,100,0,0,100
2026-05-24 15:01:53.468640,27.0,63.0,100,0,0,100
2026-05-24 15:01:54.533622,27.0,63.0,99,0,0,100
2026-05-24 15:01:55.530526,27.0,63.0,99,0,0,100
2026-05-24 15:01:56.619827,27.0,63.0,99,0,0,100
2026-05-24 15:01:57.618714,27.0,63.0,100,0,0,100
2026-05-24 15:01:58.671395,27.0,63.0,100,0,0,100
2026-05-24 15:01:59.677858,27.0,63.0,100,0,0,100
2026-05-24 15:02:00.732899,27.0,63.0,100,0,0,100
2026-05-24 15:02:01.737091,27.0,63.0,100,0,0,100
2026-05-24 15:02:02.789961,27.0,63.0,100,0,0,100
2026-05-24 15:02:03.791030,27.0,63.0,100,0,0,100
2026-05-24 15:02:04.858992,27.0,63.0,100,0,0,100
2026-05-24 15:02:05.846039,27.0,63.0,100,0,0,100
2026-05-24 15:02:06.942928,27.0,63.0,100,0,0,100
2026-05-24 15:02:07.944451,27.0,63.0,100,0,0,100
2026-05-24 15:02:08.999027,27.0,63.0,100,0,0,100
2026-05-24 15:02:10.007328,27.0,63.0,99,0,0,100
2026-05-24 15:02:11.052953,27.0,63.0,100,0,0,100
2026-05-24 15:02:12.053837,27.0,63.0,100,0,0,100
2026-05-24 15:02:13.108230,27.0,63.0,100,0,0,100
2026-05-24 15:02:14.107470,27.0,63.0,100,0,0,100
2026-05-24 15:02:15.179066,27.0,63.0,99,0,0,100
2026-05-24 15:02:16.162807,27.0,63.0,99,0,0,100
2026-05-24 15:02:17.271279,27.0,63.0,100,0,0,100
2026-05-24 15:02:18.270282,27.0,63.0,100,0,0,100
2026-05-24 15:02:19.333987,27.0,63.0,100,0,0,100
2026-05-24 15:02:20.346888,27.0,63.0,99,0,0,100
2026-05-24 15:02:21.395228,27.0,63.0,100,0,0,100
2026-05-24 15:02:22.394471,27.0,63.0,99,0,0,100
2026-05-24 15:02:23.454243,27.0,63.0,100,0,0,100
2026-05-24 15:02:24.450231,27.0,63.0,100,0,0,100
2026-05-24 15:02:25.523613,27.0,63.0,100,0,0,100
2026-05-24 15:02:26.510384,27.0,63.0,99,0,0,100
2026-05-24 15:02:27.619840,27.0,63.0,100,0,0,100
2026-05-24 15:02:28.621902,27.0,63.0,100,0,0,100
2026-05-24 15:02:29.669961,27.0,63.0,97,0,0,100
2026-05-24 15:02:30.678598,27.0,63.0,100,0,0,100
2026-05-24 15:02:31.730142,27.0,63.0,99,0,0,100
2026-05-24 15:02:32.721657,27.0,63.0,100,0,0,100
2026-05-24 15:02:33.814655,27.0,63.0,100,0,0,100
2026-05-24 15:02:34.814487,27.0,63.0,99,0,0,100
2026-05-24 15:02:35.868087,27.0,63.0,100,0,0,100
2026-05-24 15:02:36.876704,27.0,63.0,100,0,0,100
2026-05-24 15:02:37.923996,27.0,63.0,100,0,0,100
2026-05-24 15:02:38.925745,27.0,63.0,100,0,0,100
2026-05-24 15:02:39.981897,27.0,63.0,100,0,0,100
2026-05-24 15:02:40.979908,27.0,63.0,100,0,0,100
2026-05-24 15:02:42.044488,27.0,63.0,100,0,0,100
2026-05-24 15:02:43.034515,27.0,63.0,99,0,0,100
2026-05-24 15:02:44.085679,27.0,63.0,100,0,0,100
2026-05-24 15:02:45.086201,27.0,63.0,99,0,0,100
2026-05-24 15:02:46.142920,27.0,63.0,100,0,0,100
2026-05-24 15:02:47.143361,27.0,63.0,100,0,0,100
2026-05-24 15:02:48.197735,27.0,63.0,100,0,0,100
2026-05-24 15:02:49.198542,27.0,63.0,100,0,0,100
2026-05-24 15:02:50.251640,27.0,63.0,100,0,0,100
2026-05-24 15:02:51.251430,27.0,63.0,100,0,0,100
2026-05-24 15:02:52.314092,27.0,63.0,100,0,0,100
2026-05-24 15:02:53.306108,27.0,63.0,99,0,0,100
2026-05-24 15:02:54.386899,27.0,63.0,100,0,0,100
2026-05-24 15:02:55.384873,27.0,63.0,99,0,0,100
2026-05-24 15:02:56.443798,27.0,63.0,99,0,0,100
2026-05-24 15:02:57.453696,27.0,63.0,99,0,0,100
2026-05-24 15:02:58.497462,27.0,63.0,100,0,0,100
2026-05-24 15:02:59.499176,27.0,63.0,99,0,0,100
2026-05-24 15:03:00.553535,27.0,63.0,100,0,0,100
2026-05-24 15:03:01.551556,27.0,63.0,99,0,0,100
2026-05-24 15:03:02.621822,27.0,63.0,100,0,0,100
2026-05-24 15:03:03.617990,27.0,63.0,100,0,0,100
2026-05-24 15:03:04.706294,27.0,63.0,100,0,0,100
2026-05-24 15:03:05.705077,27.0,63.0,99,0,0,100
2026-05-24 15:03:06.757033,27.0,63.0,100,0,0,100
2026-05-24 15:03:07.756602,27.0,63.0,100,0,0,100
2026-05-24 15:03:08.820841,27.0,63.0,100,0,0,100
2026-05-24 15:03:09.810803,27.0,63.0,99,0,0,100
2026-05-24 15:03:10.909085,27.0,63.0,100,0,0,100
2026-05-24 15:03:11.914135,27.0,63.0,99,0,0,100
2026-05-24 15:03:12.962637,27.0,63.0,99,0,0,100
2026-05-24 15:03:13.971773,27.0,63.0,100,0,0,100
2026-05-24 15:03:15.030416,27.0,63.0,100,0,0,100
2026-05-24 15:03:16.021048,27.0,63.0,100,0,0,100
2026-05-24 15:03:17.113110,27.0,63.0,100,0,0,100
2026-05-24 15:03:18.118330,27.0,63.0,99,0,0,100
2026-05-24 15:03:19.172063,27.0,63.0,100,0,0,100
2026-05-24 15:03:20.179066,27.0,63.0,100,0,0,100
2026-05-24 15:03:21.232591,27.0,63.0,99,0,0,100
2026-05-24 15:03:22.237867,27.0,63.0,100,0,0,100
2026-05-24 15:03:23.293893,27.0,63.0,99,0,0,100
2026-05-24 15:03:24.291670,27.0,63.0,99,0,0,100
2026-05-24 15:03:25.372933,27.0,63.0,100,0,0,100
2026-05-24 15:03:26.360936,27.0,63.0,100,0,0,100
2026-05-24 15:03:27.469922,27.0,63.0,100,0,0,100
2026-05-24 15:03:28.468567,27.0,63.0,100,0,0,100
2026-05-24 15:03:29.523108,27.0,63.0,100,0,0,100
2026-05-24 15:03:30.530698,27.0,63.0,100,0,0,100
2026-05-24 15:03:31.578036,27.0,63.0,100,0,0,100
2026-05-24 15:03:32.584750,27.0,63.0,100,0,0,100
2026-05-24 15:03:33.638694,27.0,63.0,100,0,0,100
2026-05-24 15:03:34.638366,27.0,63.0,99,0,0,100
2026-05-24 15:03:35.703735,27.0,63.0,100,0,0,100
2026-05-24 15:03:36.691774,27.0,63.0,100,0,0,100
2026-05-24 15:03:37.785920,27.0,63.0,100,0,0,100
2026-05-24 15:03:38.786090,27.0,63.0,100,0,0,100
2026-05-24 15:03:39.842961,27.0,63.0,99,0,0,100
2026-05-24 15:03:40.852565,27.0,63.0,100,0,0,100
2026-05-24 15:03:41.896156,27.0,63.0,100,0,0,100
2026-05-24 15:03:42.898555,27.0,63.0,100,0,0,100
2026-05-24 15:03:43.958073,27.0,63.0,100,0,0,100
2026-05-24 15:03:44.952930,27.0,63.0,100,0,0,100
2026-05-24 15:03:46.025024,27.0,63.0,100,0,0,100
2026-05-24 15:03:47.026335,27.0,63.0,100,0,0,100
2026-05-24 15:03:48.102883,27.0,63.0,100,0,0,100
2026-05-24 15:03:49.101993,27.0,63.0,100,0,0,100
2026-05-24 15:03:50.155319,27.0,63.0,100,0,0,100
2026-05-24 15:03:51.155664,27.0,63.0,100,0,0,100
2026-05-24 15:03:52.218904,27.0,63.0,100,0,0,100
2026-05-24 15:03:53.212079,27.0,63.0,100,0,0,100
2026-05-24 15:03:54.314607,27.0,63.0,100,0,0,100
2026-05-24 15:03:55.316721,27.0,63.0,99,0,0,100
2026-05-24 15:03:56.368268,27.0,63.0,100,0,0,100
2026-05-24 15:03:57.378699,27.0,63.0,100,0,0,100
2026-05-24 15:03:58.432772,27.0,63.0,100,0,0,100
2026-05-24 15:03:59.422174,27.0,63.0,100,0,0,100
2026-05-24 15:04:00.517163,27.0,63.0,100,0,0,100
2026-05-24 15:04:01.515142,27.0,63.0,100,0,0,100
2026-05-24 15:04:02.608073,27.0,63.0,100,0,0,100
2026-05-24 15:04:03.621853,27.0,63.0,99,0,0,100
2026-05-24 15:04:04.674137,27.0,63.0,100,0,0,100
2026-05-24 15:04:05.664863,27.0,63.0,99,0,0,100
2026-05-24 15:04:06.753491,27.0,63.0,100,0,0,100
2026-05-24 15:04:07.753571,27.0,63.0,100,0,0,100
2026-05-24 15:04:08.806217,27.0,63.0,99,0,0,100
2026-05-24 15:04:09.817120,27.0,63.0,100,0,0,100
2026-05-24 15:04:10.860697,27.0,63.0,100,0,0,100
2026-05-24 15:04:11.860230,27.0,63.0,99,0,0,100
2026-05-24 15:04:12.915140,27.0,63.0,100,0,0,100
2026-05-24 15:04:13.914679,27.0,63.0,98,0,0,100
2026-05-24 15:04:14.974802,27.0,63.0,100,0,0,100
2026-05-24 15:04:15.975225,27.0,63.0,99,0,0,100
2026-05-24 15:04:16.980301,27.0,63.0,100,0,0,100
2026-05-24 15:04:17.969070,27.0,63.0,99,0,0,100
2026-05-24 15:04:19.066956,27.0,63.0,100,0,0,100
2026-05-24 15:04:20.069497,27.0,63.0,100,0,0,100
2026-05-24 15:04:21.122227,27.0,63.0,100,0,0,100
2026-05-24 15:04:22.129623,27.0,63.0,100,0,0,100
2026-05-24 15:04:23.180401,27.0,63.0,99,0,0,100
2026-05-24 15:04:24.178602,27.0,63.0,100,0,0,100
2026-05-24 15:04:25.240122,27.0,63.0,100,0,0,100
2026-05-24 15:04:26.240490,27.0,63.0,100,0,0,100
2026-05-24 15:04:27.299886,27.0,63.0,100,0,0,100
2026-05-24 15:04:28.314711,27.0,63.0,100,0,0,100
2026-05-24 15:04:29.356276,27.0,63.0,100,0,0,100
2026-05-24 15:04:30.356971,27.0,63.0,100,0,0,100
2026-05-24 15:04:31.414113,27.0,63.0,99,0,0,100
2026-05-24 15:04:32.418013,27.0,63.0,100,0,0,100
2026-05-24 15:04:33.479806,27.0,63.0,100,0,0,100
2026-05-24 15:04:34.470699,27.0,63.0,99,0,0,100
2026-05-24 15:04:35.560110,27.0,63.0,100,0,0,100
2026-05-24 15:04:36.562744,27.0,63.0,100,0,0,100
2026-05-24 15:04:37.615593,27.0,63.0,100,0,0,100
2026-05-24 15:04:38.624091,27.0,63.0,100,0,0,100
2026-05-24 15:04:39.667919,27.0,63.0,100,0,0,100
2026-05-24 15:04:40.668086,27.0,63.0,100,0,0,100
2026-05-24 15:04:41.725825,27.0,63.0,100,0,0,100
2026-05-24 15:04:42.724453,27.0,63.0,100,0,0,100
2026-05-24 15:04:43.795573,27.0,63.0,100,0,0,100
2026-05-24 15:04:44.792932,27.0,63.0,100,0,0,100
2026-05-24 15:04:45.844182,27.0,63.0,100,0,0,100
2026-05-24 15:04:46.841948,27.0,63.0,100,0,0,100
2026-05-24 15:04:47.898024,27.0,63.0,98,0,0,100
2026-05-24 15:04:48.898001,27.0,63.0,99,0,0,100
2026-05-24 15:04:49.962543,27.0,63.0,100,0,0,100
2026-05-24 15:04:50.952710,27.0,63.0,99,0,0,100
2026-05-24 15:04:52.045385,27.0,63.0,100,0,0,100
2026-05-24 15:04:53.044027,27.0,63.0,100,0,0,100
2026-05-24 15:04:54.098997,27.0,63.0,100,0,0,100
2026-05-24 15:04:55.112801,27.0,63.0,100,0,0,100
2026-05-24 15:04:56.152221,27.0,63.0,100,0,0,100
2026-05-24 15:04:57.152867,27.0,63.0,100,0,0,100
2026-05-24 15:04:58.206185,27.0,63.0,100,0,0,100
2026-05-24 15:04:59.204453,27.0,63.0,99,0,0,100
2026-05-24 15:05:00.270190,27.0,63.0,100,0,0,100
2026-05-24 15:05:01.265242,27.0,63.0,100,0,0,100
2026-05-24 15:05:02.357676,27.0,63.0,100,0,0,100
2026-05-24 15:05:03.356729,27.0,63.0,100,0,0,100
2026-05-24 15:05:04.412250,27.0,63.0,99,0,0,100
2026-05-24 15:05:05.420669,27.0,63.0,99,0,0,100
2026-05-24 15:05:06.467822,27.0,63.0,100,0,0,100
2026-05-24 15:05:07.469146,27.0,63.0,100,0,0,100
2026-05-24 15:05:08.524446,27.0,63.0,100,0,0,100
2026-05-24 15:05:09.523313,27.0,63.0,100,0,0,100
2026-05-24 15:05:10.602606,27.0,63.0,100,0,0,100
2026-05-24 15:05:11.578098,27.0,63.0,100,0,0,100
2026-05-24 15:05:12.579855,27.0,63.0,100,0,0,100
2026-05-24 15:05:13.581949,27.0,63.0,100,0,0,100
2026-05-24 15:05:14.579161,27.0,63.0,100,0,0,100
2026-05-24 15:05:15.644988,27.0,63.0,100,0,0,100
2026-05-24 15:05:16.654234,27.0,63.0,100,0,0,100
2026-05-24 15:05:17.706320,27.0,63.0,100,0,0,100
2026-05-24 15:05:18.701985,27.0,63.0,100,0,0,100
2026-05-24 15:05:19.763281,27.0,63.0,100,0,0,100
2026-05-24 15:05:20.763629,27.0,63.0,100,0,0,100
2026-05-24 15:05:21.830925,27.0,63.0,100,0,0,100
2026-05-24 15:05:22.823308,27.0,63.0,100,0,0,100
2026-05-24 15:05:23.925992,27.0,63.0,100,0,0,100
2026-05-24 15:05:24.925788,27.0,63.0,100,0,0,100
2026-05-24 15:05:25.979126,27.0,63.0,99,0,0,100
2026-05-24 15:05:26.991123,27.0,63.0,100,0,0,100
2026-05-24 15:05:27.986264,27.0,63.0,100,0,0,100
2026-05-24 15:05:28.982711,27.0,63.0,99,0,0,100
2026-05-24 15:05:30.044957,27.0,63.0,100,0,0,100
2026-05-24 15:05:31.047063,27.0,63.0,99,0,0,100
2026-05-24 15:05:32.124579,27.0,63.0,100,0,0,100
2026-05-24 15:05:33.108783,27.0,63.0,100,0,0,100
2026-05-24 15:05:35.211169,27.0,63.0,100,0,0,100
2026-05-24 15:05:36.246482,27.0,63.0,99,0,0,100
2026-05-24 15:05:37.255910,27.0,63.0,100,0,0,100
2026-05-24 15:05:38.301467,27.0,63.0,100,0,0,100
2026-05-24 15:05:39.300043,27.0,63.0,100,0,0,100
2026-05-24 15:05:40.362217,27.0,63.0,100,0,0,100
2026-05-24 15:05:41.358350,27.0,63.0,100,0,0,100
2026-05-24 15:05:42.432525,27.0,63.0,100,0,0,100
2026-05-24 15:05:43.421962,27.0,63.0,100,0,0,100
2026-05-24 15:05:44.518054,27.0,63.0,100,0,0,100
2026-05-24 15:05:45.517418,27.0,63.0,100,0,0,100
2026-05-24 15:05:46.546200,27.0,63.0,100,0,0,100
2026-05-24 15:05:47.549225,27.0,63.0,100,0,0,100
2026-05-24 15:05:48.602239,27.0,63.0,100,0,0,100
2026-05-24 15:05:49.601518,27.0,63.0,100,0,0,100
2026-05-24 15:05:50.658837,27.0,63.0,100,0,0,100
2026-05-24 15:05:51.658007,27.0,63.0,100,0,0,100
2026-05-24 15:05:52.719377,27.0,63.0,100,0,0,100
2026-05-24 15:05:53.720289,27.0,63.0,100,0,0,100
2026-05-24 15:05:54.798853,27.0,63.0,100,0,0,100
2026-05-24 15:05:55.800671,27.0,63.0,100,0,0,100
2026-05-24 15:05:56.854274,27.0,63.0,100,0,0,100
2026-05-24 15:05:57.852432,27.0,63.0,100,0,0,100
2026-05-24 15:05:58.920047,27.0,63.0,100,0,0,100
2026-05-24 15:05:59.910295,27.0,63.0,100,0,0,100
2026-05-24 15:06:01.011659,27.0,63.0,100,0,0,100
2026-05-24 15:06:02.014525,27.0,63.0,99,0,0,100
2026-05-24 15:06:03.064155,27.0,63.0,100,0,0,100
2026-05-24 15:06:04.077506,27.0,63.0,100,0,0,100
2026-05-24 15:06:05.125384,27.0,63.0,100,0,0,100
2026-05-24 15:06:06.125329,27.0,63.0,100,0,0,100
2026-05-24 15:06:07.181821,27.0,63.0,100,0,0,100
2026-05-24 15:06:08.181871,27.0,63.0,100,0,0,100
2026-05-24 15:06:09.248380,27.0,63.0,99,0,0,100
2026-05-24 15:06:10.237440,27.0,63.0,100,0,0,100
2026-05-24 15:06:11.341920,27.0,63.0,100,0,0,100
2026-05-24 15:06:12.332369,27.0,63.0,100,0,0,100
2026-05-24 15:06:13.426228,27.0,63.0,100,0,0,100
2026-05-24 15:06:14.431065,27.0,63.0,100,0,0,100
2026-05-24 15:06:15.478795,27.0,63.0,99,0,0,100
2026-05-24 15:06:16.478574,27.0,63.0,100,0,0,100
2026-05-24 15:06:17.532996,27.0,63.0,100,0,0,100
2026-05-24 15:06:18.534893,27.0,63.0,100,0,0,100
2026-05-24 15:06:19.604385,27.0,63.0,100,0,0,100
2026-05-24 15:06:20.589933,27.0,63.0,99,0,0,100
2026-05-24 15:06:21.615160,27.0,63.0,100,0,0,100
2026-05-24 15:06:22.613927,27.0,63.0,100,0,0,100
2026-05-24 15:06:23.669367,27.0,63.0,99,0,0,100
2026-05-24 15:06:24.668622,27.0,63.0,100,0,0,100
2026-05-24 15:06:25.733763,27.0,63.0,100,0,0,100
2026-05-24 15:06:26.724115,27.0,63.0,100,0,0,100
2026-05-24 15:06:27.811848,27.0,63.0,100,0,0,100
2026-05-24 15:06:28.812424,27.0,63.0,100,0,0,100
2026-05-24 15:06:29.863778,27.0,63.0,100,0,0,100
2026-05-24 15:06:30.874431,27.0,63.0,100,0,0,100
2026-05-24 15:06:31.922268,27.0,63.0,100,0,0,100
2026-05-24 15:06:32.918939,27.0,63.0,100,0,0,100
2026-05-24 15:06:33.975505,27.0,63.0,100,0,0,100
2026-05-24 15:06:34.976123,27.0,63.0,100,0,0,100
2026-05-24 15:06:36.058573,27.0,63.0,100,0,0,100
2026-05-24 15:06:37.027515,27.0,63.0,100,0,0,100
2026-05-24 15:06:38.118443,27.0,63.0,100,0,0,100
2026-05-24 15:06:39.117116,27.0,63.0,100,0,0,100
2026-05-24 15:06:40.189058,27.0,63.0,100,0,0,100
2026-05-24 15:06:41.192462,27.0,63.0,100,0,0,100
2026-05-24 15:06:42.248212,27.0,63.0,100,0,0,100
2026-05-24 15:06:43.248736,27.0,63.0,99,0,0,100
2026-05-24 15:06:44.306496,27.0,63.0,99,0,0,100
2026-05-24 15:06:45.306848,27.0,63.0,100,0,0,100
2026-05-24 15:06:46.372145,27.0,63.0,100,0,0,100
2026-05-24 15:06:47.362665,27.0,63.0,99,0,0,100
2026-05-24 15:06:48.455262,27.0,63.0,100,0,0,100
2026-05-24 15:06:49.456862,27.0,63.0,100,0,0,100
2026-05-24 15:06:50.515071,27.0,63.0,99,0,0,100
2026-05-24 15:06:51.521448,27.0,63.0,100,0,0,100
2026-05-24 15:06:52.577805,27.0,63.0,99,0,0,100
2026-05-24 15:06:53.580572,27.0,63.0,100,0,0,100
2026-05-24 15:06:54.664810,27.0,63.0,100,0,0,100
2026-05-24 15:06:55.663609,27.0,63.0,100,0,0,100
2026-05-24 15:06:56.718146,27.0,63.0,99,0,0,100
2026-05-24 15:06:57.718896,27.0,63.0,100,0,0,100
2026-05-24 15:06:58.783136,27.0,63.0,100,0,0,100
2026-05-24 15:06:59.772655,27.0,63.0,100,0,0,100
2026-05-24 15:07:00.870935,27.0,63.0,100,0,0,100
2026-05-24 15:07:01.875167,27.0,63.0,100,0,0,100
2026-05-24 15:07:02.927986,27.0,63.0,100,0,0,100
2026-05-24 15:07:03.938499,27.0,63.0,100,0,0,100
2026-05-24 15:07:04.982489,27.0,63.0,100,0,0,100
2026-05-24 15:07:07.037826,27.0,63.0,100,0,0,100
2026-05-24 15:07:08.037100,27.0,63.0,100,0,0,100
2026-05-24 15:07:09.038603,27.0,63.0,99,0,0,100
2026-05-24 15:07:10.037721,27.0,63.0,100,0,0,100
2026-05-24 15:07:11.122002,27.0,63.0,99,0,0,100
2026-05-24 15:07:12.122211,27.0,63.0,100,0,0,100
2026-05-24 15:07:13.183654,27.0,63.0,100,0,0,100
2026-05-24 15:07:14.192148,27.0,63.0,100,0,0,100
2026-05-24 15:07:15.239831,27.0,63.0,100,0,0,100
2026-05-24 15:07:16.240067,27.0,63.0,100,0,0,100
2026-05-24 15:07:17.294269,27.0,63.0,100,0,0,100
2026-05-24 15:07:18.381467,27.0,63.0,100,0,0,100
2026-05-24 15:07:19.452210,27.0,63.0,100,0,0,100
2026-05-24 15:07:20.451524,27.0,63.0,100,0,0,100
2026-05-24 15:07:21.546237,27.0,63.0,99,0,0,100
2026-05-24 15:07:22.534820,27.0,63.0,100,0,0,100
2026-05-24 15:07:23.639316,27.0,63.0,100,0,0,100
2026-05-24 15:07:24.738051,27.0,63.0,100,0,0,100
2026-05-24 15:07:25.801889,27.0,63.0,100,0,0,100
2026-05-24 15:07:26.813452,27.0,63.0,100,0,0,100
2026-05-24 15:07:27.862879,27.0,63.0,100,0,0,100
2026-05-24 15:07:28.858719,27.0,63.0,100,0,0,100
2026-05-24 15:07:29.916636,27.0,63.0,100,0,0,100
2026-05-24 15:07:30.918053,27.0,63.0,100,0,0,100
2026-05-24 15:07:31.978602,27.0,63.0,100,0,0,100
2026-05-24 15:07:32.969957,27.0,63.0,100,0,0,100
2026-05-24 15:07:34.063964,27.0,63.0,98,0,0,100
2026-05-24 15:07:35.063714,27.0,61.0,100,0,0,100
2026-05-24 15:07:36.118134,27.0,63.0,100,0,0,100
2026-05-24 15:07:37.127471,27.0,63.0,100,0,0,100
2026-05-24 15:07:38.187221,27.0,63.0,100,0,0,100
2026-05-24 15:07:39.175924,27.0,63.0,100,0,0,100
2026-05-24 15:07:40.285118,27.0,63.0,99,0,0,100
2026-05-24 15:07:41.284193,27.0,63.0,100,0,0,100
2026-05-24 15:07:42.339500,27.0,63.0,99,0,0,100
2026-05-24 15:07:43.352450,27.0,63.0,100,0,0,100
2026-05-24 15:07:44.414968,27.0,63.0,99,0,0,100
2026-05-24 15:07:45.398018,27.0,63.0,100,0,0,100
2026-05-24 15:07:46.482806,27.0,63.0,100,0,0,100
2026-05-24 15:07:47.481882,27.0,63.0,100,0,0,100
2026-05-24 15:07:48.586265,27.0,63.0,100,0,0,100
2026-05-24 15:07:49.556902,27.0,63.0,100,0,0,100
2026-05-24 15:07:50.548379,27.0,63.0,100,0,0,100
2026-05-24 15:07:51.539228,27.0,63.0,100,0,0,100
2026-05-24 15:07:52.539320,27.0,63.0,100,0,0,100
2026-05-24 15:07:53.539031,27.0,63.0,100,0,0,100
2026-05-24 15:07:54.542640,27.0,63.0,100,0,0,100
2026-05-24 15:07:55.593480,27.0,63.0,100,0,0,100
2026-05-24 15:07:56.602004,27.0,63.0,99,0,0,100
2026-05-24 15:07:57.660252,27.0,61.0,99,0,0,100
2026-05-24 15:07:58.660998,27.0,63.0,100,0,0,100
2026-05-24 15:07:59.722799,27.0,63.0,100,0,0,100
2026-05-24 15:08:00.722449,27.0,61.0,100,0,0,100
2026-05-24 15:08:01.792486,27.0,61.0,99,0,0,100
2026-05-24 15:08:02.781918,27.0,63.0,100,0,0,100
2026-05-24 15:08:03.873114,27.0,61.0,100,0,0,100
2026-05-24 15:08:04.873021,27.0,63.0,100,0,0,100
2026-05-24 15:08:05.928735,27.0,61.0,100,0,0,100
2026-05-24 15:08:06.938440,27.0,61.0,100,0,0,100
2026-05-24 15:08:07.983004,27.0,61.0,100,0,0,100
2026-05-24 15:08:08.982418,27.0,61.0,99,0,0,100
2026-05-24 15:08:10.040370,27.0,61.0,100,0,0,100
2026-05-24 15:08:11.040659,27.0,61.0,100,0,0,100
2026-05-24 15:08:12.109903,27.0,61.0,100,0,0,100
2026-05-24 15:08:13.097592,27.0,61.0,100,0,0,100
2026-05-24 15:08:14.201812,27.0,61.0,99,0,0,100
2026-05-24 15:08:15.203730,27.0,61.0,100,0,0,100
2026-05-24 15:08:16.258429,27.0,61.0,98,0,0,100
2026-05-24 15:08:17.268908,27.0,61.0,100,0,0,100
2026-05-24 15:08:18.320071,27.0,61.0,100,0,0,100
2026-05-24 15:08:19.310317,27.0,61.0,100,0,0,100
2026-05-24 15:08:20.403564,27.0,61.0,100,0,0,100
2026-05-24 15:08:21.402789,27.0,61.0,100,0,0,100
2026-05-24 15:08:22.456098,27.0,61.0,100,0,0,100
2026-05-24 15:08:23.464059,27.0,61.0,100,0,0,100
2026-05-24 15:08:24.509901,27.0,61.0,99,0,0,100
2026-05-24 15:08:25.510377,27.0,61.0,99,0,0,100
2026-05-24 15:08:26.567535,27.0,61.0,100,0,0,100
2026-05-24 15:08:27.566135,27.0,61.0,100,0,0,100
2026-05-24 15:08:28.635231,27.0,61.0,100,0,0,100
2026-05-24 15:08:29.624842,27.0,61.0,99,0,0,100
2026-05-24 15:08:30.721462,27.0,61.0,100,0,0,100
2026-05-24 15:08:31.720144,27.0,61.0,99,0,0,100
2026-05-24 15:08:32.777012,27.0,61.0,100,0,0,100
2026-05-24 15:08:33.787396,27.0,61.0,100,0,0,100
2026-05-24 15:08:34.827475,27.0,61.0,100,0,0,100
2026-05-24 15:08:35.827570,27.0,61.0,99,0,0,100
2026-05-24 15:08:36.887739,27.0,61.0,100,0,0,100
2026-05-24 15:08:37.886720,27.0,61.0,100,0,0,100
2026-05-24 15:08:38.947334,27.0,61.0,100,0,0,100
2026-05-24 15:08:39.938431,27.0,61.0,100,0,0,100
2026-05-24 15:08:42.029806,27.0,61.0,100,0,0,100
2026-05-24 15:08:43.059790,27.0,61.0,100,0,0,100
2026-05-24 15:08:44.062599,27.0,61.0,100,0,0,100
2026-05-24 15:08:45.116855,27.0,61.0,100,0,0,100
2026-05-24 15:08:46.117831,27.0,61.0,100,0,0,100
2026-05-24 15:08:47.181690,27.0,61.0,100,0,0,100
2026-05-24 15:08:48.184648,27.0,61.0,99,0,0,100
2026-05-24 15:08:49.249690,27.0,61.0,99,0,0,100
2026-05-24 15:08:50.238996,27.0,61.0,99,0,0,100
2026-05-24 15:08:51.331808,27.0,63.0,99,0,0,100
2026-05-24 15:08:52.331918,27.0,61.0,100,0,0,100
2026-05-24 15:08:53.390813,27.0,61.0,100,0,0,100
2026-05-24 15:08:54.399734,27.0,61.0,99,0,0,100
2026-05-24 15:08:55.455506,27.0,61.0,100,0,0,100
2026-05-24 15:08:56.455559,27.0,61.0,99,0,0,100
2026-05-24 15:08:57.520019,27.0,61.0,99,0,0,100
2026-05-24 15:08:58.518161,27.0,61.0,100,0,0,100
2026-05-24 15:08:59.599201,27.0,63.0,100,0,0,100
2026-05-24 15:09:00.587734,27.0,61.0,99,0,0,100
2026-05-24 15:09:01.698074,27.0,61.0,100,0,0,100
2026-05-24 15:09:02.695138,27.0,63.0,99,0,0,100
2026-05-24 15:09:03.755732,27.0,63.0,100,0,0,100
2026-05-24 15:09:04.765433,27.0,63.0,100,0,0,100
2026-05-24 15:09:05.823857,27.0,63.0,100,0,0,100
2026-05-24 15:09:06.814105,27.0,63.0,100,0,0,100
2026-05-24 15:09:07.910282,27.0,63.0,100,0,0,100
2026-05-24 15:09:08.910050,27.0,63.0,99,0,0,100
2026-05-24 15:09:09.967833,27.0,63.0,100,0,0,100
2026-05-24 15:09:10.978123,27.0,63.0,100,0,0,100
2026-05-24 15:09:12.021535,27.0,63.0,100,0,0,100
2026-05-24 15:09:13.020045,27.0,63.0,100,0,0,100
2026-05-24 15:09:14.075002,27.0,63.0,99,0,0,100
2026-05-24 15:09:15.075551,27.0,63.0,99,0,0,100
2026-05-24 15:09:16.130814,27.0,61.0,100,0,0,100
2026-05-24 15:09:17.140044,27.0,63.0,100,0,0,100
2026-05-24 15:09:18.186153,27.0,63.0,100,0,0,100
2026-05-24 15:09:19.185857,27.0,63.0,99,0,0,100
2026-05-24 15:09:20.238695,27.0,61.0,100,0,0,100
2026-05-24 15:09:21.239988,27.0,61.0,100,0,0,100
2026-05-24 15:09:22.240585,27.0,61.0,99,0,0,100
2026-05-24 15:09:23.239789,27.0,61.0,100,0,0,100
2026-05-24 15:09:24.319419,27.0,61.0,100,0,0,100
2026-05-24 15:09:25.319695,27.0,61.0,100,0,0,100
2026-05-24 15:09:26.370132,27.0,61.0,100,0,0,100
2026-05-24 15:09:27.379534,27.0,61.0,100,0,0,100
2026-05-24 15:09:28.426335,27.0,61.0,100,0,0,100
2026-05-24 15:09:29.427485,27.0,61.0,100,0,0,100
2026-05-24 15:09:30.493157,27.0,61.0,100,0,0,100
2026-05-24 15:09:31.494268,27.0,61.0,99,0,0,100
2026-05-24 15:09:32.560429,27.0,61.0,100,0,0,100
2026-05-24 15:09:33.551821,27.0,61.0,100,0,0,100
2026-05-24 15:09:34.649989,27.0,61.0,100,0,0,100
2026-05-24 15:09:35.650018,27.0,61.0,99,0,0,100
2026-05-24 15:09:36.709141,27.0,61.0,100,0,0,100
2026-05-24 15:09:37.718216,27.0,61.0,99,0,0,100
2026-05-24 15:09:38.771489,27.0,61.0,100,0,0,100
2026-05-24 15:09:39.760065,27.0,61.0,99,0,0,100
2026-05-24 15:09:40.857025,27.0,61.0,100,0,0,100
2026-05-24 15:09:41.856700,27.0,61.0,99,0,0,100
2026-05-24 15:09:42.914947,27.0,61.0,100,0,0,100
2026-05-24 15:09:43.923298,27.0,61.0,100,0,0,100
2026-05-24 15:09:44.970760,27.0,61.0,100,0,0,100
2026-05-24 15:09:45.972340,27.0,61.0,99,0,0,100
2026-05-24 15:09:47.023472,27.0,61.0,99,0,0,100
2026-05-24 15:09:48.023026,27.0,61.0,100,0,0,100
2026-05-24 15:09:49.084682,27.0,61.0,100,0,0,100
2026-05-24 15:09:50.076452,27.0,61.0,98,0,0,100
2026-05-24 15:09:51.165028,27.0,61.0,100,0,0,100
2026-05-24 15:09:52.165109,27.0,61.0,100,0,0,100
2026-05-24 15:09:53.224452,27.0,61.0,100,0,0,100
2026-05-24 15:09:54.233987,27.0,61.0,100,0,0,100
2026-05-24 15:09:55.274043,27.0,61.0,100,0,0,100
2026-05-24 15:09:56.273844,27.0,61.0,100,0,0,100
2026-05-24 15:09:57.326573,27.0,61.0,100,0,0,100
2026-05-24 15:09:58.331216,27.0,61.0,100,0,0,100
2026-05-24 15:09:59.396387,27.0,61.0,100,0,0,100
2026-05-24 15:10:00.384342,27.0,61.0,99,0,0,100
2026-05-24 15:10:01.471054,27.0,61.0,97,0,0,100
2026-05-24 15:10:02.475457,27.0,61.0,100,0,0,100
2026-05-24 15:10:03.530413,27.0,61.0,100,0,0,100
2026-05-24 15:10:04.536344,27.0,61.0,100,0,0,100
2026-05-24 15:10:05.587258,27.0,61.0,99,0,0,100
2026-05-24 15:10:06.587152,27.0,63.0,100,0,0,100
2026-05-24 15:10:07.588557,27.0,63.0,100,0,0,100
2026-05-24 15:10:08.590188,27.0,63.0,100,0,0,100
2026-05-24 15:10:09.656555,27.0,61.0,100,0,0,100
2026-05-24 15:10:10.647257,27.0,63.0,100,0,0,100
2026-05-24 15:10:11.744714,27.0,63.0,100,0,0,100
2026-05-24 15:10:12.741896,27.0,61.0,99,0,0,100
2026-05-24 15:10:13.808626,27.0,61.0,100,0,0,100
2026-05-24 15:10:14.822744,27.0,61.0,99,0,0,100
2026-05-24 15:10:15.863136,27.0,61.0,100,0,0,100
2026-05-24 15:10:16.862439,27.0,61.0,99,0,0,100
2026-05-24 15:10:17.920624,27.0,61.0,99,0,0,100
2026-05-24 15:10:18.920049,27.0,61.0,99,0,0,100
2026-05-24 15:10:19.929782,27.0,61.0,100,0,0,100
2026-05-24 15:10:20.921885,27.0,61.0,100,0,0,100
2026-05-24 15:10:22.022055,27.0,63.0,100,0,0,100
2026-05-24 15:10:23.021123,27.0,63.0,100,0,0,100
2026-05-24 15:10:24.022510,27.0,61.0,100,0,0,100
2026-05-24 15:10:25.028682,27.0,61.0,100,0,0,100
2026-05-24 15:10:26.075867,27.0,61.0,100,0,0,100
2026-05-24 15:10:27.076460,27.0,63.0,99,0,0,100
2026-05-24 15:10:28.134683,27.0,61.0,100,0,0,100
2026-05-24 15:10:29.133041,27.0,61.0,100,0,0,100
2026-05-24 15:10:30.194904,27.0,61.0,100,0,0,100
2026-05-24 15:10:31.197500,27.0,61.0,99,0,0,100
2026-05-24 15:10:32.269246,27.0,61.0,100,0,0,100
2026-05-24 15:10:33.269170,27.0,63.0,100,0,0,100
2026-05-24 15:10:34.322969,27.0,61.0,98,0,0,100
2026-05-24 15:10:35.323287,27.0,63.0,99,0,0,100
2026-05-24 15:10:36.386345,27.0,63.0,100,0,0,100
2026-05-24 15:10:37.375779,27.0,63.0,99,0,0,100
2026-05-24 15:10:38.484117,27.0,63.0,100,0,0,100
2026-05-24 15:10:39.483694,27.0,63.0,100,0,0,100
2026-05-24 15:10:40.534397,27.0,63.0,99,0,0,100
2026-05-24 15:10:41.543461,27.0,63.0,99,0,0,100
2026-05-24 15:10:42.589087,27.0,63.0,100,0,0,100
2026-05-24 15:10:43.589627,27.0,63.0,100,0,0,100
2026-05-24 15:10:44.647063,27.0,63.0,100,0,0,100
2026-05-24 15:10:45.646067,27.0,63.0,99,0,0,100
2026-05-24 15:10:46.715570,27.0,63.0,100,0,0,100
2026-05-24 15:10:47.706105,27.0,61.0,99,0,0,100
2026-05-24 15:10:48.767982,27.0,63.0,99,0,0,100
2026-05-24 15:10:49.766450,27.0,63.0,99,0,0,100
2026-05-24 15:10:50.829215,27.0,63.0,100,0,0,100
2026-05-24 15:10:51.840558,27.0,63.0,100,0,0,100
2026-05-24 15:10:52.887751,27.0,63.0,100,0,0,100
2026-05-24 15:10:53.887073,27.0,63.0,100,0,0,100
2026-05-24 15:10:54.942584,27.0,63.0,100,0,0,100
2026-05-24 15:10:55.941261,27.0,63.0,99,0,0,100
2026-05-24 15:10:57.011748,27.0,63.0,100,0,0,100
2026-05-24 15:10:58.002314,27.0,63.0,99,0,0,100
2026-05-24 15:10:59.094026,27.0,63.0,100,0,0,100
2026-05-24 15:11:00.094034,27.0,63.0,99,0,0,100
2026-05-24 15:11:01.150735,27.0,63.0,100,0,0,100
2026-05-24 15:11:02.168077,27.0,63.0,99,0,0,100
2026-05-24 15:11:03.206818,27.0,63.0,99,0,0,100
2026-05-24 15:11:04.205621,27.0,63.0,100,0,0,100
2026-05-24 15:11:05.263222,27.0,63.0,100,0,0,100
2026-05-24 15:11:06.267058,27.0,63.0,100,0,0,100
2026-05-24 15:11:07.342271,27.0,61.0,99,0,0,100
2026-05-24 15:11:08.334506,27.0,63.0,99,0,0,100
2026-05-24 15:11:09.423835,27.0,63.0,100,0,0,100
2026-05-24 15:11:10.423792,27.0,63.0,100,0,0,100
2026-05-24 15:11:11.480217,27.0,63.0,100,0,0,100
2026-05-24 15:11:12.479041,27.0,63.0,100,0,0,100
2026-05-24 15:11:13.550982,27.0,63.0,100,0,0,100
2026-05-24 15:11:14.541399,27.0,63.0,97,0,0,100
2026-05-24 15:11:15.637321,27.0,61.0,100,0,0,100
2026-05-24 15:11:16.638733,27.0,63.0,100,0,0,100
2026-05-24 15:11:17.693415,27.0,63.0,100,0,0,100
2026-05-24 15:11:18.704706,27.0,63.0,100,0,0,100
2026-05-24 15:11:19.757941,27.0,63.0,100,0,0,100
2026-05-24 15:11:20.758856,27.0,63.0,100,0,0,100
2026-05-24 15:11:21.814831,27.0,63.0,100,0,0,100
2026-05-24 15:11:22.815541,27.0,63.0,99,0,0,100
2026-05-24 15:11:23.879251,27.0,63.0,100,0,0,100
2026-05-24 15:11:24.868364,27.0,63.0,100,0,0,100
2026-05-24 15:11:25.954145,27.0,63.0,100,0,0,100
2026-05-24 15:11:26.953116,27.0,63.0,100,0,0,100
2026-05-24 15:11:28.009442,27.0,63.0,100,0,0,100
2026-05-24 15:11:29.019139,27.0,63.0,100,0,0,100
2026-05-24 15:11:30.064935,27.0,63.0,100,0,0,100
2026-05-24 15:11:31.064066,27.0,63.0,100,0,0,100
2026-05-24 15:11:32.115256,27.0,61.0,100,0,0,100
2026-05-24 15:11:33.114995,27.0,63.0,99,0,0,100
2026-05-24 15:11:34.178805,27.0,63.0,100,0,0,100
2026-05-24 15:11:35.174318,27.0,63.0,100,0,0,100
2026-05-24 15:11:36.259402,27.0,63.0,100,0,0,100
2026-05-24 15:11:37.259492,27.0,63.0,100,0,0,100
2026-05-24 15:11:38.314064,27.0,63.0,100,0,0,100
2026-05-24 15:11:39.325645,27.0,63.0,100,0,0,100
2026-05-24 15:11:40.382242,27.0,63.0,100,0,0,100
2026-05-24 15:11:41.370595,27.0,63.0,100,0,0,100
2026-05-24 15:11:42.467963,27.0,63.0,100,0,0,100
2026-05-24 15:11:43.469273,27.0,63.0,99,0,0,100
2026-05-24 15:11:44.526038,27.0,63.0,99,0,0,100
2026-05-24 15:11:45.534964,27.0,63.0,100,0,0,100
2026-05-24 15:11:46.580151,27.0,63.0,100,0,0,100
2026-05-24 15:11:47.580840,27.0,63.0,99,0,0,100
2026-05-24 15:11:48.639202,27.0,63.0,99,0,0,100
2026-05-24 15:11:49.640607,27.0,63.0,99,0,0,100
2026-05-24 15:11:50.707313,27.0,63.0,100,0,0,100
2026-05-24 15:11:51.701684,27.0,63.0,99,0,0,100
2026-05-24 15:11:52.806509,27.0,63.0,100,0,0,100
2026-05-24 15:11:53.806244,27.0,63.0,98,0,0,100
2026-05-24 15:11:54.875253,27.0,63.0,100,0,0,100
2026-05-24 15:11:55.882632,27.0,63.0,100,0,0,100
2026-05-24 15:11:56.925870,27.0,63.0,100,0,0,100
2026-05-24 15:11:57.925927,27.0,63.0,99,0,0,100
2026-05-24 15:11:58.981670,27.0,63.0,100,0,0,100
2026-05-24 15:11:59.983230,27.0,63.0,100,0,0,100
2026-05-24 15:12:01.047271,27.0,63.0,100,0,0,100
2026-05-24 15:12:02.038796,27.0,63.0,99,0,0,100
2026-05-24 15:12:03.120570,27.0,63.0,100,0,0,100
2026-05-24 15:12:04.120471,27.0,63.0,99,0,0,100
2026-05-24 15:12:05.171615,27.0,63.0,100,0,0,100
2026-05-24 15:12:06.270098,27.0,63.0,100,0,0,100
2026-05-24 15:12:07.266002,27.0,63.0,99,0,0,100
2026-05-24 15:12:08.261888,27.0,63.0,100,0,0,100
2026-05-24 15:12:09.266542,27.0,63.0,100,0,0,100
2026-05-24 15:12:10.262816,27.0,63.0,99,0,0,100
2026-05-24 15:12:11.325705,27.0,63.0,100,0,0,100
2026-05-24 15:12:12.321484,27.0,63.0,99,0,0,100
2026-05-24 15:12:13.386438,27.0,63.0,99,0,0,100
2026-05-24 15:12:14.389563,27.0,63.0,100,0,0,100
2026-05-24 15:12:15.446100,27.0,63.0,100,0,0,100
2026-05-24 15:12:16.443260,27.0,63.0,99,0,0,100
2026-05-24 15:12:17.518543,27.0,63.0,100,0,0,100
2026-05-24 15:12:18.523224,27.0,63.0,98,0,0,100
2026-05-24 15:12:19.603667,27.0,63.0,100,0,0,100
2026-05-24 15:12:20.603772,27.0,63.0,99,0,0,100
2026-05-24 15:12:21.663354,27.0,63.0,100,0,0,100
2026-05-24 15:12:22.662892,27.0,63.0,100,0,0,100
2026-05-24 15:12:23.731772,27.0,63.0,100,0,0,100
2026-05-24 15:12:24.724708,27.0,63.0,99,0,0,100
2026-05-24 15:12:25.805140,27.0,63.0,100,0,0,100
2026-05-24 15:12:26.806011,27.0,63.0,99,0,0,100
2026-05-24 15:12:27.864689,27.0,63.0,100,0,0,100
2026-05-24 15:12:28.874699,27.0,63.0,100,0,0,100
2026-05-24 15:12:29.916735,27.0,63.0,100,0,0,100
2026-05-24 15:12:30.922134,27.0,63.0,100,0,0,100
2026-05-24 15:12:31.968509,27.0,63.0,100,0,0,100
2026-05-24 15:12:32.976412,27.0,63.0,99,0,0,100
2026-05-24 15:12:34.027285,27.0,63.0,100,0,0,100
2026-05-24 15:12:35.022023,27.0,63.0,100,0,0,100
2026-05-24 15:12:36.108444,27.0,63.0,99,0,0,100
2026-05-24 15:12:37.108322,27.0,63.0,98,0,0,100
2026-05-24 15:12:38.162969,27.0,63.0,100,0,0,100
2026-05-24 15:12:39.173320,27.0,63.0,99,0,0,100
2026-05-24 15:12:40.219492,27.0,63.0,100,0,0,100
2026-05-24 15:12:41.222103,27.0,63.0,100,0,0,100
2026-05-24 15:12:42.276129,27.0,63.0,100,0,0,100
2026-05-24 15:12:43.275519,27.0,63.0,99,0,0,100
2026-05-24 15:12:44.335029,27.0,63.0,100,0,0,100
2026-05-24 15:12:45.326400,27.0,63.0,100,0,0,100
2026-05-24 15:12:46.423520,27.0,63.0,100,0,0,100
2026-05-24 15:12:47.425077,27.0,63.0,100,0,0,100
2026-05-24 15:12:48.475978,27.0,63.0,100,0,0,100
2026-05-24 15:12:49.489048,27.0,63.0,100,0,0,100
2026-05-24 15:12:50.531461,27.0,63.0,100,0,0,100
2026-05-24 15:12:51.533015,27.0,63.0,100,0,0,100
2026-05-24 15:12:52.586772,27.0,63.0,100,0,0,100
2026-05-24 15:12:53.585168,27.0,63.0,99,0,0,100
2026-05-24 15:12:54.651059,27.0,63.0,100,0,0,100
2026-05-24 15:12:55.643710,27.0,63.0,100,0,0,100
2026-05-24 15:12:56.731716,27.0,63.0,100,0,0,100
2026-05-24 15:12:57.731268,27.0,63.0,100,0,0,100
2026-05-24 15:12:58.785739,27.0,63.0,100,0,0,100
2026-05-24 15:12:59.793775,27.0,63.0,99,0,0,100
2026-05-24 15:13:00.840639,27.0,63.0,100,0,0,100
2026-05-24 15:13:01.843909,27.0,63.0,100,0,0,100
2026-05-24 15:13:02.895998,27.0,63.0,100,0,0,100
2026-05-24 15:13:03.896970,27.0,63.0,100,0,0,100
2026-05-24 15:13:04.955727,27.0,63.0,99,0,0,100
2026-05-24 15:13:05.947303,27.0,63.0,99,0,0,100
2026-05-24 15:13:07.036137,27.0,63.0,100,0,0,100
2026-05-24 15:13:08.036461,27.0,63.0,99,0,0,100
2026-05-24 15:13:09.093471,27.0,63.0,100,0,0,100
2026-05-24 15:13:10.098438,27.0,63.0,100,0,0,100
2026-05-24 15:13:11.151263,27.0,63.0,100,0,0,100
2026-05-24 15:13:12.158407,27.0,63.0,99,0,0,100
2026-05-24 15:13:13.204667,27.0,63.0,100,0,0,100
2026-05-24 15:13:14.204783,27.0,63.0,98,0,0,100
2026-05-24 15:13:15.284371,27.0,63.0,100,0,0,100
2026-05-24 15:13:16.262890,27.0,63.0,100,0,0,100
2026-05-24 15:13:17.365406,27.0,63.0,100,0,0,100
2026-05-24 15:13:18.365217,27.0,63.0,99,0,0,100
2026-05-24 15:13:19.423688,27.0,63.0,100,0,0,100
2026-05-24 15:13:20.439662,27.0,63.0,99,0,0,100
2026-05-24 15:13:21.484164,27.0,63.0,100,0,0,100
2026-05-24 15:13:22.484168,27.0,63.0,100,0,0,100
2026-05-24 15:13:23.540756,27.0,63.0,100,0,0,100
2026-05-24 15:13:24.539190,27.0,63.0,100,0,0,100
2026-05-24 15:13:25.607057,27.0,63.0,100,0,0,100
2026-05-24 15:13:26.596051,27.0,63.0,99,0,0,100
2026-05-24 15:13:27.706081,27.0,63.0,99,0,0,100
2026-05-24 15:13:28.707775,27.0,63.0,100,0,0,100
2026-05-24 15:13:29.764145,27.0,63.0,100,0,0,100
2026-05-24 15:13:30.771737,27.0,63.0,100,0,0,100
2026-05-24 15:13:31.818899,27.0,63.0,100,0,0,100
2026-05-24 15:13:32.818265,27.0,63.0,99,0,0,100
2026-05-24 15:13:33.877098,27.0,63.0,100,0,0,100
2026-05-24 15:13:34.876020,27.0,63.0,100,0,0,100
2026-05-24 15:13:35.939993,27.0,63.0,100,0,0,100
2026-05-24 15:13:36.929687,27.0,63.0,100,0,0,100
2026-05-24 15:13:38.023652,27.0,63.0,100,0,0,100
2026-05-24 15:13:39.023909,27.0,63.0,100,0,0,100
2026-05-24 15:13:40.079951,27.0,63.0,100,0,0,100
2026-05-24 15:13:41.087108,27.0,63.0,99,0,0,100
2026-05-24 15:13:42.137631,27.0,63.0,100,0,0,100
2026-05-24 15:13:43.137573,27.0,63.0,100,0,0,100
2026-05-24 15:13:44.192965,27.0,63.0,100,0,0,100
2026-05-24 15:13:45.193281,27.0,63.0,100,0,0,100
2026-05-24 15:13:46.260950,27.0,63.0,100,0,0,100
2026-05-24 15:13:47.247660,27.0,63.0,100,0,0,100
2026-05-24 15:13:48.367152,27.0,63.0,100,0,0,100
2026-05-24 15:13:49.357109,27.0,63.0,100,0,0,100
